title,year,language,period,opening_weekend_cr,opening_weekend_note,wide_release_flag,genre,genre_primary,certification,cert_subband,has_certification,runtime_minutes,theatrical_release,festival_release,cast,director,production,star_power_flag,star_prior_mean_log,star_prior_count,lead_cast_popularity,popularity,sequel_flag,release_weekday,release_month,rating,rating_count,total_gross,india_net,overseas,budget,budget_cr,sacnilk_slug,wiki_title,tmdb_id
Rangoon,2017,Hindi,pre_covid,14.5,ok,True,"Drama, War",Drama,UA,UA,True,154.0,24 Feb 2017,False,,,,0,2.770042426685697,153,3.0886,1.4379,0,Friday,2,6.083,36.0,₹39.80 Cr,₹20.76 Cr,₹11.78 Cr,₹60.00 Cr,60.0,Rangoon_2017,Rangoon (2017 Hindi film),392271.0
Ok Jaanu,2017,Hindi,pre_covid,13.8,ok,True,"Drama, Romantic",Drama,UA,UA,True,137.0,13 Jan 2017,True,,,,0,2.775863627100792,150,1.8231,1.3883,0,Friday,1,5.815,65.0,₹39.30 Cr,₹23.65 Cr,₹6.45 Cr,₹27.00 Cr,27.0,Ok_Jaanu_2017,Ok Jaanu,413882.0
The Ghazi Attack,2017,Hindi,pre_covid,6.75,ok,True,War,War,UA,UA,True,123.0,17 Feb 2017,False,,,,0,2.7747947265759634,152,12.5964,1.3876,0,Friday,2,7.104,106.0,₹34.50 Cr,₹20.30 Cr,₹7.10 Cr,₹16.00 Cr,16.0,The_Ghazi_Attack_2017,Ghazi (film),442405.0
Jolly LLB 2,2017,Hindi,pre_covid,50.46,ok,True,"Black Comedy, Drama",Black Comedy,UA,U/A,True,137.0,10 Feb 2017,False,Akshay Kumar; Annu Kapoor; Kumud Mishra; Saurabh Shukla; Huma Qureshi,Subhash Kapoor,,1,4.204692619390966,2,2.5409,1.4906,1,Friday,2,6.976,166.0,₹197.33 Cr,₹117.00 Cr,₹34.83 Cr,₹30.00 Cr,30.0,Jolly_LLB_2_2017,Jolly LLB 2,412090.0
Raees,2017,Hindi,pre_covid,43.82,ok,True,"Crime, Thriller",Crime,UA,U/A,True,161.0,25 Jan 2017,False,Shah Rukh Khan; Atul Kulkarni; Narendra Jha; Nawazuddin Siddiqui; Mahira Khan,Rahul Dholakia,,1,4.166524448407605,3,2.6192,2.0058,0,Wednesday,1,6.665,266.0,₹285.00 Cr,₹164.63 Cr,₹57.82 Cr,₹92.00 Cr,92.0,Raees_2017,Raees (2017 film),363343.0
Helicopter Eela,2018,Hindi,pre_covid,2.85,ok,True,Drama,Drama,U,U,True,130.0,12 Oct 2018,False,Atul Kulkarni; Riddhi Sen; Kajol; Neha Dhupia,Pradeep Sarkar,Pen India Limited,1,3.802654468372781,1,2.359,0.7702,0,Friday,10,6.0,16.0,₹7.20 Cr,₹4.52 Cr,₹1.50 Cr,₹15.00 Cr,15.0,Helicopter_Eela_2018,Helicopter Eela,545273.0
Stree,2018,Hindi,pre_covid,32.26,ok,True,"Comedy, Horror",Comedy,UA,U/A,True,122.0,31 Aug 2018,False,Rajkummar Rao; Aparshakti Khurana; Pankaj Tripathi; Abhishek Banerjee; Shraddha Kapoor,Amar Kaushik,Maddock Films,1,2.5273273831915284,2,1.8231,2.7168,0,Friday,8,6.983,210.0,₹182.00 Cr,₹129.83 Cr,₹15.00 Cr,₹30.00 Cr,30.0,Stree_2018,Stree (2018 film),533991.0
Laila Majnu,2018,Hindi,pre_covid,1.8,ok,True,"Drama, Romantic",Drama,UA,U/A,True,140.0,07 Sep 2018,False,Avinash Tiwary; Tripti Dimri,Sajid Ali,Pi Films,1,,0,1.2124,1.7706,0,Friday,9,6.797,32.0,₹3.40 Cr,₹2.72 Cr,₹0.20 Cr,₹10.00 Cr,10.0,Laila_Majnu_2018,Laila Majnu (2018 film),540620.0
Karwaan,2018,Hindi,pre_covid,8.1,ok,True,Drama,Drama,UA,U/A,True,114.0,03 Aug 2018,False,Irrfan Khan; Dulquer Salmaan; Mithila Palkar,Akarsh Khurana,,1,2.163076644585991,3,1.8703,1.0971,0,Friday,8,7.094,117.0,₹29.50 Cr,₹20.32 Cr,₹3.00 Cr,₹20.00 Cr,20.0,Karwaan_2018,Karwaan,533237.0
102 Not Out,2018,Hindi,pre_covid,16.65,ok,True,"Comedy, Drama",Comedy,U,U,True,102.0,04 May 2018,False,Rishi Kapoor; Jimit Trivedi; Paresh Rawal; Amitabh Bachchan,Umesh Shukla,T-Series,1,4.752986530409546,1,1.3777,0.9377,0,Friday,5,7.377,69.0,₹115.68 Cr,₹52.15 Cr,₹48.68 Cr,₹34.00 Cr,34.0,102_Not_Out_2018,102 Not Out,460713.0
Genius,2018,Hindi,pre_covid,2.9,ok,True,"Action, Crime, Drama",Action,UA,U/A,True,165.0,24 Aug 2018,False,Utkarsh Sharma; Nawazuddin Siddiqui; Ishita Chauhan,Anil Sharma,,1,3.489490978416592,4,0.8419,3.2918,0,Friday,8,7.861,870.0,₹7.50 Cr,₹5.97 Cr,₹0.40 Cr,₹30.00 Cr,30.0,Genius_2018,Genius (2018 Hindi film),455714.0
Nanu Ki Jaanu,2018,Hindi,pre_covid,3.1,ok,True,,,UA,UA,True,133.0,06 Apr 2018,False,Abhay Deol; Patralekha,Faraz Haider,,0,,0,1.1211,0.8718,0,Friday,4,5.4,10.0,₹0.00 Cr,₹4.00 Cr,₹0.00 Cr,₹15.00 Cr,15.0,Nanu_Ki_Jaanu_2018,Nanu Ki Jaanu,515189.0
Tumbbad,2018,Hindi,pre_covid,3.25,ok,True,"Mystery, Thriller",Mystery,A,A,True,108.0,12 Oct 2018,False,,,,0,2.711549428169748,176,0.8572,2.6722,0,Friday,10,7.633,350.0,₹52.25 Cr,₹44.05 Cr,₹0.00 Cr,,,Tumbbad_2018,Tumbbad,538858.0
Pihu,2018,Hindi,pre_covid,1.6,ok,True,"Drama, Thriller",Drama,U,U,True,97.0,16 Nov 2018,False,Myra Vishwakarma,Vinod Kapri,,0,,0,0.3252,1.1789,0,Friday,11,7.557,96.0,₹3.70 Cr,₹3.00 Cr,₹0.00 Cr,₹2.00 Cr,2.0,Pihu_2018,Pihu,563987.0
Jalebi,2018,Hindi,pre_covid,2.0,ok,True,"Drama, Romantic",Drama,UA,UA,True,112.0,12 Oct 2018,False,,,,0,2.711549428169748,176,0.7191,1.1703,0,Friday,10,6.5,25.0,₹4.20 Cr,₹3.20 Cr,₹0.00 Cr,,,Jalebi_2018,Jalebi (film),547865.0
Love Sonia,2018,Hindi,pre_covid,1.6,ok,True,Drama,Drama,A,A,True,120.0,14 Sep 2018,False,Rajkummar Rao; Manoj Bajpayee; Anupam Kher; Sai Tamhankar; Richa Chaddha; Mrunal Thakur; Freida Pinto,Tabrez Noorani,,1,4.029181460879552,4,1.729,2.1321,0,Friday,9,7.2,33.0,₹3.33 Cr,₹2.22 Cr,₹0.30 Cr,₹15.00 Cr,15.0,Love_Sonia_2018,Love Sonia,444000.0
Manto,2018,Hindi,pre_covid,1.8,ok,True,"Biopic, Drama",Biopic,UA,U/A,True,117.0,21 Sep 2018,False,Nawazuddin Siddiqui; Ranvir Shorey,Nandita Das,,1,3.063788093360394,5,1.5854,1.1001,0,Friday,9,7.385,52.0,₹3.70 Cr,₹2.72 Cr,₹0.20 Cr,₹10.00 Cr,10.0,Manto_2018,Manto (2018 film),517975.0
Happy Phirr Bhag Jayegi,2018,Hindi,pre_covid,11.78,ok,True,"Comedy, Drama",Comedy,UA,U/A,True,135.0,24 Aug 2018,False,Ali Fazal; Jassi Gill; Jimmy Shergill; Sonakshi Sinha; Diana Penty,Mudassar Aziz,Eros International,1,3.6648428811700704,1,1.5712,0.9173,0,Friday,8,6.375,12.0,₹31.00 Cr,₹21.94 Cr,₹3.00 Cr,₹30.00 Cr,30.0,Happy_Phirr_Bhag_Jayegi_2018,Happy Bhag Jayegi,538112.0
Mulk,2018,Hindi,pre_covid,8.16,ok,True,Drama,Drama,UA,U/A,True,140.0,03 Aug 2018,False,Rishi Kapoor; Taapsee Pannu,Anubhav Sinha,,1,3.6062311293203795,2,2.7656,0.7956,0,Friday,8,6.733,43.0,₹30.50 Cr,₹20.88 Cr,₹3.00 Cr,₹18.00 Cr,18.0,Mulk_2018,Mulk (film),526090.0
Blackmail,2018,Hindi,pre_covid,11.22,ok,True,Comedy,Comedy,UA,U/A,True,139.0,06 Apr 2018,False,Irrfan Khan,Abhinay Deo,T-Series,1,1.993077990007262,2,1.8703,1.145,0,Friday,4,6.8,110.0,₹30.00 Cr,₹20.42 Cr,₹3.00 Cr,₹20.00 Cr,20.0,Blackmail_2018,Blackmail (2018 film),512098.0
Yamla Pagla Deewana: Phir Se,2018,Hindi,pre_covid,6.31,ok,True,"Comedy, Drama",Comedy,UA,U/A,True,148.0,31 Aug 2018,False,Dharmendra; Sunny Deol; Salman Khan; Bobby Deol; Johnny Lever; Kriti Kharbanda,Navaniat Singh,Sunny Sounds Pvt. Ltd.,1,4.554046486927454,7,1.5472,1.1382,0,Friday,8,3.583,12.0,₹17.00 Cr,₹11.70 Cr,₹2.50 Cr,₹30.00 Cr,30.0,Yamla_Pagla_Deewana_Phir_Se_2018,Yamla Pagla Deewana: Phir Se,512180.0
FryDay,2018,Hindi,pre_covid,1.25,ok,True,Comedy,Comedy,UA,U/A,True,123.0,12 Oct 2018,False,Govinda; Varun Sharma; Sanjay Mishra; Rajesh Sharma,Abhishek Dogra,,1,4.189654742026425,1,1.3277,0.8366,0,Friday,10,6.6,5.0,₹2.75 Cr,₹2.07 Cr,₹0.02 Cr,₹15.00 Cr,15.0,FryDay_2018,FryDay,547026.0
Bhaiaji Superhit,2018,Hindi,pre_covid,3.3,ok,True,"Action, Comedy",Action,UA,U/A,True,139.0,23 Nov 2018,False,Arshad Warsi; Sanjay Mishra; Mukul Dev; Sunny Deol; Pankaj Tripathi; Brijendra Kala; Shreyas Talpade; Jaideep Ahlawat; Pankaj Jha; Ameesha Patel; +1 more,Neeraj Pathak,,1,2.500292479121377,2,2.4183,0.7633,0,Friday,11,4.0,5.0,₹8.20 Cr,₹6.50 Cr,₹0.00 Cr,₹40.00 Cr,40.0,Bhaiaji_Superhit_2018,Bhaiaji Superhit,534985.0
Pataakha,2018,Hindi,pre_covid,4.05,ok,True,"Comedy, Drama",Comedy,UA,U/A,True,134.0,28 Sep 2018,False,Vijay Raaz; Sunil Grover; Radhika Madan; Sanya Malhotra,Vishal Bhardwaj,B4U Motion Pictures,1,3.676300671907076,1,0.9919,1.0523,0,Friday,9,6.8,25.0,₹13.30 Cr,₹10.12 Cr,₹0.30 Cr,₹20.00 Cr,20.0,Pataakha_2018,Pataakha,542460.0
Mitron,2018,Hindi,pre_covid,2.3,ok,True,"Comedy, Drama",Comedy,UA,U/A,True,119.0,14 Sep 2018,False,,,,0,2.7202215822251614,175,0.9715,1.3313,0,Friday,9,6.4,11.0,₹5.00 Cr,₹3.60 Cr,₹0.30 Cr,₹15.00 Cr,15.0,Mitron_2018,Mitron,547768.0
5 Weddings,2018,Hindi,pre_covid,1.4,ok,True,"Comedy, Drama, Romantic",Comedy,UA,U/A,True,105.0,26 Oct 2018,False,Rajkummar Rao; Nargis Fakhri,Namrata Singh Gujral,,1,2.286188408488168,4,2.9799,1.0771,1,Friday,10,3.773,11.0,₹4.50 Cr,₹1.74 Cr,₹2.00 Cr,₹20.00 Cr,20.0,5_Weddings_2018,5 Weddings,491627.0
Made in China,2019,Hindi,pre_covid,4.1,ok,True,Comedy,Comedy,,,False,128.0,25 Oct 2019,True,Boman Irani; Rajkummar Rao; Mouni Roy,Mikhil Musale,Maddock Films,1,3.998667156371493,7,,0.5438,0,Friday,10,10.0,1.0,₹16.20 Cr,₹12.30 Cr,₹1.70 Cr,₹25.00 Cr,25.0,Made_in_China_2019,Made in China (2019 film),734315.0
Photograph,2019,Hindi,pre_covid,1.05,ok,True,"Drama, Romantic",Drama,UA,UA,True,108.0,15 Mar 2019,False,Nawazuddin Siddiqui; Sanya Malhotra,Ritesh Batra,,1,4.658331743507039,7,1.0459,1.6561,0,Friday,3,6.7,82.0,₹2.03 Cr,₹1.45 Cr,₹0.21 Cr,₹19.00 Cr,19.0,Photograph_2019,Photograph (film),514586.0
Romeo Akbar Walter,2019,Hindi,pre_covid,22.7,ok,True,Action,Action,UA,U/A,True,139.0,05 Apr 2019,False,John Abraham; Sikandar Kher; Jackie Shroff; Mouni Roy,Robbie Grewal,,1,3.6717447468862177,3,2.0226,1.0851,0,Friday,4,6.136,44.0,₹58.00 Cr,₹42.85 Cr,₹7.50 Cr,₹35.00 Cr,35.0,Romeo_Akbar_Walter_2019,Romeo Akbar Walter,585862.0
Mard Ko Dard Nahi Hota,2019,Hindi,pre_covid,1.2,ok,True,"Action, Comedy",Action,UA,UA,True,138.0,21 Mar 2019,True,Abhimanyu Dassani; Radhika Madan,Vasan Bala,,1,1.6193882432872684,1,0.8702,1.2865,0,Thursday,3,6.725,80.0,₹3.50 Cr,₹2.55 Cr,₹0.50 Cr,₹21.00 Cr,21.0,Mard_Ko_Dard_Nahi_Hota_2019,Mard Ko Dard Nahi Hota,541495.0
India's Most Wanted,2019,Hindi,pre_covid,8.66,ok,True,Thriller,Thriller,UA,U/A,True,123.0,24 May 2019,False,Arjun Kapoor,Raj Kumar Gupta,Fox Star Studios,1,3.0366823887648655,4,0.9582,0.884,0,Friday,5,5.071,14.0,₹18.00 Cr,₹13.20 Cr,₹2.50 Cr,₹30.00 Cr,30.0,Indias_Most_Wanted_2019,India's Most Wanted (film),599598.0
Sonchiriya,2019,Hindi,pre_covid,4.6,ok,True,Crime,Crime,UA,U/A,True,103.0,01 Mar 2019,False,Sushant Singh Rajput; Manoj Bajpayee; Ranvir Shorey; Bhumi Pednekar,Abhishek Chaubey,RSVP Movies,1,3.7816651933171626,5,2.7656,0.9123,0,Friday,3,8.0,43.0,₹8.50 Cr,₹6.66 Cr,₹0.70 Cr,₹30.00 Cr,30.0,Sonchiriya_2019,Sonchiriya,535144.0
Commando 3,2019,Hindi,pre_covid,18.33,ok,True,Action,Action,UA,UA,True,134.0,29 Nov 2019,False,Vidyut Jammwal; Adah Sharma,Aditya Dutt,,1,2.6979998588266594,1,1.4582,1.1722,1,Friday,11,7.0,40.0,₹9.80 Cr,₹32.04 Cr,₹2.00 Cr,₹40.00 Cr,40.0,Commando_3_2019,Commando 3 (film),606599.0
Mission Mangal,2019,Hindi,pre_covid,68.4,ok,True,Drama,Drama,U,U,True,127.0,15 Aug 2019,True,Akshay Kumar; Sharman Joshi; Taapsee Pannu; Nithya Menen; Vidya Balan; Kirti Kulhari; Sonakshi Sinha,Jagan Shakti,Fox Star Studios,1,3.7679289099272903,9,2.5409,1.124,0,Thursday,8,6.667,84.0,₹291.00 Cr,₹203.08 Cr,₹52.00 Cr,₹40.00 Cr,40.0,Mission_Mangal_2019,Mission Mangal,611594.0
Ujda Chaman,2019,Hindi,pre_covid,9.26,ok,True,Comedy,Comedy,UA,UA,True,120.0,01 Nov 2019,False,,,,0,2.6690987742115624,204,1.0356,0.876,0,Friday,11,6.483,29.0,₹16.70 Cr,₹12.86 Cr,₹1.50 Cr,₹20.00 Cr,20.0,Ujda_Chaman_2019,Ujda Chaman,636449.0
Section 375,2019,Hindi,pre_covid,8.04,ok,True,Drama,Drama,UA,UA,True,124.0,13 Sep 2019,False,Rahul Bhat; Akshaye Khanna; Kishor Kadam; Sandhya Mridul; Meera Chopra; Kruttika Desai; Richa Chaddha,Ajay Bahl,SCIPL,1,2.7852588652642973,2,1.7335,1.3444,0,Friday,9,7.456,80.0,₹22.00 Cr,₹23.40 Cr,₹2.00 Cr,₹20.00 Cr,20.0,Section_375_2019,Section 375,507941.0
Marjaavaan,2019,Hindi,pre_covid,24.42,ok,True,"Action, Romantic",Action,UA,UA,True,135.0,15 Nov 2019,False,Riteish Deshmukh; Sidharth Malhotra; Tara Sutaria; Rakul Preet Singh,Milap Milan Zaveri,T-Series,1,3.8852287750436254,3,1.6088,1.3681,0,Friday,11,7.0,37.0,₹62.00 Cr,₹48.04 Cr,₹6.50 Cr,₹50.00 Cr,50.0,Marjaavaan_2019,Marjaavaan,627715.0
The Tashkent Files,2019,Hindi,pre_covid,2.2,ok,True,Thriller,Thriller,UA,UA,True,144.0,12 Apr 2019,False,Mithun Chakraborty; Pankaj Tripathi; Naseeruddin Shah; Mandira Bedi; Shweta Basu Prasad; Pallavi Joshi,Vivek Ranjan Agnihotri,Zee Studio,1,3.015841428478155,2,2.202,0.9861,0,Friday,4,7.224,58.0,₹20.00 Cr,₹16.41 Cr,₹0.60 Cr,₹8.00 Cr,8.0,The_Tashkent_Files_2019,The Tashkent Files,594673.0
Batla House,2019,Hindi,pre_covid,32.44,ok,True,Action,Action,UA,UA,True,146.0,15 Aug 2019,True,John Abraham; Ravi Kishan; Mrunal Thakur,Nikkhil Advani,T-Series,1,3.9402216657206335,4,2.0226,1.0792,0,Thursday,8,6.784,67.0,₹127.00 Cr,₹99.24 Cr,₹11.00 Cr,₹50.00 Cr,50.0,Batla_House_2019,Batla House,550485.0
Jabariya Jodi,2019,Hindi,pre_covid,12.25,ok,True,Comedy,Comedy,UA,UA,True,139.0,09 Aug 2019,False,Sidharth Malhotra; Parineeti Chopra,Prashant Singh,Balaji Motion Pictures,1,3.3904169998151605,2,1.6088,2.8716,0,Friday,8,4.5,13.0,₹25.24 Cr,₹18.85 Cr,₹3.00 Cr,₹30.00 Cr,30.0,Jabariya_Jodi_2019,Jabariya Jodi,543693.0
Laal Kaptaan,2019,Hindi,pre_covid,2.5,ok,True,,,A,A,True,155.0,18 Oct 2019,False,Saif Ali Khan,Navdeep Singh (director),,1,3.258751062166459,2,3.0886,1.1611,0,Friday,10,7.204,27.0,₹4.50 Cr,₹3.19 Cr,₹0.70 Cr,₹40.00 Cr,40.0,Laal_Kaptaan_2019,Laal Kaptaan,621003.0
Panipat,2019,Hindi,pre_covid,17.68,ok,True,Historical,Historical,UA,UA,True,162.0,06 Dec 2019,False,Sanjay Dutt; Arjun Kapoor; Kriti Sanon,Ashutosh Gowariker,Vision World Films,1,2.8829446406567776,5,2.0295,1.2444,0,Friday,12,6.1,39.0,₹49.00 Cr,₹33.87 Cr,₹9.00 Cr,₹80.00 Cr,80.0,Panipat_2019,Panipat (film),577332.0
Bypass Road,2019,Hindi,pre_covid,0.85,ok,True,Thriller,Thriller,UA,UA,True,118.0,08 Nov 2019,False,,,,0,2.667436111116592,205,0.9985,1.1566,0,Friday,11,5.2,8.0,₹1.50 Cr,₹1.00 Cr,₹0.30 Cr,₹20.00 Cr,20.0,Bypass_Road_2019,Bypass Road (film),645370.0
Notebook,2019,Hindi,pre_covid,2.9,ok,True,"Drama, Romantic",Drama,UA,U/A,True,113.0,29 Mar 2019,False,,,,0,2.6939529758629637,187,8.43,24.0326,0,Friday,3,7.891,12853.0,₹6.60 Cr,₹4.97 Cr,₹0.60 Cr,₹20.00 Cr,20.0,Notebook_2019,Notebook (2019 film),11036.0
Saand Ki Aankh,2019,Hindi,pre_covid,2.47,ok,True,"Biopic, Drama",Biopic,,,False,146.0,25 Oct 2019,True,,,,0,2.6761182036709354,203,0.9985,0.9282,0,Friday,10,7.018,28.0,₹31.00 Cr,₹23.67 Cr,₹3.00 Cr,₹20.00 Cr,20.0,Saand_Ki_Aankh_2019,Saand Ki Aankh,523278.0
Pagalpanti,2019,Hindi,pre_covid,24.3,ok,True,Comedy,Comedy,UA,UA,True,149.0,22 Nov 2019,False,Anil Kapoor; Pulkit Samrat; Arshad Warsi; John Abraham; Saurabh Shukla; Kriti Kharbanda; Urvashi Rautela; Ileana D'Cruz,Anees Bazmee,,1,3.7876651519986737,5,2.0226,1.7202,0,Friday,11,4.409,22.0,₹51.00 Cr,₹41.20 Cr,₹4.00 Cr,₹60.00 Cr,60.0,Pagalpanti_2019,Pagalpanti (2019 film),649487.0
Pal Pal Dil Ke Paas,2019,Hindi,pre_covid,5.2,ok,True,Romantic,Romantic,,,False,154.0,20 Sep 2019,False,,,,0,2.6801474730895536,199,0.675,0.9779,0,Friday,9,5.6,6.0,₹12.50 Cr,₹9.00 Cr,₹2.00 Cr,₹30.00 Cr,30.0,Pal_Pal_Dil_Ke_Paas_2019,Pal Pal Dil Ke Paas,582108.0
Bhediya,2022,Hindi,post_covid,28.33,ok,True,"Comedy, Horror",Comedy,UA,UA,True,156.0,25 Nov 2022,False,Varun Dhawan; Deepak Dobriyal; Kriti Sanon,Amar Kaushik,Maddock Films,1,3.7168908578460993,8,2.0295,1.694,0,Friday,11,6.922,77.0,₹94.91 Cr,₹68.99 Cr,₹13.50 Cr,₹60.00 Cr,60.0,Bhediya_2022,Bhediya,799177.0
Uunchai,2022,Hindi,post_covid,10.16,ok,True,Drama,Drama,U,U,True,170.0,11 Nov 2022,False,Anupam Kher; Boman Irani; Amitabh Bachchan; Danny Denzongpa; Parineeti Chopra; Neena Gupta,Sooraj Barjatya,Rajshri Productions,1,2.9399202627774037,10,1.3777,1.1526,0,Friday,11,6.2,19.0,₹48.32 Cr,₹32.90 Cr,₹9.50 Cr,₹45.00 Cr,45.0,Uunchai_2022,Uunchai,1009432.0
Vikram Vedha,2022,Hindi,post_covid,36.94,ok,True,"Action, Thriller",Action,UA,U/A,True,160.0,30 Sep 2022,False,Hrithik Roshan; Saif Ali Khan; Rohit Saraf; Sharib Hashmi; Yogita Bihani; Radhika Apte,Pushkar–Gayathri,Y NOT Studios,1,4.095031811503904,6,3.0886,1.5167,0,Friday,9,6.745,49.0,₹135.44 Cr,₹78.90 Cr,₹42.34 Cr,₹150.00 Cr,150.0,Vikram_Vedha_2022,Vikram Vedha (2022 film),851783.0
HIT: The First Case,2022,Hindi,post_covid,5.59,ok,True,"Mystery, Thriller",Mystery,UA,UA,True,133.0,15 Jul 2022,False,Rajkummar Rao; Sanya Malhotra,Dr Sailesh Kolanu,T-Series,1,2.6880857683286776,11,1.0897,0.8766,0,Friday,7,6.6,39.0,₹8.00 Cr,₹8.87 Cr,₹1.40 Cr,,,HIT_The_First_Case_2022,HIT: The First Case (2022 film),887109.0
Salaam Venky,2022,Hindi,post_covid,1.6,ok,True,"Drama, Family",Drama,UA,UA,True,136.0,09 Dec 2022,False,Rahul Bose; Vishal Jethwa; Rajeev Khandelwal; Aamir Khan; Aahana Kumra; Kajol,Revathi,RTake Studios,1,2.9523027330567335,1,2.359,1.1011,0,Friday,12,6.5,11.0,₹3.36 Cr,₹2.42 Cr,₹0.50 Cr,₹15.00 Cr,15.0,Salaam_Venky_2022,Salaam Venky,881983.0
Ram Setu,2022,Hindi,post_covid,20.6,ok,True,"Historical, Mythology",Historical,UA,UA,True,143.0,25 Oct 2022,True,Satya Dev; Akshay Kumar; Nassar; Jacqueline Fernandez; Nushrat Bharucha,Abhishek Sharma,Lyca Productions,1,3.734460958433864,17,2.5409,1.5426,0,Tuesday,10,5.2,36.0,₹96.74 Cr,₹74.70 Cr,₹7.50 Cr,₹150.00 Cr,150.0,Ram_Setu_2022,Ram Setu (film),764081.0
Mili,2022,Hindi,post_covid,1.74,ok,True,Thriller,Thriller,,,False,127.0,04 Nov 2022,False,Sunny Kaushal; Rajesh Jais; Manoj Pahwa; Janhvi Kapoor; Hasleen Kaur,Mathukutty Xavier,Zee Studio,1,1.9823798275231037,1,1.1211,1.4944,0,Friday,11,6.545,22.0,₹3.82 Cr,₹2.82 Cr,₹0.50 Cr,₹10.00 Cr,10.0,Mili_2022,Mili (2022 film),908397.0
Code Name: Tiranga,2022,Hindi,post_covid,0.74,ok,True,", Action, Thriller",,,,False,134.0,14 Oct 2022,False,Sharad Kelkar; Dibyendu Bhattacharya; Harrdy Sandhu; Rajit Kapoor; Parineeti Chopra; Shefali Shah,Ribhu Dasgupta,T-Series,1,4.058794197655074,2,0.9482,0.8116,0,Friday,10,4.4,7.0,₹1.07 Cr,₹0.74 Cr,₹0.20 Cr,,,Code_Name_Tiranga_2022,Code Name: Tiranga,1021166.0
Selfiee,2023,Hindi,post_covid,10.3,ok,True,"Comedy, Drama",Comedy,UA,UA,True,148.0,24 Feb 2023,False,Akshay Kumar; Emraan Hashmi; Nushrat Bharucha; Diana Penty,Raj Mehta,Prithviraj Productions,1,3.6976960893369895,18,2.9115,1.2047,0,Friday,2,6.037,27.0,₹24.60 Cr,₹17.03 Cr,₹4.50 Cr,₹100.00 Cr,100.0,Selfiee_2023,Selfiee,926130.0
Thank You for Coming,2023,Hindi,post_covid,3.2,ok,True,"Comedy, Drama",Comedy,,,False,117.0,06 Oct 2023,False,Karan Kundra; Anil Kapoor; Bhumi Pednekar; Shibani Bedi; Shehnaaz Kaur Gill; Kusha Kapila; Dolly Singh,Karan Boolani,Balaji Motion Pictures,1,3.371642707853692,8,0.7319,0.8313,0,Friday,10,4.792,12.0,₹9.60 Cr,₹6.87 Cr,₹1.60 Cr,,,Thank_You_for_Coming_2023,Thank You for Coming,957999.0
Jawan,2023,Hindi,post_covid,186.58,ok,True,"Action, Thriller",Action,UA,U/A,True,169.0,07 Sep 2023,False,Shah Rukh Khan; Vijay Sethupathi; Sunil Grover; Sanya Malhotra; Nayanthara; Priyamani; Deepika Padukone,Atlee (director),Red Chillies Entertainment,1,4.226835492263431,10,2.8272,6.8703,0,Thursday,9,7.04,352.0,"₹1,160.00 Cr",₹640.25 Cr,₹400.00 Cr,₹300.00 Cr,300.0,Jawan_2023,Jawan (film),872906.0
Gumraah,2023,Hindi,post_covid,3.8,ok,True,"Crime, Thriller",Crime,UA,UA,True,127.0,07 Apr 2023,False,Ronit Roy; Aditya Roy Kapur; Mrunal Thakur,Vardhan Ketkar,T-Series Films,1,3.333139873712472,5,1.623,1.5466,0,Friday,4,6.733,30.0,₹9.10 Cr,₹7.74 Cr,₹0.80 Cr,₹25.00 Cr,25.0,Gumraah_2023,Gumraah (2023 film),974025.0
The Kerala Story,2023,Hindi,post_covid,35.43,ok,True,Drama,Drama,A,A,True,138.0,05 May 2023,False,Sonia Balani; Yogita Bihani; Siddhi Idnani; Adah Sharma,Vipul Amrutlal Shah,Sunshine Pictures,1,,0,1.1091,1.4775,0,Friday,5,4.528,36.0,₹302.00 Cr,₹241.74 Cr,₹15.50 Cr,₹15.00 Cr,15.0,The_Kerala_Story_2023,The Kerala Story,1117411.0
Neeyat,2023,Hindi,post_covid,4.19,ok,True,"Crime, Mystery, Thriller",Crime,,,False,130.0,07 Jul 2023,False,Rahul Bose; Neeraj Kabi; Ram Kapoor; Niki Walia; Amrita Puri; Vidya Balan,Anu Menon,Riddle Films Production,1,0.9555114450274363,1,0.9162,0.8058,0,Friday,7,5.1,15.0,₹6.90 Cr,₹5.79 Cr,₹0.00 Cr,,,Neeyat_2023,Neeyat (2023 film),968748.0
Dunki,2023,Hindi,post_covid,76.43,ok,True,"Comedy, Drama",Comedy,UA,U/A,True,161.0,21 Dec 2023,False,Vicky Kaushal; Boman Irani; Shah Rukh Khan; Taapsee Pannu,Rajkumar Hirani,Red Chillies Entertainment,1,4.349207752283755,9,2.6192,3.1797,0,Thursday,12,6.324,122.0,₹454.00 Cr,₹227.00 Cr,₹182.00 Cr,₹120.00 Cr,120.0,Dunki_2023,Dunki (film),960876.0
12th Fail,2023,Hindi,post_covid,6.7,ok,True,Drama,Drama,,,False,146.0,27 Oct 2023,False,Harish Khanna; Sukumar Tudu; Priyanshu Chatterjee; Vikrant Massey; Sanjay Bishnoi; Medha Shankar,Vidhu Vinod Chopra,Zee Studio,1,,0,1.5437,4.7452,0,Friday,10,7.913,270.0,₹70.05 Cr,₹56.38 Cr,₹3.50 Cr,,19.92,12th_Fail_2023,12th Fail,1163258.0
Farrey,2023,Hindi,post_covid,1.6,ok,True,"Drama, Thriller",Drama,UA,UA,True,130.0,24 Nov 2023,False,Ronit Roy; Sahil Mehta; Zeyn Shaw; Juhi Babbar; Prasanna Bisht; Alizeh Agnihotri,Soumendra Padhi,Salman Khan Films,1,3.0274452476855376,6,1.3076,1.5828,0,Friday,11,3.3,6.0,₹3.20 Cr,₹2.68 Cr,₹0.00 Cr,,,Farrey_2023,Farrey,1185638.0
Chatrapathi,2023,Hindi,post_covid,1.65,ok,True,"Action, Drama, Thriller",Action,UA,UA,True,124.0,12 May 2023,False,Bellamkonda Sreenivas; Freddy Daruwala; Sharad Kelkar; Bhagyashree Patwardhan; Nushrat Bharucha,V. V. Vinayak,Pen India Limited,1,2.8904911695121953,3,1.019,1.3249,0,Friday,5,5.0,2.0,₹1.95 Cr,₹2.53 Cr,₹0.00 Cr,,,Chatrapathi_2023,Chatrapathi (2023 film),1125221.0
Aankh Micholi,2023,Hindi,post_covid,1.25,ok,True,"Comedy, Family",Comedy,,,False,144.0,03 Nov 2023,False,Sharman Joshi; Paresh Rawal; Vijay Raaz; Abhimanyu Dassani; Divya Dutta; Mrunal Thakur,Umesh Shukla,Sony Pictures Films India,1,3.2101521578783077,8,1.7102,1.0464,0,Friday,11,5.1,5.0,₹2.40 Cr,₹2.00 Cr,₹0.00 Cr,,,Aankh_Micholi_2023,Aankh Micholi (2023 film),679031.0
72 Hoorain,2023,Hindi,post_covid,1.25,ok,True,Drama,Drama,,,False,80.0,07 Jul 2023,False,Rasheed Naz; Pavan Malhotra; Aamir Bashir,Sanjay Puran Singh Chauhan,Saarthie Entertainment,1,,0,0.9144,1.5698,0,Friday,7,4.5,3.0,₹1.50 Cr,₹1.61 Cr,₹0.00 Cr,,,72_Hoorain_2023,72 Hoorain,767663.0
Dono,2023,Hindi,post_covid,0.95,ok,True,"Drama, Romantic",Drama,UA,UA,True,156.0,06 Oct 2023,False,Rajveer Deol; Paloma Dhillon,Avnish S. Barjatya,Rajshri Productions,0,,0,0.5926,0.9249,0,Friday,10,4.7,3.0,₹1.10 Cr,₹0.95 Cr,₹0.00 Cr,,,Dono_2023,Dono (film),977891.0
Bholaa,2023,Hindi,post_covid,33.08,ok,True,"Action, Thriller",Action,UA,UA,True,144.0,30 Mar 2023,False,Sanjay Mishra; Vineet Kumar; Deepak Dobriyal; Makarand Deshpande; Gajraj Rao; Abhishek Bachchan; Ajay Devgn; Tabu; Amala Paul,Ajay Devgn,T-Series,1,2.919058951971314,6,2.4951,2.2437,0,Thursday,3,5.9,38.0,₹123.00 Cr,₹90.31 Cr,₹15.00 Cr,₹100.00 Cr,100.0,Bholaa_2023,Bholaa,965606.0
Ajmer 92,2023,Hindi,post_covid,1.11,ok,True,Drama,Drama,,,False,141.0,21 Jul 2023,False,Rajesh Sharma; Sayaji Shinde; Brijendra Kala; Manoj Joshi; Sumit Singh; Zarina Wahab,Pushpendra Singh,Sumit Motion Pictures,1,2.5122362278053183,2,1.3306,0.9602,0,Friday,7,0.0,0.0,₹2.15 Cr,₹1.80 Cr,₹0.00 Cr,,,Ajmer_92_2023,Ajmer 92,1132482.0
Bad Boy,2023,Hindi,post_covid,0.21,ok,True,"Drama, Romantic",Drama,,,False,,28 Apr 2023,False,Namashi Chakraborthy; Saswata Chatterjee; Rajpal Yadav; Amrin Qureshi,Rajkumar Santoshi,Inbox Pictures Pvt Ltd,1,1.4117419108279823,2,1.3299,0.6527,0,Friday,4,5.0,1.0,₹0.00 Cr,₹0.31 Cr,₹0.00 Cr,,,Bad_Boy_2023,Bad Boy (2023 film),604198.0
Zara Hatke Zara Bachke,2023,Hindi,post_covid,22.59,ok,True,"Comedy, Drama, Romantic",Comedy,UA,UA,True,132.0,02 Jun 2023,False,Vicky Kaushal; Inaamulhaq; Rakesh Bedi; Akash Khurana; Sara Ali Khan,Laxman Utekar,Maddock Films,1,3.5016909564968457,5,2.0851,1.2907,0,Friday,6,5.848,23.0,₹116.00 Cr,₹88.35 Cr,₹11.30 Cr,,,Zara_Hatke_Zara_Bachke_2023,Zara Hatke Zara Bachke,920679.0
Dream Girl 2,2023,Hindi,post_covid,40.71,ok,True,"Comedy, Drama, Romantic",Comedy,UA,UA,True,134.0,25 Aug 2023,False,Abhishek Banerjee; Paresh Rawal; Annu Kapoor; Asrani; Ayushmann Khurrana; Manjot Singh; Rajpal Yadav; Vijay Raaz; Manoj Joshi; Ananya Pandey; +1 more,Raaj Shaandilyaa,Balaji Motion Pictures,1,2.958398667115175,7,1.5251,1.6437,1,Friday,8,5.477,22.0,₹142.20 Cr,₹106.71 Cr,₹16.20 Cr,₹60.00 Cr,60.0,Dream_Girl_2_2023,Dream Girl 2,1025067.0
Sukhee,2023,Hindi,post_covid,1.21,ok,True,"Comedy, Drama",Comedy,UA,U/A 13+,True,139.0,22 Sep 2023,False,Amit Sadh; Chaitannya Choudhry; Kiran Kumar; Pavleen Gujral; Kusha Kapila; Shilpa Shetty; Dilnaz Irani,Sonal Joshi,T-Series,1,3.6622787919044195,1,1.4088,1.2705,0,Friday,9,6.125,12.0,₹2.20 Cr,₹1.84 Cr,₹0.00 Cr,,,Sukhee_2023,Sukhee,945337.0
Binny And Family,2024,Hindi,post_covid,0.99,ok,True,"Comedy, Drama, Family",Comedy,UA,UA,True,129.0,27 Sep 2024,False,,,,0,1.7234220835844873,377,0.7536,0.6893,0,Friday,9,3.0,1.0,₹3.02 Cr,₹2.70 Cr,₹0.00 Cr,,,Binny_And_Family_2024,Binny and Family,1341476.0
Bad Newz,2024,Hindi,post_covid,29.7,ok,True,"Comedy, Drama",Comedy,UA,UA,True,140.0,19 Jul 2024,False,Vicky Kaushal; Ammy Virk; Tripti Dimri,Anand Tiwari,Leo Media Collective,1,3.537210216646798,11,1.2658,1.2346,0,Friday,7,4.758,31.0,₹113.77 Cr,₹64.53 Cr,₹37.00 Cr,,79.68,Bad_Newz_2024,Bad Newz,984101.0
Teri Baaton Mein Aisa Uljha Jiya,2024,Hindi,post_covid,27.1,ok,True,"Comedy, Romantic, Sci-Fi",Comedy,,,False,143.0,09 Feb 2024,False,Shahid Kapoor; Rakesh Bedi; Dharmendra; Kriti Sanon; Dimple Kapadia,Aradhana Sah,Maddock Films,1,3.6308589437846215,4,2.0942,2.0083,0,Friday,2,5.873,59.0,₹139.00 Cr,₹85.16 Cr,₹37.75 Cr,,,Teri_Baaton_Mein_Aisa_Uljha_Jiya_2024,Teri Baaton Mein Aisa Uljha Jiya,1110390.0
Munjya,2024,Hindi,post_covid,19.25,ok,True,"Comedy, Horror",Comedy,UA,UA,True,123.0,07 Jun 2024,False,Sathyaraj; Abhay Verma; Mona Singh; Sharvari Wagh,Aditya Sarpotdar,Maddock Films,1,2.5904460656569985,11,1.4049,1.7691,0,Friday,6,6.205,44.0,₹126.04 Cr,₹102.54 Cr,₹5.00 Cr,₹30.00 Cr,30.0,Munjya_2024,Munjya (film),1187058.0
Ameena,2024,Hindi,post_covid,0.03,ok,False,Drama,Drama,,,False,107.0,12 Apr 2024,True,,,,0,2.001061051555842,307,0.8677,0.499,0,Friday,4,0.0,0.0,₹0.21 Cr,₹0.19 Cr,₹0.00 Cr,,,Ameena_2024,Ameena (film),429606.0
Main Ladega,2024,Hindi,post_covid,0.12,ok,True,"Action, Drama, Sports",Action,,,False,,26 Apr 2024,False,,,,0,1.9700031951359511,312,0.6811,0.5018,0,Friday,4,6.3,15.0,₹0.30 Cr,₹0.27 Cr,₹0.00 Cr,,,Main_Ladega_2024,Main Ladega,1277236.0
Bengal 1947,2024,Hindi,post_covid,0.04,ok,False,"Drama, Period",Drama,,,False,,29 Mar 2024,False,,,,0,2.0489791849783923,296,,0.6825,0,Friday,3,0.0,0.0,₹0.07 Cr,₹0.06 Cr,₹0.00 Cr,,,Bengal_1947_2024,Bengal 1947,1268119.0
Vanvaas,2024,Hindi,post_covid,2.95,ok,True,"Drama, Family",Drama,UA,UA,True,159.0,20 Dec 2024,False,Rajpal Yadav; Nana Patekar; Utkarsh Sharma; Ashwini Kalsekar; Simrat Kaur,Anil Sharma,Zee Studio,1,3.136374352144354,4,1.5321,0.7886,0,Friday,12,7.0,5.0,₹5.83 Cr,₹4.95 Cr,₹0.00 Cr,,,Vanvaas_2024,Vanvaas,1371030.0
Madgaon Express,2024,Hindi,post_covid,7.05,ok,True,"Comedy, Drama",Comedy,UA,UA,True,143.0,22 Mar 2024,False,Divyendu Sharma; Upendra Limaye; Avinash Tiwary; Pratik Gandhi; Nora Fatehi,Kunal Khemu,Excel Entertainment,1,3.1888289129504397,1,1.584,1.4814,0,Friday,3,6.357,42.0,₹46.90 Cr,₹36.81 Cr,₹3.50 Cr,,26.1630276,Madgaon_Express_2024,Madgaon Express,1201015.0
Zero Se Restart,2024,Hindi,post_covid,0.41,ok,True,"Documentary, Drama",Documentary,UA,UA,True,73.0,13 Dec 2024,False,,,,0,1.6192116213677297,413,1.5437,0.9069,0,Friday,12,0.0,0.0,₹0.63 Cr,₹0.56 Cr,₹0.00 Cr,,,Zero_Se_Restart_2024,Zero se Restart,1365609.0
Article 370,2024,Hindi,post_covid,22.9,ok,True,"Political, Thriller",Political,UA,UA,True,158.0,23 Feb 2024,False,Arun Govil; Kiran Karmarkar; Priyamani; Yami Gautam,Aditya Suhas Jambhale,Jio Studios,1,,0,1.7093,1.7364,0,Friday,2,7.122,49.0,₹105.15 Cr,₹78.12 Cr,₹12.50 Cr,,19.92,Article_370_2024,Article 370 (film),1233531.0
OutHouse,2024,Hindi,post_covid,0.05,ok,True,"Drama, Family",Drama,U,U,True,121.0,20 Dec 2024,False,,,,0,1.6069388677302787,418,0.8808,0.7063,0,Friday,12,6.0,1.0,₹0.14 Cr,₹0.14 Cr,₹0.00 Cr,,,OutHouse_2024,Road House (2024 film),1248457.0
The Legacy of Jineshwar,2024,Hindi,post_covid,0.11,ok,True,Drama,Drama,,,False,,19 Apr 2024,False,,,,0,1.9946600702268995,308,,,0,Friday,4,,,₹0.23 Cr,₹0.22 Cr,₹0.00 Cr,,,The_Legacy_of_Jineshwar_2024,The Legacy of Mahaveer,
I Want to Talk,2024,Hindi,post_covid,1.3,ok,True,"Drama, Family",Drama,UA,UA,True,122.0,22 Nov 2024,False,Abhishek Bachchan; Ahilya Bamroo,Shoojit Sircar,Rising Sun Films,1,3.209272997486421,4,1.4187,1.5254,0,Friday,11,6.9,7.0,₹2.51 Cr,₹2.14 Cr,₹0.00 Cr,,,I_Want_to_Talk_2024,I Want to Talk,1263031.0
Do Aur Do Pyaar,2024,Hindi,post_covid,2.35,ok,True,Drama,Drama,UA,UA,True,137.0,19 Apr 2024,False,Sendhil Ramamurthy; Pratik Gandhi; Vidya Balan; Ileana D'Cruz,Shirsha Guha Thakurta,Ellipsis Entertainment,1,2.629728226075773,1,1.6233,0.8698,0,Friday,4,5.4,5.0,₹5.94 Cr,₹4.58 Cr,₹0.50 Cr,,,Do_Aur_Do_Pyaar_2024,Do Aur Do Pyaar,951015.0
Hamare Baarah,2024,Hindi,post_covid,0.27,ok,True,Drama,Drama,,,False,148.0,21 Jun 2024,False,,,,0,1.8627249784323745,336,0.9097,0.921,0,Friday,6,0.0,0.0,₹0.49 Cr,₹0.39 Cr,₹0.00 Cr,,9.96,Hamare_Baarah_2024,Hamare Baarah,1301258.0
Chhota Bheem and the Curse of Damyaan,2024,Hindi,post_covid,2.06,ok,True,"Action, Adventure, Family, Fantasy",Action,U,U,True,145.0,31 May 2024,False,Yagya Bhasin; Makarand Deshpande; Anupam Kher,Rajiv Chilaka,Green Gold Studios,1,2.4241688876470087,10,1.3205,0.9869,0,Friday,5,0.0,0.0,₹0.40 Cr,₹2.43 Cr,₹0.00 Cr,,,Chhota_Bheem_and_the_Curse_of_Damyaan_2024,Chhota Bheem and the Curse of Damyaan (2024 film),1297049.0
Alpha Beta Gamma,2024,Hindi,post_covid,0.03,ok,False,"Comedy, Romantic",Comedy,,,False,,08 Mar 2024,False,,,,0,2.120883557528759,284,,,0,Friday,3,,,₹0.06 Cr,₹0.05 Cr,₹0.00 Cr,,,Alpha_Beta_Gamma_2024,Alpha and beta male,
Bandaa Singh Chaudhary,2024,Hindi,post_covid,0.85,ok,True,"Action, Drama",Action,,,False,166.0,25 Oct 2024,False,,,,0,1.6632304375548967,396,1.1174,0.7251,0,Friday,10,0.0,0.0,₹1.03 Cr,₹1.06 Cr,₹0.00 Cr,,,Bandaa_Singh_Chaudhary_2024,Bandaa Singh Chaudhary,1221191.0
Jigra,2024,Hindi,post_covid,16.47,ok,True,"Action, Thriller",Action,UA,UA,True,153.0,11 Oct 2024,False,Vedang Raina; Manoj Pahwa; Alia Bhatt,Vasan Bala,Eternal Sunshine Productions,1,3.8480176673185507,3,2.9013,1.5311,0,Friday,10,6.0,77.0,₹56.93 Cr,₹31.98 Cr,₹18.50 Cr,,,Jigra_2024,Jigra,1184889.0
Luv You Shankar,2024,Hindi,post_covid,0.13,ok,True,"Adventure, Animation, Drama",Adventure,U,U,True,117.0,19 Apr 2024,False,,,,0,1.9946600702268995,308,0.9898,0.8453,0,Friday,4,0.0,0.0,₹0.54 Cr,₹0.46 Cr,₹0.00 Cr,,7.802,Luv_You_Shankar_2024,Luv You Shankar,1181982.0
Pune Highway,2025,Hindi,post_covid,0.17,ok,True,"Crime, Drama, Thriller",Crime,,,False,126.0,23 May 2025,False,,,,0,1.4113429471495993,514,,,0,Friday,5,,,₹0.25 Cr,₹0.23 Cr,₹0.00 Cr,,,Pune_Highway_2025,Pune Highway,
My Melbourne,2025,Hindi,post_covid,0.05,ok,True,"Comedy, Drama",Comedy,,,False,119.0,14 Mar 2025,True,,,,0,1.4855820376909368,470,0.7135,0.4619,0,Friday,3,0.0,0.0,₹0.08 Cr,₹0.08 Cr,₹0.00 Cr,,,My_Melbourne_2025,My Melbourne,1361638.0
Saiyaara,2025,Hindi,post_covid,83.25,ok,True,"Drama, Musical, Romantic",Drama,UA,U/A 16+,True,156.0,18 Jul 2025,False,Shaad Randhawa; Rajesh Kumar; Ahaan Panday; Varun Badola; Aneet Padda; Geeta Agrawal Sharma,Mohit Suri,Yash Raj Films,1,,0,1.3698,5.5589,0,Friday,7,6.403,150.0,₹570.33 Cr,₹329.73 Cr,₹171.50 Cr,₹60.00 Cr,60.0,Saiyaara_2025,Saiyaara (film),1241634.0
Andaaz 2,2025,Hindi,post_covid,0.43,ok,True,"Drama, Romantic",Drama,,,False,146.0,08 Aug 2025,False,Aayush Kumar; Akaisha Vats; Natasha Fernandez,Suneel Darshan,Shree Krishna International,0,,0,0.4199,0.5821,1,Friday,8,1.0,1.0,₹0.59 Cr,₹0.53 Cr,₹0.00 Cr,,,Andaaz_2_2025,Andaaz 2,1507649.0
Gustaakh Ishq,2025,Hindi,post_covid,1.3,ok,True,"Drama, Romantic",Drama,UA,U/A,True,128.0,28 Nov 2025,False,Naseeruddin Shah; Sharib Hashmi; Vijay Varma; Fatima Sana Shaikh,Vibhu Puri,Stage5 Productions,1,2.6602595506039637,5,1.2504,1.8785,0,Friday,11,7.0,7.0,₹2.07 Cr,₹1.75 Cr,₹0.00 Cr,,,Gustaakh_Ishq_2025,Gustaakh Ishq,1238164.0
Nikita Roy,2025,Hindi,post_covid,0.86,ok,True,"Horror, Mystery, Thriller",Horror,,,False,112.0,18 Jul 2025,False,Arjun Rampal; Suhail Nayyar; Paresh Rawal; Sonakshi Sinha,Kussh S Sinha,Nikita Pai Films,1,2.719491554196411,10,1.8257,1.0606,0,Friday,7,4.75,4.0,₹1.44 Cr,₹1.28 Cr,₹0.00 Cr,,,Nikita_Roy_2025,Nikita Roy,1005156.0
Phule,2025,Hindi,post_covid,1.05,ok,True,"Biography, Drama",Biography,U,U,True,129.0,25 Apr 2025,False,,,,0,1.4375803318641889,494,1.2498,0.9194,0,Friday,4,7.0,3.0,₹7.75 Cr,₹6.86 Cr,₹0.00 Cr,,,Phule_2025,Phule (film),965087.0
Azaad,2025,Hindi,post_covid,4.55,ok,True,"Action, Drama, Period",Action,UA,UA,True,145.0,17 Jan 2025,False,Aaman Devgan; Ajay Devgn; Diana Penty; Rasha Thadani,Abhishek Kapoor,Zeal Z Entertainment services,1,3.6082341457380505,15,2.4951,1.8963,0,Friday,1,6.4,12.0,₹8.69 Cr,₹7.42 Cr,₹0.50 Cr,,78.02,Azaad_2025,Azaad (2025 film),1379877.0
Superboys of Malegaon,2025,Hindi,post_covid,1.7,ok,True,"Biography, Comedy, Drama",Biography,UA,U/A 13+,True,131.0,28 Feb 2025,False,Adarsh Gourav; Anuj Singh Duhan; Vineet Kumar Singh; Shashank Arora; Riddhi Kumar,Reema Kagti,Tiger Baby Films,1,4.7664383335842135,1,0.8806,4.7375,0,Friday,2,7.583,54.0,₹6.11 Cr,₹5.32 Cr,₹0.00 Cr,,,Superboys_of_Malegaon_2025,Superboys of Malegaon,1226572.0
Kesari Chapter 2,2025,Hindi,post_covid,29.5,ok,True,"Drama, Period",Drama,A,A,True,135.0,18 Apr 2025,False,Simon Paisley Day; R. Madhavan; Alexx O'Nell; Akshay Kumar; Regina Cassandra; Ananya Pandey,Karan Singh Tyagi,Leo Media Collective,1,2.973069449514013,3,2.5409,1.767,1,Friday,4,7.171,38.0,₹145.01 Cr,₹92.74 Cr,₹34.25 Cr,,,Kesari_Chapter_2_2025,Kesari Chapter 2,1137339.0
Sunny Sanskari Ki Tulsi Kumari,2025,Hindi,post_covid,20.75,ok,True,"Comedy, Romantic",Comedy,UA,U/A 13+,True,135.0,02 Oct 2025,False,Varun Dhawan; Rohit Saraf; Janhvi Kapoor; Sanya Malhotra,Shashank Khaitan,Mentor Disciple Entertainment,1,3.5727477274375743,10,1.1972,1.3361,0,Thursday,10,5.792,24.0,₹98.35 Cr,₹61.85 Cr,₹24.50 Cr,,,Sunny_Sanskari_Ki_Tulsi_Kumari_2025,Sunny Sanskari Ki Tulsi Kumari,1248454.0
120 Bahadur,2025,Hindi,post_covid,10.1,ok,True,"Action, Drama, War",Action,UA,U/A 13+,True,137.0,21 Nov 2025,False,Vivan Bhatena; Farhan Akhtar; Ankit Siwach; Raashi Khanna,Razneesh Ghai,Trigger Happy,1,2.9825731141078786,2,1.0632,1.787,0,Friday,11,6.4,17.0,₹24.00 Cr,₹18.29 Cr,₹2.00 Cr,,,120_Bahadur_2025,120 Bahadur,1351923.0
Dhurandhar,2025,Hindi,post_covid,103.0,ok,True,"Action, Spy, Thriller",Action,A,A,True,214.0,05 Dec 2025,False,Akshaye Khanna; Ranveer Singh; R. Madhavan; Sanjay Dutt; Arjun Rampal; Danish Pandor; Sara Arjun,aditya dhar,Jio Studios,1,3.8751634579629326,8,2.3701,8.1405,0,Friday,12,7.3,354.0,"₹1,307.35 Cr",₹840.20 Cr,₹299.50 Cr,₹250.00 Cr,250.0,Dhurandhar_2025,Dhurandhar,1291608.0
The Secret of Devkaali,2025,Hindi,post_covid,0.03,ok,False,Thriller,Thriller,,,False,133.0,18 Apr 2025,False,,,,0,1.4548226267357272,486,1.3306,0.6621,0,Friday,4,0.0,0.0,₹0.10 Cr,₹0.09 Cr,₹0.00 Cr,,,The_Secret_of_Devkaali_2025,The Secret of Devkaali,1458809.0
Jassi Weds Jassi,2025,Hindi,post_covid,0.17,ok,True,"Comedy, Drama, Romantic",Comedy,,,False,121.0,07 Nov 2025,False,,,,0,1.3785747758125648,533,0.9129,1.4703,0,Friday,11,0.0,0.0,₹0.46 Cr,₹0.42 Cr,₹0.00 Cr,,,Jassi_Weds_Jassi_2025,Jassi Weds Jassi,1562241.0
Maalik,2025,Hindi,post_covid,14.25,ok,True,"Action, Crime, Drama, Period",Action,A,A,True,152.0,11 Jul 2025,False,Rajkummar Rao; Prosenjit Chatterjee; Manushi Chhillar; Huma Qureshi,Pulkit,Tips Industries Limited,1,2.3898067088436816,18,1.2568,1.214,0,Friday,7,5.9,17.0,₹29.51 Cr,₹25.04 Cr,₹0.00 Cr,,,Maalik_2025,Maalik (2025 film),1312559.0
Single Salma,2025,Hindi,post_covid,0.12,ok,True,"Comedy, Drama, Romantic",Comedy,,,False,139.0,31 Oct 2025,False,Sunny Singh; Sammy Jonas Heaney; Shreyas Talpade; Huma Qureshi; Navni Parihar,Nachiket Samant,,1,3.0074778292951563,4,1.4312,2.4027,0,Friday,10,5.6,5.0,₹0.18 Cr,₹0.15 Cr,₹0.00 Cr,,,Single_Salma_2025,Single Salma,1352528.0
The Bhootnii,2025,Hindi,post_covid,2.68,ok,True,"Comedy, Horror, Romantic",Comedy,UA,UA,True,130.0,01 May 2025,False,Sanjay Dutt; Sunny Singh; Mouni Roy; Palak Tiwari,Sidhaant Sachdev,Three Dimension Motion Pictures,1,3.3229740665886722,6,1.7918,1.1667,0,Thursday,5,5.4,5.0,₹11.30 Cr,₹9.57 Cr,₹0.00 Cr,,,The_Bhootnii_2025,The Bhootnii,1054626.0
Kis Kisko Pyaar Karoon 2,2025,Hindi,post_covid,7.25,ok,True,"Comedy, Romantic",Comedy,UA,U/A 16+,True,133.0,12 Dec 2025,False,Kapil Sharma; Asrani; Manjot Singh; Parul Gulati; Tridha Choudhury; Ayesha Khan; Hira Warina,Anukalp Goswami,Venus Worldwide Entertainment,1,3.571242729849528,2,1.0086,1.7989,1,Friday,12,5.292,12.0,₹16.23 Cr,₹12.33 Cr,₹1.75 Cr,,,Kis_Kisko_Pyaar_Karoon_2_2025,Kis Kisko Pyaar Karoon,1339952.0
Well Done CA Sahab!,2025,Hindi,post_covid,0.18,ok,True,Drama,Drama,UA,U/A 13+,True,142.0,27 Jun 2025,False,Gopal Datt; Sayandeep Sengupta; Makrand Shukla; Gaurav Paswala; Samar Jajoriya; Archan Trivedi; Sam Jajoriya; Nishma Soni; Jyoti Kapoor,Sarvesh Kumar Singh,Figures and Frames LLP,1,,0,0.686,0.8138,0,Friday,6,0.0,0.0,₹0.35 Cr,₹0.29 Cr,₹0.00 Cr,,,Well_Done_CA_Sahab_2025,Well Done CA Sahab!,1506821.0
Sant Tukaram,2025,Hindi,post_covid,0.12,ok,True,"Biography, Devotional, Drama",Biography,U,U,True,,18 Jul 2025,False,Twinkle Kapoor; Shiva Suryavanshi; Mannveer Choudharry; Subodh Bhave; Arun Govil; Sheena Chohan,Aditya Om,Purushottam Studios,1,,0,0.8965,0.9773,0,Friday,7,0.0,0.0,₹0.25 Cr,₹0.22 Cr,₹0.00 Cr,,,Sant_Tukaram_2025,Sant Tukaram (2025 film),1510316.0
Sarkar,2018,Tamil,pre_covid,31.0,ok,True,Action,Action,UA,U/A,True,164.0,06 Nov 2018,True,Vijay Chandrasekhar; Keerthi Suresh,AR Murugadoss,Sun Pictures,1,,0,2.6707,1.3994,0,Tuesday,11,5.691,89.0,₹252.00 Cr,₹141.75 Cr,₹70.00 Cr,₹115.00 Cr,115.0,Sarkar_2018,Sarkar (2018 film),504231.0
Viswasam,2019,Tamil,pre_covid,47.35,ok,True,Action,Action,U,U,True,152.0,10 Jan 2019,False,Ajith Kumar; Nayanthara,Siva,,1,,0,2.3217,1.5114,0,Thursday,1,6.2,49.0,₹204.26 Cr,₹136.45 Cr,₹43.00 Cr,₹90.00 Cr,90.0,Viswasam_2019,Viswasam,503356.0
Super Deluxe,2019,Tamil,pre_covid,8.54,ok,True,Thriller,Thriller,A,A,True,176.0,29 Mar 2019,False,Vijay Sethupathi; Fahadh Faasil; Ramya Krishnan; Samantha Ruth Prabhu,Thiagarajan,,1,3.6888794541139363,1,1.9184,1.4626,0,Friday,3,7.7,141.0,₹26.84 Cr,₹17.72 Cr,₹6.00 Cr,₹25.00 Cr,25.0,Super_Deluxe_2019,Super Deluxe (film),432011.0
Vantha Rajavathaan Varuven,2019,Tamil,pre_covid,8.8,ok,True,"Action, Comedy",Action,U,U,True,156.0,01 Feb 2019,False,Silambarasan Rajendar,Sundar C.,Lyca Productions,0,,0,1.5089,1.6262,0,Friday,2,5.9,6.0,₹20.90 Cr,₹15.00 Cr,₹3.20 Cr,₹35.00 Cr,35.0,Vantha_Rajavathaan_Varuven_2019,Vantha Rajavathaan Varuven,565885.0
Kaappaan,2019,Tamil,pre_covid,32.4,ok,True,"Action, Thriller",Action,UA,UA,True,163.0,20 Sep 2019,False,,,,0,2.6801474730895536,199,3.0537,1.0353,0,Friday,9,5.5,38.0,₹94.60 Cr,₹68.65 Cr,₹14.00 Cr,₹75.00 Cr,75.0,Kaappaan_2019,Kaappaan,533885.0
Dev,2019,Tamil,pre_covid,4.2,ok,True,"Action, Drama, Romantic",Action,U,U,True,159.0,14 Feb 2019,False,,,,0,2.6969356545795278,182,2.0099,1.0102,0,Thursday,2,4.9,19.0,₹12.50 Cr,₹9.55 Cr,₹1.20 Cr,₹55.00 Cr,55.0,Dev_2019,Dev (2019 film),539315.0
Kanchana 3,2019,Tamil,pre_covid,28.95,ok,True,"Comedy, Horror",Comedy,UA,UA,True,177.0,19 Apr 2019,False,,,,0,2.686119038716542,189,1.0816,1.0247,1,Friday,4,4.229,24.0,₹130.20 Cr,₹97.65 Cr,₹15.00 Cr,₹40.00 Cr,40.0,Kanchana_3_2019,Kanchana 3,498580.0
Thadam,2019,Tamil,pre_covid,5.1,ok,True,"Action, Crime, Thriller",Action,UA,UA,True,137.0,01 Mar 2019,False,,,,0,2.698265528744735,184,0.8349,1.1101,0,Friday,3,7.1,46.0,₹26.00 Cr,₹18.60 Cr,₹4.00 Cr,₹14.00 Cr,14.0,Thadam_2019,Thadam,505971.0
Kaithi,2019,Tamil,pre_covid,13.2,ok,True,"Action, Thriller",Action,UA,UA,True,146.0,25 Oct 2019,True,Narain; Harish Uthaman; Karthik Sivakumar,Lokesh Kanagaraj,,1,,0,1.2592,2.0808,0,Friday,10,7.601,168.0,₹106.80 Cr,₹74.46 Cr,₹20.00 Cr,₹25.00 Cr,25.0,Kaithi_2019,Kaithi (2019 film),587030.0
Game Over,2019,Tamil,pre_covid,1.58,ok,True,Thriller,Thriller,,,False,97.0,14 Jun 2019,False,,,,0,2.69508192702204,191,0.3669,0.7587,0,Friday,6,7.0,2.0,₹16.00 Cr,₹11.91 Cr,₹1.30 Cr,₹20.00 Cr,20.0,Game_Over_2019,Game Over (2019 film),678356.0
Bigil,2019,Tamil,pre_covid,74.6,ok,True,"Drama, Sports",Drama,UA,U/A,True,179.0,25 Oct 2019,True,Vijay Chandrasekhar,Atlee (director),,1,3.4657359027997265,1,2.6364,1.3243,0,Friday,10,6.355,83.0,₹295.28 Cr,₹171.26 Cr,₹94.00 Cr,₹180.00 Cr,180.0,Bigil_2019,Bigil,563309.0
Petta,2019,Tamil,pre_covid,39.0,ok,True,"Action, Drama",Action,UA,U/A,True,172.0,10 Jan 2019,False,Vijay Sethupathi; Bobby Simha; Nawazuddin Siddiqui; Rajinikanth; M. Sasikumar; Trisha Krishnan; Simran,Karthik Subbaraj,,1,2.7247599806638547,6,1.9184,1.6797,0,Thursday,1,7.221,95.0,₹232.92 Cr,₹134.60 Cr,₹74.00 Cr,₹160.00 Cr,160.0,Petta_2019,Petta (film),534993.0
NGK,2019,Tamil,pre_covid,31.3,ok,True,"Action, Thriller",Action,U,U,True,148.0,31 May 2019,False,Suriya; Sai Pallavi; Rakul Preet Singh,Selvaraghavan,,1,,0,3.5161,0.7968,0,Friday,5,4.824,34.0,₹87.25 Cr,₹64.00 Cr,₹12.00 Cr,₹75.00 Cr,75.0,NGK_2019,NGK (film),532869.0
Connect,2022,Tamil,post_covid,3.85,ok,True,"Horror, Thriller",Horror,UA,UA,True,99.0,22 Dec 2022,False,Anupam Kher; Vinay Rai; Sathyaraj; Haniya Nafisa; Nayanthara,Ashwin Saravanan,Rowdy Pictures,1,3.169685568656324,8,2.8272,1.2375,0,Thursday,12,7.5,4.0,₹15.57 Cr,₹12.45 Cr,₹1.00 Cr,₹8.00 Cr,8.0,Connect_2022,Connect (2022 film),899712.0
Sembi,2022,Tamil,post_covid,1.5,ok,True,Drama,Drama,UA,UA,True,,30 Dec 2022,False,,,,0,2.393665372615071,240,0.9862,0.9316,0,Friday,12,7.1,6.0,₹0.00 Cr,₹2.73 Cr,₹0.00 Cr,,,Sembi_2022,Sembi,1054334.0
Iravin Nizhal,2022,Tamil,post_covid,2.46,ok,True,"Mystery, Thriller",Mystery,A,A,True,,15 Jul 2022,False,Robo Shankar; R. Parthiban; Brigida Saga; Varalaxmi Sarathkumar; Priyanka Ruth,R. Parthiban,Bioscope Film Framers,1,,0,1.0058,0.7453,0,Friday,7,5.9,8.0,₹0.00 Cr,₹3.78 Cr,₹0.00 Cr,,,Iravin_Nizhal_2022,Iravin Nizhal,817194.0
Vendhu Thanindhathu Kaadu,2022,Tamil,post_covid,15.25,ok,True,"Action, Drama, Musical",Action,UA,UA,True,178.0,15 Sep 2022,False,Neeraj Madhav; T.R. Silambarasan; Siddique; Siddhi Idnani; Raadhika Sarathkumar,Gautham Vasudev Menon,Vels Film International,1,1.6707353686575088,7,2.63,0.9704,0,Thursday,9,6.444,18.0,₹54.50 Cr,₹35.93 Cr,₹13.50 Cr,₹25.00 Cr,25.0,Vendhu_Thanindhathu_Kaadu_2022,Vendhu Thanindhathu Kaadu,800623.0
Gargi,2022,Tamil,post_covid,1.76,ok,True,"Drama, Thriller",Drama,U,U,True,137.0,15 Jul 2022,False,Kaali Venkat; R. S. Shivaji; Sai Pallavi; Aishwarya Lekshmi,Gautham Ramachandran,Genie & My Left Foot Productions,1,3.2739746336765,3,1.8535,1.1735,0,Friday,7,7.403,36.0,₹0.00 Cr,₹4.77 Cr,₹0.00 Cr,,,Gargi_2022,Gargi (film),973579.0
Trigger,2022,Tamil,post_covid,1.02,ok,True,"Action, Thriller",Action,,,False,,23 Sep 2022,False,Atharvaa; Tanya Ravichandran,Sam Anton,Pramod Films,1,,0,2.3323,3.8271,0,Friday,9,6.213,211.0,₹0.00 Cr,₹1.62 Cr,₹0.00 Cr,,,Trigger_2022,Trigger (2022 film),809314.0
Kalaga Thalaivan,2022,Tamil,post_covid,3.1,ok,True,"Action, Thriller",Action,UA,UA,True,139.0,18 Nov 2022,False,Kalaiyarasan; Udhayanidhi Stalin; Nidhhi Agerwal,Magizh Thirumeni,Red Giant Movies,1,2.166877540935861,2,0.8142,0.8213,0,Friday,11,5.7,14.0,₹0.00 Cr,₹4.85 Cr,₹0.00 Cr,,,Kalaga_Thalaivan_2022,Kalaga Thalaivan,1004554.0
Dejavu,2022,Tamil,post_covid,1.83,ok,True,Drama,Drama,UA,UA,True,118.0,22 Jul 2022,False,Kaali Venkat; Arulnithi Tamilarasu; Achyuth Kumar; Madhoo; Smruthi Venkat,Arvindh Srinivasan,White Carpet Films,1,1.0152306797290587,1,1.0294,1.0929,0,Friday,7,6.5,8.0,₹0.00 Cr,₹2.79 Cr,₹0.00 Cr,,,Dejavu_2022,Dejavu (2022 film),953052.0
Don,2022,Tamil,post_covid,30.48,ok,True,"Action, Comedy",Action,,,False,163.0,13 May 2022,False,S. J. Suryah; Sivakarthikeyan; Samuthirakani; Soori Muthuchamy; Sivaangi Krishnakumar; Priyanka Arulmohan,Cibi Chakaravarthi,Sivakarthikeyan Productions,1,3.169685568656324,3,4.2205,6.9389,0,Friday,5,5.439,2930.0,₹114.00 Cr,₹77.86 Cr,₹23.35 Cr,,91.3,Don_2022,Don (2022 film),535581.0
Yaanai,2022,Tamil,post_covid,6.78,ok,True,"Action, Drama, Romantic",Action,UA,UA,True,156.0,01 Jul 2022,False,Samuthirakani; Arun Vijay; Yogi Babu; Radhika Sarathkumar; Priya Bhavani Shankar,Hari,Drumsticks Productions,1,2.9119066846677373,6,1.6677,1.5584,0,Friday,7,6.3,7.0,₹21.80 Cr,₹16.90 Cr,₹2.00 Cr,,,Yaanai_2022,Yaanai,882416.0
Sinam,2022,Tamil,post_covid,0.86,ok,True,"Action, Thriller",Action,UA,UA,True,112.0,16 Sep 2022,False,Kaali Venkat; Arun Vijay; Palak Lalwani,G. N. R. Kumaravelan,Movie Slides Pvt Ltd,1,1.6521596533428342,2,0.8251,1.0354,0,Friday,9,5.0,11.0,₹0.00 Cr,₹1.34 Cr,₹0.00 Cr,,,Sinam_2022,Sinam (2022 film),1022011.0
The Legend,2022,Tamil,post_covid,2.25,ok,True,"Action, Sci-Fi",Action,UA,UA,True,161.0,28 Jul 2022,False,Arul Saravanan; Vijayakumar; Nassar; Prabhu Ganesan; Suman Talwar; Vivek; Yogi Babu; Urvashi Rautela; Geethika Tiwari,J. D.-Jerry,Saravanana Productions,1,2.6292682521135573,2,5.0717,21.9863,0,Thursday,7,7.485,10722.0,₹0.00 Cr,₹5.02 Cr,₹0.00 Cr,,1245.0,The_Legend_2022,The Legend (2022 film),566525.0
DSP,2022,Tamil,post_covid,2.69,ok,True,"Action, Crime, Drama",Action,UA,UA,True,137.0,02 Dec 2022,False,,,,0,2.4356661452657504,234,1.9184,1.1699,0,Friday,12,6.242,64.0,₹0.00 Cr,₹4.11 Cr,₹0.00 Cr,,,DSP_2022,DSP (film),806920.0
Prince,2022,Tamil,post_covid,12.7,ok,True,"Comedy, Romantic",Comedy,,,False,143.0,21 Oct 2022,False,Sivakarthikeyan; Sathyaraj; Maria Ryaboshapka,Anudeep KV,Suresh Productions,1,3.3095189961027636,6,6.6436,28.7285,0,Friday,10,7.7,21180.0,₹41.13 Cr,₹27.47 Cr,₹9.00 Cr,₹30.00 Cr,30.0,Prince_2022,Prince (2022 film),767.0
Nenjuku Needhi,2022,Tamil,post_covid,5.6,ok,True,"Drama, Thriller",Drama,UA,UA,True,132.0,20 May 2022,False,Aari Arujunan; Udhayanidhi Stalin; Shivani Rajasekhar; Sivaangi Krishnakumar; Tanya Ravichandran,Arunraja Kamaraj,Zee Studio,1,2.446685432839342,1,0.7942,0.9527,0,Friday,5,7.231,13.0,₹12.00 Cr,₹10.61 Cr,₹0.90 Cr,,,Nenjuku_Needhi_2022,Nenjuku Needhi,904718.0
Agent Kannayiram,2022,Tamil,post_covid,0.87,ok,True,"Comedy, Crime, Thriller",Comedy,UA,UA,True,144.0,25 Nov 2022,False,,,,0,2.45898597612974,231,1.3443,1.591,0,Friday,11,6.5,2.0,₹0.00 Cr,₹1.29 Cr,₹0.00 Cr,,,Agent_Kannayiram_2022,Agent Kannayiram,931853.0
D Block,2022,Tamil,post_covid,1.47,ok,True,"Action, Thriller",Action,UA,U/A,True,135.0,01 Jul 2022,False,,,,0,2.548991883365062,220,0.9664,1.1184,0,Friday,7,5.4,8.0,₹0.00 Cr,₹2.03 Cr,₹0.00 Cr,,,D_Block_2022,D Block (film),864909.0
Dada,2023,Tamil,post_covid,5.05,ok,True,Drama,Drama,U,U,True,135.0,10 Feb 2023,False,VTV Ganesh; Kavin Raj; Aparna Das,Ganesh K. Babu,Olympia Movies,1,,0,0.9204,1.5748,0,Friday,2,7.2,18.0,₹20.90 Cr,₹18.00 Cr,₹1.50 Cr,₹4.00 Cr,4.0,Dada_2023,Dada (2023 film),965979.0
Run Baby Run,2023,Tamil,post_covid,2.68,ok,True,"Drama, Thriller",Drama,UA,UA,True,132.0,03 Feb 2023,False,,,,0,2.3647980164245905,244,2.5141,0.9213,0,Friday,2,6.0,10.0,₹0.00 Cr,₹6.37 Cr,₹0.00 Cr,,,Run_Baby_Run_2023,Run Baby Run (2023 film),1061597.0
Bakasuran,2023,Tamil,post_covid,1.45,ok,True,"Action, Drama",Action,,,False,,17 Feb 2023,False,,,,0,2.3604637908562487,245,1.2282,2.0846,0,Friday,2,4.6,6.0,₹0.00 Cr,₹2.89 Cr,₹0.00 Cr,,,Bakasuran_2023,Bakasuran,981371.0
Raththam,2023,Tamil,post_covid,0.57,ok,True,"Action, Drama, Thriller",Action,UA,UA,True,149.0,06 Oct 2023,False,Vijay Antony; Nandita Swetha; Mahima Nambiar,C. S. Amudhan,Infiniti Film Ventures,1,1.2239916478417014,2,0.8775,0.7079,0,Friday,10,6.3,6.0,₹0.00 Cr,₹0.57 Cr,₹0.00 Cr,,,Raththam_2023,Raththam,930108.0
DD Returns,2023,Tamil,post_covid,10.1,ok,True,"Comedy, Horror",Comedy,UA,UA,True,125.0,28 Jul 2023,False,Mottai Rajendran; Santhanam; Surbhi Puranik,Prem Anand,RK Entertainment,1,1.2656214105034371,4,1.3443,0.7659,1,Friday,7,5.9,9.0,₹38.50 Cr,₹31.89 Cr,₹0.00 Cr,,,DD_Returns_2023,DD Returns,1153886.0
Rudhran,2023,Tamil,post_covid,4.7,ok,True,"Action, Drama",Action,UA,U/A 16+,True,153.0,14 Apr 2023,False,Raghavendra Lawrence; Nassar; Poornima Bhagyaraj; Priya Bhavani Shankar,Kathiresan,5 Star Films,1,2.086871271970638,7,1.3878,1.3763,0,Friday,4,4.7,5.0,₹15.60 Cr,₹11.54 Cr,₹2.00 Cr,,,Rudhran_2023,Rudhran,844567.0
Michael,2023,Tamil,post_covid,1.45,ok,True,"Action, Thriller",Action,UA,UA,True,155.0,03 Feb 2023,False,Sundeep Kishan; Gautham Vasudev Menon; Vijay Sethupathi; Divyansha Kaushik; Varalaxmi Sarathkumar; Anasuya Bharadwaj,Ranjit Jeyakodi,Sree Venkateswara Cinemas,1,2.6605025202994654,7,1.3727,1.411,0,Friday,2,4.429,7.0,₹10.30 Cr,₹9.95 Cr,₹1.60 Cr,,,Michael_2023,Michael (2023 film),866198.0
Good Night,2023,Tamil,post_covid,1.56,ok,True,"Comedy, Drama, Family",Comedy,U,U,True,142.0,12 May 2023,False,Bagavathi Perumal; Raichal Rebecca; Ramesh Thilak; Balaji Sakthivel; Sree Aarthi; Meetha Raghunath,Vinayak Chandrasekaran,MRP Entertainment,1,,0,0.759,1.0448,0,Friday,5,7.283,23.0,₹10.25 Cr,₹8.53 Cr,₹0.00 Cr,,,Good_Night_2023,Good Night (2023 film),1090969.0
Kolai,2023,Tamil,post_covid,1.57,ok,True,"Drama, Thriller",Drama,UA,UA,True,,21 Jul 2023,False,Vijay Antony; Ritika Singh,Balaji K. Kumar,Lotus Pictures,1,1.5040773967762742,1,2.63,0.8844,0,Friday,7,5.3,11.0,₹0.00 Cr,₹1.82 Cr,₹0.00 Cr,,,Kolai_2023,Kolai (film),898976.0
Veeran,2023,Tamil,post_covid,4.22,ok,True,"Action, Comedy, Superhero",Action,,,False,156.0,02 Jun 2023,False,Hiphop Tamizha; Munishkanth; Vinay Rai; Kaali Venkat,A.R.K. Saravanan,Sathya Jyothi Films,1,2.000475747367028,3,0.8396,0.9706,0,Friday,6,5.9,12.0,₹7.60 Cr,₹6.50 Cr,₹0.00 Cr,,,Veeran_2023,Veeran (film),979801.0
Takkar,2023,Tamil,post_covid,1.52,ok,True,"Action, Comedy, Romantic",Action,UA,UA,True,,09 Jun 2023,False,Siddharth; Munishkanth; Yogi Babu; RJ Vigneshkanth; Divyansha Kaushik,Karthik G. Krish,People Media Factory,1,2.519300558879972,8,1.4121,1.1161,0,Friday,6,4.778,9.0,₹0.00 Cr,₹4.66 Cr,₹0.00 Cr,,,Takkar_2023,Takkar (2023 film),657731.0
Fight Club,2023,Tamil,post_covid,5.86,ok,True,"Action, Thriller",Action,A,A,True,137.0,15 Dec 2023,False,Kaarthekeyen Santhanam; Shankar Thas; Vijay Kumar,Abbas A Rahmath,Reel Good Films,0,,0,0.9769,1.3364,0,Friday,12,6.6,16.0,₹0.00 Cr,₹9.69 Cr,₹0.00 Cr,,,Fight_Club_2023,Fight Club (2023 film),1213076.0
Rajakili,2024,Tamil,post_covid,0.08,ok,True,"Drama, Family",Drama,,,False,,27 Dec 2024,False,,,,0,1.5931880416009718,424,1.6677,0.8151,0,Friday,12,0.0,0.0,₹0.12 Cr,₹0.10 Cr,₹0.00 Cr,,,Rajakili_2024,Rajakili,1008226.0
Once Upon A Time in Madras,2024,Tamil,post_covid,0.13,ok,True,"Action, Crime, Drama",Action,A,A,True,120.0,13 Dec 2024,False,,,,0,1.6192116213677297,413,0.8295,0.6587,0,Friday,12,7.5,2.0,₹0.39 Cr,₹0.35 Cr,₹0.00 Cr,,,Once_Upon_A_Time_in_Madras_2024,Once Upon a Time in Madras,1398967.0
Glassmates,2024,Tamil,post_covid,0.07,ok,True,"Comedy, Drama",Comedy,UA,UA,True,,23 Feb 2024,False,,,,0,2.175544458706919,275,0.9395,0.6312,0,Friday,2,0.0,0.0,₹0.16 Cr,₹0.15 Cr,₹0.00 Cr,,,Glassmates_2024,Aruldoss,1376525.0
Ingu Mirugangal Vaazhum Idam,2024,Tamil,post_covid,0.03,ok,False,"Crime, Thriller",Crime,A,A,True,,26 Apr 2024,False,,,,0,1.9700031951359511,312,0.252,0.5072,0,Friday,4,0.0,0.0,₹0.04 Cr,₹0.04 Cr,₹0.00 Cr,,,Ingu_Mirugangal_Vaazhum_Idam_2024,Ingu Mirugangal Vaazhum Idam,1279019.0
Star,2024,Tamil,post_covid,10.3,ok,True,"Drama, Family",Drama,U,U,True,157.0,10 May 2024,False,Lal; Kavin Raj; Aaditi Pohankar,Elan,Sri Venkateswara Cine Chitra,1,1.9429779225631234,6,7.4273,31.8602,0,Friday,5,8.208,22848.0,₹25.73 Cr,₹19.99 Cr,₹2.75 Cr,,91.3,Star_2024,Star (2024 film),11.0
Rathnam,2024,Tamil,post_covid,5.0,ok,True,"Action, Drama",Action,UA,U/A 13+,True,156.0,26 Apr 2024,False,Vishal Krishna; Gautham Vasudev Menon; Yogi Babu; Samuthirakani; Priya Bhavani Shankar,Hari,Zee Studio,1,2.2499789472211824,12,2.178,1.2912,0,Friday,4,5.3,11.0,₹17.39 Cr,₹14.49 Cr,₹1.00 Cr,,,Rathnam_2024,Rathnam (film),1171532.0
Petta Rap,2024,Tamil,post_covid,0.12,ok,True,"Drama, Musical",Drama,,,False,123.0,27 Sep 2024,False,,,,0,1.7234220835844873,377,1.2278,0.7822,0,Friday,9,0.0,0.0,₹0.23 Cr,₹0.19 Cr,₹0.00 Cr,,,Petta_Rap_2024,Petta Rap,1317591.0
The Boys,2024,Tamil,post_covid,0.22,ok,True,Drama,Drama,,,False,,29 Mar 2024,False,,,,0,2.0489791849783923,296,4.9049,3.4468,0,Friday,3,7.236,379.0,₹0.48 Cr,₹0.44 Cr,₹0.00 Cr,,332.0,The_Boys_2024,The Boys (2024 film),823452.0
Nalla Perai Vaanga Vendum Pillaigale,2024,Tamil,post_covid,0.04,ok,False,Comedy,Comedy,A,A,True,,08 Mar 2024,False,,,,0,2.120883557528759,284,0.3934,0.6348,0,Friday,3,0.0,0.0,₹0.09 Cr,₹0.07 Cr,₹0.00 Cr,,,Nalla_Perai_Vaanga_Vendum_Pillaigale_2024,Nalla Perai Vaanga Vendum Pillaigale,1247584.0
Antha Naal,2024,Tamil,post_covid,0.03,ok,False,"Horror, Thriller",Horror,,,False,,13 Dec 2024,False,,,,0,1.6192116213677297,413,0.5495,0.6583,0,Friday,12,0.0,0.0,₹0.04 Cr,₹0.04 Cr,₹0.00 Cr,,,Antha_Naal_2024,Devathai,1403357.0
PT Sir,2024,Tamil,post_covid,4.5,ok,True,"Comedy, Drama",Comedy,,,False,,24 May 2024,False,,,,0,1.9092495588865295,323,0.9581,0.7855,0,Friday,5,8.1,9.0,₹12.94 Cr,₹11.34 Cr,₹0.00 Cr,,,PT_Sir_2024,PT Sir,1073264.0
Dhonima,2024,Tamil,post_covid,0.04,ok,False,"Drama, Family",Drama,,,False,,20 Sep 2024,False,,,,0,1.7445275358161618,371,0.8251,0.9461,0,Friday,9,0.0,0.0,₹0.09 Cr,₹0.08 Cr,₹0.00 Cr,,,Dhonima_2024,Dhonima,1355466.0
Aalan,2024,Tamil,post_covid,0.07,ok,True,Drama,Drama,,,False,,18 Oct 2024,False,,,,0,1.6810770056318953,391,0.7229,0.6605,0,Friday,10,0.0,0.0,₹0.12 Cr,₹0.12 Cr,₹0.00 Cr,,,Aalan_2024,Aalan,1265979.0
Alangu,2024,Tamil,post_covid,0.27,ok,True,"Action, Thriller",Action,,,False,,27 Dec 2024,False,,,,0,1.5931880416009718,424,0.8251,1.0924,0,Friday,12,0.0,0.0,₹0.41 Cr,₹0.37 Cr,₹0.00 Cr,,,Alangu_2024,Alangu,1384671.0
Scene Number 62,2024,Tamil,post_covid,0.03,ok,False,"Drama, Thriller",Drama,A,A,True,109.0,25 Oct 2024,False,,,,0,1.6632304375548967,396,0.5023,0.7195,0,Friday,10,0.0,0.0,₹0.06 Cr,₹0.05 Cr,₹0.00 Cr,,,Scene_Number_62_2024,Abigail (2024 film),1413739.0
Emagadhagan,2024,Tamil,post_covid,0.03,ok,False,"Drama, Social",Drama,UA,UA,True,,05 Jul 2024,False,,,,0,1.8321922968828355,344,0.3738,0.5698,0,Friday,7,0.0,0.0,₹0.09 Cr,₹0.08 Cr,₹0.00 Cr,,,Emagadhagan_2024,Emagadhagan,1307764.0
Lara,2025,Tamil,post_covid,0.03,ok,False,"Suspense, Thriller",Suspense,,,False,117.0,03 Jan 2025,False,,,,0,1.5864500177944099,426,0.8717,4.7113,0,Friday,1,0.0,0.0,₹0.08 Cr,₹0.07 Cr,₹0.00 Cr,,,Lara_2025,Lara (2025 film),1295691.0
Akkenam,2025,Tamil,post_covid,0.18,ok,True,"Drama, Thriller",Drama,UA,U/A 13+,True,,04 Jul 2025,False,G. M. Sundar; Keerthi Pandian; Namritha MV,Uday . K,A & P Groups,0,,0,0.6558,0.6384,0,Friday,7,10.0,1.0,₹0.30 Cr,₹0.26 Cr,₹0.00 Cr,,,Akkenam_2025,Akkenam,1507067.0
Jora Kaiya Thattunga,2025,Tamil,post_covid,0.03,ok,False,"Drama, Family, Thriller",Drama,,,False,,16 May 2025,False,,,,0,1.4194215478548249,510,1.4121,0.921,0,Friday,5,0.0,0.0,₹0.06 Cr,₹0.06 Cr,₹0.00 Cr,,,Jora_Kaiya_Thattunga_2025,Jora Kaiya Thattunga,1646073.0
Tourist Family,2025,Tamil,post_covid,8.15,ok,True,"Comedy, Drama, Family",Comedy,U,U,True,128.0,01 May 2025,False,Kamalesh; Yogi Babu; M. Sasikumar; Mithun Jai Sankar; Simran,Abishan Jeevinth,MRP Entertainment,1,2.7472709081421947,18,2.2743,1.5665,0,Thursday,5,7.883,47.0,₹87.23 Cr,₹61.62 Cr,₹15.55 Cr,,,Tourist_Family_2025,Tourist Family,1398359.0
Indra,2025,Tamil,post_covid,0.71,ok,True,"Crime, Suspense, Thriller",Crime,UA,UA,True,,22 Aug 2025,False,Vasanth Ravi; Sunil Varma; Mehreen Pirzada,Sabarish Nanda,JSM Productions,1,2.335478955226466,13,0.7705,0.6956,0,Friday,8,6.0,1.0,₹1.26 Cr,₹1.11 Cr,₹0.00 Cr,,,Indra_2025,Indra (2025 film),1225968.0
Robber,2025,Tamil,post_covid,0.14,ok,True,"Crime, Thriller",Crime,,,False,110.0,14 Mar 2025,True,,,,0,1.4855820376909368,470,3.7698,2.0085,0,Friday,3,8.167,6.0,₹0.25 Cr,₹0.23 Cr,₹0.00 Cr,,,Robber_2025,Novocaine (2025 film),1591287.0
Oho Enthan Baby,2025,Tamil,post_covid,0.47,ok,True,"Drama, Romantic",Drama,,,False,130.0,11 Jul 2025,False,Rudra K; Arun Kurian; Karunakaran; Balaji Sakthivel; Mysskin; Sujatha Babu; Mithila Palkar; Nanditha SreeKumar; Anju Kurian,Krishnakumar Ramakumar,Romeo Pictures,1,,0,1.3724,1.4429,0,Friday,7,5.0,5.0,₹0.90 Cr,₹0.77 Cr,₹0.00 Cr,,,Oho_Enthan_Baby_2025,Oho Enthan Baby,1329271.0
Kadhalikka Neramillai,2025,Tamil,post_covid,2.3,ok,True,"Comedy, Romantic",Comedy,UA,U/A 16+,True,143.0,14 Jan 2025,True,Ravi Mohan; Vinay Rai; Yogi Babu; Nithya Menen,Kiruthiga Udhayanidhi,Red Giant Movies,1,2.6417045766121436,16,1.1668,0.9412,0,Tuesday,1,5.357,14.0,₹10.06 Cr,₹9.59 Cr,₹0.00 Cr,,,Kadhalikka_Neramillai_2025,Kadhalikka Neramillai (2025 film),1211999.0
Jenma Natchathiram,2025,Tamil,post_covid,0.75,ok,True,Drama,Drama,UA,UA,True,118.0,18 Jul 2025,False,Kaali Venkat; Taman Akshaan; Thalaivaasal Vijay; Munishkanth; Santhana Bharathi; Malvi Malhotra,Manivarman,Romeo Pictures,1,0.892027959703105,3,0.6013,0.664,0,Friday,7,0.0,0.0,₹2.73 Cr,₹2.43 Cr,₹0.00 Cr,,,Jenma_Natchathiram_2025,Jenma Natchathiram,1514063.0
Cristina Kathirvelan,2025,Tamil,post_covid,0.13,ok,True,"Action, Drama, Romantic",Action,UA,U/A 13+,True,,07 Nov 2025,False,,,,0,1.3785747758125648,533,1.1607,1.2646,0,Friday,11,0.0,0.0,₹0.17 Cr,₹0.15 Cr,₹0.00 Cr,,,Cristina_Kathirvelan_2025,Cristina Kathirvelan,1565129.0
Gajaana,2025,Tamil,post_covid,0.04,ok,False,"Adventure, Mystery, Thriller",Adventure,UA,UA,True,108.0,09 May 2025,False,,,,0,1.4230999861858615,504,1.4121,1.6916,0,Friday,5,4.5,4.0,₹0.05 Cr,₹0.04 Cr,₹0.00 Cr,,,Gajaana_2025,Gajaana,985667.0
Aghathiyaa,2025,Tamil,post_covid,1.66,ok,True,"Action, Adventure, Fantasy, Thriller",Action,,,False,135.0,28 Feb 2025,False,,,,0,1.4962574211769235,464,1.5955,1.1695,0,Friday,2,4.8,8.0,₹3.65 Cr,₹3.14 Cr,₹0.00 Cr,,,Aghathiyaa_2025,Aghathiyaa,1103756.0
Thadai Athai Udai,2025,Tamil,post_covid,0.03,ok,False,"Action, Drama",Action,UA,U/A 13+,True,129.0,31 Oct 2025,False,Thiruvarur Ganesh; Angadi Theru Mahesh; Mahaadeer Mohammed; Guna Babu,Arivazhakan Murugesan,,0,,0,0.4995,1.3681,0,Friday,10,0.0,0.0,₹0.03 Cr,₹0.03 Cr,₹0.00 Cr,,,Thadai_Athai_Udai_2025,Thadai Athai Udai,1562718.0
Gevi,2025,Tamil,post_covid,0.24,ok,True,"Action, Drama",Action,,,False,,18 Jul 2025,False,Aadhavan M; Vivek Mohan; Umar Farook; Charles Vinoth; Jacquline Lydia; Sheela Rajkumar; Jeeva Subramanian,Tamil Dhayalan,Artup Triangle Film Kampany,1,,0,1.3704,0.792,0,Friday,7,0.0,0.0,₹0.54 Cr,₹0.51 Cr,₹0.00 Cr,,,Gevi_2025,Gevi,1512637.0
Maareesan,2025,Tamil,post_covid,3.51,ok,True,"Adventure, Drama, Thriller",Adventure,UA,U/A 13+,True,152.0,25 Jul 2025,False,Fahadh Faasil; Vivek Prasanna; Saravana Subbiah; Vadivelu; P. L. Thenappan; Livingston; Kovai Sarala,Sudheesh Sankar,,1,2.5291787987241214,10,1.4502,1.2225,0,Friday,7,7.02,25.0,₹7.60 Cr,₹6.53 Cr,₹0.00 Cr,,9.462,Maareesan_2025,Maareesan,1022074.0
Bun Butter Jam,2025,Tamil,post_covid,0.94,ok,True,Drama,Drama,UA,UA,True,148.0,18 Jul 2025,False,Raju Jeyamohan; Charlie; Saranya Ponvannan; Aadhiya Prasad; Devadarshini; Bhavya Trikha,Raghav Mirdath,Rain of Arrows Entertainment,1,,0,0.8842,1.0176,0,Friday,7,5.0,0.0,₹2.00 Cr,₹1.70 Cr,₹0.00 Cr,₹4.00 Cr,4.0,Bun_Butter_Jam_2025,Bun Butter Jam,1495790.0
Majili,2019,Telugu,pre_covid,19.65,ok,True,Romantic,Romantic,UA,UA,True,154.0,05 Apr 2019,False,Naga Chaitanya; Samantha Ruth Prabhu,Shiva Nirvana,,1,,0,2.1457,1.3825,0,Friday,4,6.5,42.0,₹58.45 Cr,₹40.74 Cr,₹9.00 Cr,₹22.00 Cr,22.0,Majili_2019,Majili,571610.0
118,2019,Telugu,pre_covid,6.24,ok,True,"Action, Thriller",Action,UA,UA,True,126.0,01 Mar 2019,False,,,,0,2.698265528744735,184,1.3269,0.844,0,Friday,3,5.208,12.0,₹8.25 Cr,₹6.24 Cr,₹0.88 Cr,₹11.00 Cr,11.0,118_2019,118 (film),585564.0
Gaddalakonda Ganesh,2019,Telugu,pre_covid,18.3,ok,True,"Action, Thriller",Action,UA,U/A,True,172.0,20 Sep 2019,False,,,,0,2.6801474730895536,199,1.0438,3.1218,0,Friday,9,5.667,12.0,₹46.00 Cr,₹33.70 Cr,₹6.00 Cr,₹35.00 Cr,35.0,Gaddalakonda_Ganesh_2019,Gaddalakonda Ganesh,611054.0
Jersey,2019,Telugu,pre_covid,16.37,ok,True,"Drama, Sports",Drama,U,U,True,160.0,19 Apr 2019,False,Nani; Sathyaraj; Shraddha Srinath,Gowtam Tinnanuri,Sithara Entertainments,1,4.685339353202195,2,2.7025,1.4176,0,Friday,4,8.019,79.0,₹51.70 Cr,₹33.65 Cr,₹12.00 Cr,₹20.00 Cr,20.0,Jersey_2019,Jersey (2019 film),592898.0
Game Over,2019,Telugu,pre_covid,1.37,ok,True,Thriller,Thriller,,,False,97.0,14 Jun 2019,False,,,,0,2.69508192702204,191,0.3669,0.7587,0,Friday,6,7.0,2.0,₹16.00 Cr,₹11.91 Cr,₹1.30 Cr,₹20.00 Cr,20.0,Game_Over_2019,Game Over (2019 film),678356.0
Maharshi,2019,Telugu,pre_covid,37.3,ok,True,Action,Action,UA,U/A,True,170.0,09 May 2019,False,Mahesh Babu; Allari Naresh; Pooja Hegde,Vamsi Paidipally,,1,,0,2.3117,1.2381,0,Thursday,5,6.6,40.0,₹176.00 Cr,₹129.90 Cr,₹22.00 Cr,₹100.00 Cr,100.0,Maharshi_2019,Maharshi (2019 film),541487.0
Chitralahari,2019,Telugu,pre_covid,11.76,ok,True,"Drama, Romantic",Drama,U,U,True,130.0,12 Apr 2019,False,,,,0,2.686862675742074,188,1.4962,1.1894,0,Friday,4,7.0,23.0,₹26.00 Cr,₹20.31 Cr,₹2.00 Cr,₹18.00 Cr,18.0,Chitralahari_2019,Chitralahari (film),590012.0
Oh! Baby,2019,Telugu,pre_covid,9.5,ok,True,"Comedy, Drama",Comedy,U,U,True,161.0,05 Jul 2019,False,Rajendra Prasad; Naga Shaurya; Samantha Ruth Prabhu; Lakshmi,B. V. Nandini Reddy,Suresh Productions,1,3.027715319407042,1,2.1457,0.9096,0,Friday,7,6.636,33.0,₹38.00 Cr,₹23.20 Cr,₹10.00 Cr,₹15.00 Cr,15.0,Oh_Baby_2019,Oh! Baby (2019 film),607091.0
Vinaya Vidheya Rama,2019,Telugu,pre_covid,44.7,ok,True,Action,Action,UA,U/A,True,146.0,11 Jan 2019,False,Vivek Oberoi; Ram Charan; Prashanth Thyagarajan; Kiara Advani,Boyapati Srinu,,1,3.976753722652295,2,2.6143,1.169,0,Friday,1,4.033,30.0,₹97.90 Cr,₹79.83 Cr,₹3.90 Cr,₹75.00 Cr,75.0,Vinaya_Vidheya_Rama_2019,Vinaya Vidheya Rama,566402.0
Saaho,2019,Telugu,pre_covid,112.8,ok,True,Action,Action,UA,U/A 13+,True,170.0,30 Aug 2019,False,Prabhas; Neil Nitin Mukesh; Vennela Kishore; Arun Vijay; Murali Sharma; Mahesh Manjrekar; Jackie Shroff; Chunky Pandey; Tinnu Anand; Evelyn Sharma; +2 more,Sujeeth,Yash Raj Films,1,4.820281565605037,2,1.7521,2.3837,0,Friday,8,5.731,117.0,₹451.00 Cr,₹310.60 Cr,₹92.00 Cr,₹350.00 Cr,350.0,Saaho_2019,Saaho,454292.0
iSmart Shankar,2019,Telugu,pre_covid,24.6,ok,True,Action,Action,A,A,True,141.0,18 Jul 2019,False,Ashish Vidyarthi; Ram Pothineni; Satyadev Kancharana; Puneet Issar; Nabha Natesh; Nidhhi Agerwal,Puri Jagannadh,Puri Jagannadh Touring Talkies,1,,0,1.032,1.5592,0,Thursday,7,5.13,23.0,₹80.00 Cr,₹65.62 Cr,₹4.00 Cr,₹20.00 Cr,20.0,iSmart_Shankar_2019,ISmart Shankar,609108.0
Manmadhudu 2,2019,Telugu,pre_covid,19.5,ok,True,"Comedy, Romantic",Comedy,UA,UA,True,152.0,09 Aug 2019,False,,,,0,2.678611866410783,195,2.1457,1.0337,1,Friday,8,5.077,13.0,₹29.00 Cr,₹19.50 Cr,₹5.00 Cr,₹50.00 Cr,50.0,Manmadhudu_2_2019,Manmadhudu 2,606714.0
Venky Mama,2019,Telugu,pre_covid,26.8,ok,True,"Action, Comedy",Action,UA,UA,True,144.0,13 Dec 2019,False,,,,0,2.657473730184425,206,1.464,1.1959,0,Friday,12,4.375,16.0,₹58.70 Cr,₹42.70 Cr,₹8.00 Cr,₹40.00 Cr,40.0,Venky_Mama_2019,Venky Mama,613853.0
Dear Comrade,2019,Telugu,pre_covid,19.0,ok,True,"Action, Romantic",Action,UA,UA,True,170.0,26 Jul 2019,False,Vijay Deverakonda; Rashmika Mandanna; Shruti Ramachandran,Bharath Kamma,Mythri Movie Makers,1,,0,1.8039,1.1063,0,Friday,7,6.89,50.0,₹37.00 Cr,₹26.20 Cr,₹6.00 Cr,₹25.00 Cr,25.0,Dear_Comrade_2019,Dear Comrade,563604.0
Yatra,2019,Telugu,pre_covid,6.4,ok,True,Biography,Biography,,,False,126.0,08 Feb 2019,False,,,,0,2.7007779510125083,181,2.2354,1.1956,0,Friday,2,6.6,6.0,₹12.30 Cr,₹8.80 Cr,₹1.90 Cr,₹18.00 Cr,18.0,Yatra_2019,Yatra (2019 film),521714.0
Sita,2019,Telugu,pre_covid,4.3,ok,True,"Drama, Romantic",Drama,,,False,162.0,24 May 2019,False,Abhimanyu Singh; Bellamkonda Sreenivas; Sonu Sood; Kajal Aggarwal,Teja (film director),Ariel Studios,1,3.1899362443017347,2,1.6138,1.0633,0,Friday,5,5.625,12.0,₹9.30 Cr,₹6.90 Cr,₹1.00 Cr,₹20.00 Cr,20.0,Sita_2019,Sita (2019 film),604434.0
Ashoka Vanamlo Arjuna Kalyanam,2022,Telugu,post_covid,5.02,ok,True,"Drama, Romantic",Drama,UA,UA,True,149.0,06 May 2022,False,Vishwak Sen; Rukshar Dhillon,Vidyasagar Chinta,Sri Venkateswara Cine Chitra,1,1.737626489018817,2,0.9079,1.8211,0,Friday,5,7.214,7.0,₹3.60 Cr,₹7.65 Cr,₹0.00 Cr,,,Ashoka_Vanamlo_Arjuna_Kalyanam_2022,Ashoka Vanamlo Arjuna Kalyanam,967796.0
Sita Ramam,2022,Telugu,post_covid,10.8,ok,True,"Drama, Romantic",Drama,U,U,True,163.0,05 Aug 2022,False,Sumanth; Tharun Bhascker; Gautham Vasudev Menon; Dulquer Salmaan; Rashmika Mandanna; Mrunal Thakur; Bhumika Chawla,Hanu Raghavapudi,Vyjayanthi Movies,1,1.7177994019821643,2,1.8933,2.8103,0,Friday,8,7.847,118.0,₹94.28 Cr,₹65.49 Cr,₹17.00 Cr,₹25.00 Cr,25.0,Sita_Ramam_2022,Sita Ramam,894803.0
Masooda,2022,Telugu,post_covid,2.63,ok,True,"Horror, Thriller",Horror,A,A,True,160.0,18 Nov 2022,False,Thiruveer; Subhalekha Sudhakar; Sangeetha Krish; Surabhi Prabhavathi; Kavya Kalyanram,Sai Kiran Y,Swadharm Productions,1,0.9162907318741551,1,1.0387,1.5873,0,Friday,11,6.962,13.0,₹13.00 Cr,₹10.37 Cr,₹0.85 Cr,₹3.00 Cr,3.0,Masooda_2022,Masooda,1047902.0
Ranga Ranga Vaibhavanga,2022,Telugu,post_covid,3.27,ok,True,"Comedy, Drama, Romantic",Comedy,UA,UA,True,,02 Sep 2022,False,Panjaa Vaishnav Tej; Naveen Chandra; Subbaraju; Ketika Sharma,Gireeshaaya,Sri Venkateswara Cine Chitra,1,3.5929190671669216,2,1.5089,1.1915,0,Friday,9,4.325,20.0,₹6.45 Cr,₹4.57 Cr,₹1.10 Cr,₹10.00 Cr,10.0,Ranga_Ranga_Vaibhavanga_2022,Ranga Ranga Vaibhavanga,934772.0
18 Pages,2022,Telugu,post_covid,6.75,ok,True,"Action, Comedy, Drama, Romantic",Action,UA,UA,True,133.0,23 Dec 2022,True,Nikhil Siddharth; Krishna Murali Posani; Dinesh Tej; Ajay; Brahmaji; Anupama Parameswaran,Palnati Surya Pratap,Sukumar Writings,1,2.6966521510052726,1,1.1595,2.2293,0,Friday,12,5.231,13.0,₹22.96 Cr,₹16.80 Cr,₹3.30 Cr,₹15.00 Cr,15.0,18_Pages_2022,18 Pages,894758.0
Urvasivo Rakshasivo,2022,Telugu,post_covid,2.72,ok,True,"Comedy, Drama, Romantic",Comedy,UA,UA,True,,04 Nov 2022,False,Vennela Kishore; Allu Sirish; Sunil Varma; Anu Emmanuel,Rakesh Sashi,GA2 Pictures,1,2.670370915227146,19,1.0251,0.9989,0,Friday,11,5.6,6.0,₹3.68 Cr,₹4.76 Cr,₹0.50 Cr,,,Urvasivo_Rakshasivo_2022,Urvasivo Rakshasivo,1033866.0
Alluri,2022,Telugu,post_covid,0.75,ok,True,"Action, Crime, Drama",Action,,,False,169.0,23 Sep 2022,False,Suman Talwar; Tanikella Bharani; Ravi Varma; Sree Vishnu; Madhusudhan Rao; Kayadu Lohar,Pradeep Varma,Lucky Media,1,2.972975296187634,1,1.5098,0.6814,0,Friday,9,4.5,1.0,₹0.00 Cr,₹1.24 Cr,₹0.00 Cr,,,Alluri_2022,Alluri (film),995666.0
Macherla Niyojakavargam,2022,Telugu,post_covid,9.8,ok,True,"Action, Thriller",Action,UA,UA,True,159.0,12 Aug 2022,False,Vennela Kishore; Nithiin; Rajendra Prasad; Samuthirakani; Murali Sharma; Catherine Tresa; Krithi Shetty,M. S. Rajashekhar Reddy,Sreshth Movies,1,2.9441346591294786,15,1.6677,1.6507,0,Friday,8,5.1,8.0,₹15.15 Cr,₹12.41 Cr,₹1.00 Cr,,,Macherla_Niyojakavargam_2022,Macherla Niyojakavargam,891010.0
Aa Ammayi Gurinchi Meeku Cheppali,2022,Telugu,post_covid,1.04,ok,True,"Comedy, Drama, Romantic",Comedy,UA,UA,True,145.0,16 Sep 2022,False,Vennela Kishore; Sudheer Babu; Rahul Ramakrishna; Srinivas Avasarla; Krithi Shetty,Mohana Krishna Indraganti,Mythri Movie Makers,1,2.8444935741706807,17,1.2572,1.9139,0,Friday,9,4.8,5.0,₹1.47 Cr,₹1.75 Cr,₹0.25 Cr,₹10.00 Cr,10.0,Aa_Ammayi_Gurinchi_Meeku_Cheppali_2022,Aa Ammayi Gurinchi Meeku Cheppali,921106.0
Sammathame,2022,Telugu,post_covid,2.57,ok,True,"Comedy, Drama, Romantic",Comedy,UA,UA,True,130.0,24 Jun 2022,False,Kiran Abbavaram; Chandini Chowdary,Gopinath Reddy,UG Productions,1,1.9530276100605297,1,0.7954,1.5565,0,Friday,6,5.333,3.0,₹0.00 Cr,₹4.79 Cr,₹0.00 Cr,,,Sammathame_2022,Sammathame,905606.0
Itlu Maredumilli Prajaneekam,2022,Telugu,post_covid,1.98,ok,True,"Drama, Social",Drama,UA,UA,True,,25 Nov 2022,False,Allari Naresh; Vennela Kishore; Anandhi,AR Mohan,Hasya Movies,1,2.6025385528800418,20,1.2375,0.669,0,Friday,11,5.3,3.0,₹3.41 Cr,₹2.87 Cr,₹0.05 Cr,₹5.00 Cr,5.0,Itlu_Maredumilli_Prajaneekam_2022,Itlu Maredumilli Prajaneekam,1030078.0
Yashoda,2022,Telugu,post_covid,8.75,ok,True,"Drama, Thriller",Drama,UA,UA,True,132.0,11 Nov 2022,False,Unni Mukundan; Rao Ramesh; Sampath Raj; Murali Sharma; Varalaxmi Sarathkumar; Samantha Ruth Prabhu,Hari Shankar and Harish Narayan,Sridevi Movies,1,2.785227901382524,4,2.4813,1.628,0,Friday,11,6.3,25.0,₹32.13 Cr,₹20.20 Cr,₹8.50 Cr,₹30.00 Cr,30.0,Yashoda_2022,Yashoda (film),900222.0
The Ghost,2022,Telugu,post_covid,2.25,ok,True,"Action, Thriller",Action,UA,U/A,True,138.0,05 Oct 2022,False,Nagarjuna Akkineni; Manish Chaudhari; Ravi Varma; Srikanth Iyengar; Gul Panag; Sonal Chauhan; Anikha Surendran,Praveen Sattaru,Sri Venkateswara Cinemas,1,3.290497160632764,3,3.3052,12.9852,0,Wednesday,10,7.928,4040.0,₹10.50 Cr,₹7.75 Cr,₹1.50 Cr,₹25.00 Cr,25.0,The_Ghost_2022,The Ghost (2022 film),9323.0
Organic Mama Hybrid Alludu,2023,Telugu,post_covid,0.54,ok,True,"Action, Comedy, Drama",Action,U,U,True,,03 Mar 2023,False,,,,0,2.3402270129009874,248,1.4037,1.5962,0,Friday,3,7.0,3.0,₹0.00 Cr,₹0.54 Cr,₹0.00 Cr,,,Organic_Mama_Hybrid_Alludu_2023,Organic Mama Hybrid Alludu,982875.0
Nenu Student Sir,2023,Telugu,post_covid,0.59,ok,True,"Action, Thriller",Action,,,False,128.0,02 Jun 2023,False,Bellamkonda Ganesh Babu; Sunil Varma; Samuthirakani; Avantika Dasani,Rakhi Uppalapati,SV2 Entertainment,1,2.949671110245344,7,1.6677,0.8521,0,Friday,6,6.0,1.0,₹0.00 Cr,₹0.59 Cr,₹0.00 Cr,,,Nenu_Student_Sir_2023,Nenu Student Sir,1034164.0
Rules Ranjann,2023,Telugu,post_covid,0.89,ok,True,"Comedy, Drama, Romantic",Comedy,UA,U/A 13+,True,,06 Oct 2023,False,Kiran Abbavaram; Neha Shetty; Meher Chahal,Rathinam Krishna,Starlight Entertainment,1,1.6770965653643373,3,1.0251,0.701,0,Friday,10,5.0,1.0,₹2.10 Cr,₹1.79 Cr,₹0.00 Cr,,,Rules_Ranjann_2023,Rules Ranjann,1001279.0
Michael,2023,Telugu,post_covid,4.9,ok,True,"Action, Thriller",Action,UA,UA,True,155.0,03 Feb 2023,False,Sundeep Kishan; Gautham Vasudev Menon; Vijay Sethupathi; Divyansha Kaushik; Varalaxmi Sarathkumar; Anasuya Bharadwaj,Ranjit Jeyakodi,Sree Venkateswara Cinemas,1,2.6605025202994654,7,1.3727,1.411,0,Friday,2,4.429,7.0,₹10.30 Cr,₹9.95 Cr,₹1.60 Cr,,,Michael_2023,Michael (2023 film),866198.0
Miss Shetty Mr Polishetty,2023,Telugu,post_covid,9.6,ok,True,"Comedy, Romantic",Comedy,UA,U/A 13+,True,147.0,07 Sep 2023,False,Murali Sharma; Naveen Polishetty; Jayasudha; Anushka Shetty,Mahesh Babu P,UV Creations,1,2.305529675424389,13,2.0467,1.1495,0,Thursday,9,6.242,31.0,₹51.00 Cr,₹28.67 Cr,₹17.20 Cr,,,Miss_Shetty_Mr_Polishetty_2023,Miss Shetty Mr Polishetty,1045385.0
Meter,2023,Telugu,post_covid,1.26,ok,True,"Action, Drama",Action,,,False,127.0,07 Apr 2023,False,Kiran Abbavaram; Athulya Ravi,Ramesh Kadhuri,Mythri Movie Makers,1,1.6127966029260388,2,1.1071,1.3993,0,Friday,4,6.2,15.0,₹0.00 Cr,₹1.83 Cr,₹0.00 Cr,,,Meter_2023,Meter (film),1079202.0
Bubblegum,2023,Telugu,post_covid,1.51,ok,True,"Drama, Romantic",Drama,,,False,148.0,29 Dec 2023,False,,,,0,2.30169463309577,255,3.5555,0.9936,0,Friday,12,5.0,4.0,₹2.35 Cr,₹2.01 Cr,₹0.00 Cr,,,Bubblegum_2023,Bubblegum (film),1191554.0
Rudrangi,2023,Telugu,post_covid,0.44,ok,True,"Action, Period, Thriller",Action,UA,UA,True,142.0,07 Jul 2023,False,Jagapati Babu; Ashish Gandhi; Mamta Mohandas; Ganavi Laxman; Vimala Raman,Ajay Samrat,Rasamayi Films,1,2.38298506994326,2,0.9699,0.7823,0,Friday,7,7.0,2.0,₹0.00 Cr,₹0.68 Cr,₹0.00 Cr,,,Rudrangi_2023,Rudrangi,1032302.0
Rangabali,2023,Telugu,post_covid,3.6,ok,True,"Comedy, Drama, Romantic",Comedy,UA,UA,True,134.0,07 Jul 2023,False,Rajkumar Kasireddy; Shine Tom Chacko; Brahmaji; Naga Shaurya; Sathya; Yukti Thareja,Pawan Basamsetti,Sri Lakshmi Venkateswara Cinemas,1,2.2269348911888,7,0.797,1.2136,0,Friday,7,5.8,6.0,₹7.05 Cr,₹5.42 Cr,₹0.70 Cr,,,Rangabali_2023,Rangabali (film),1137914.0
Mad,2023,Telugu,post_covid,5.65,ok,True,"Comedy, Drama",Comedy,A,A,True,127.0,06 Oct 2023,False,Narne Nithin; Sangeeth Shobhan; Ram Nithin; Gouri Priya; Gopikaa Udyan; Ananthika,Kalyan Shankar,Sithara Entertainments,1,,0,7.7376,79.3379,0,Friday,10,7.637,24581.0,₹26.00 Cr,₹19.33 Cr,₹3.50 Cr,,1245.0,Mad_2023,Mad (film),76341.0
Amigos,2023,Telugu,post_covid,6.45,ok,True,"Action, Drama, Thriller",Action,,,False,137.0,10 Feb 2023,False,Nithin Prasanna; Kalyan Ram; Ashika Ranganath,Rajendra Reddy,Mythri Movie Makers,1,1.791759469228055,1,2.9122,5.1655,0,Friday,2,6.344,1208.0,₹11.75 Cr,₹8.75 Cr,₹1.50 Cr,₹15.00 Cr,15.0,Amigos_2023,Amigos (film),8388.0
Gandeevadhari Arjuna,2023,Telugu,post_covid,2.15,ok,True,"Action, Thriller",Action,UA,UA,True,135.0,25 Aug 2023,False,Vinay Rai; Varun Tej; Nassar; Sakshi Vaidya,Praveen Sattaru,Sri Venkateswara Cine Chitra,1,2.8600534231879475,10,1.3269,1.4997,0,Friday,8,6.5,7.0,₹3.00 Cr,₹3.60 Cr,₹0.50 Cr,,,Gandeevadhari_Arjuna_2023,Gandeevadhari Arjuna,1034155.0
Writer Padmabhushan,2023,Telugu,post_covid,2.95,ok,True,"Drama, Family",Drama,U,U,True,123.0,03 Feb 2023,False,Ashish Vidyarthi; Suhas; Tina Shilparaj; Rohini,Shanmukha Prasanth,Lahari Films,1,3.242592351485517,1,4.0686,2.0709,0,Friday,2,6.167,6.0,₹12.50 Cr,₹7.69 Cr,₹3.50 Cr,₹2.50 Cr,2.5,Writer_Padmabhushan_2023,Writer Padmabhushan,1072090.0
Ugram,2023,Telugu,post_covid,3.43,ok,True,"Action, Drama, Thriller",Action,UA,UA,True,148.0,05 May 2023,False,Mirnaa Menon; Allari Naresh; Sharath Lohitashwa; Indraja,Vijay Kanakamedala,Shine Screens,1,1.7914273774564593,4,1.2375,0.8375,0,Friday,5,5.75,6.0,₹5.60 Cr,₹5.68 Cr,₹0.10 Cr,,,Ugram_2023,Ugram (film),1069937.0
Balagam,2023,Telugu,post_covid,2.68,ok,True,Drama,Drama,U,U,True,129.0,03 Mar 2023,False,Priyadarshi Pullikonda; Sudhakar Reddy; Kavya Kalyanram,Venu Yeldandi,Dil Raju Production,1,1.4350845224510063,1,0.6059,1.1118,0,Friday,3,7.344,16.0,₹26.55 Cr,₹23.32 Cr,₹0.25 Cr,₹3.00 Cr,3.0,Balagam_2023,Balagam (film),1092632.0
Virupaksha,2023,Telugu,post_covid,25.75,ok,True,"Action, Drama, Thriller",Action,A,A,True,146.0,21 Apr 2023,True,Brahmaji; Ajay; Rajiv Kanakala; Sai Dharam Tej; Santhosh Kallatt; Samyuktha Menon,Karthik Dand,Sri Venkateswara Cine Chitra,1,2.050334960829931,6,1.3557,1.4477,0,Friday,4,6.659,41.0,₹89.80 Cr,₹63.98 Cr,₹14.00 Cr,₹25.00 Cr,25.0,Virupaksha_2023,Virupaksha (film),1034590.0
Kallu Compound 1995,2024,Telugu,post_covid,0.03,ok,False,"Action, Drama",Action,UA,UA,True,119.0,18 Oct 2024,False,,,,0,1.6810770056318953,391,0.7735,0.6524,0,Friday,10,0.0,0.0,₹0.07 Cr,₹0.07 Cr,₹0.00 Cr,,,Kallu_Compound_1995_2024,Ladies Doctor,1475987.0
Yentha Panichesav Chanti,2024,Telugu,post_covid,0.04,ok,False,"Drama, Romantic",Drama,,,False,,25 Oct 2024,False,,,,0,1.6632304375548967,396,,,0,Friday,10,,,₹0.08 Cr,₹0.07 Cr,₹0.00 Cr,,,Yentha_Panichesav_Chanti_2024,,
Manamey,2024,Telugu,post_covid,8.15,ok,True,"Comedy, Drama, Romantic",Comedy,UA,UA,True,153.0,07 Jun 2024,False,Vennela Kishore; Sharwanand; Krithi Shetty,Sriram Adittya,People Media Factory,1,3.0525002553593468,30,1.2822,1.0109,0,Friday,6,0.0,0.0,₹21.43 Cr,₹16.57 Cr,₹2.35 Cr,,,Manamey_2024,Manamey,1095889.0
Kaliyugam Pattanamlo,2024,Telugu,post_covid,0.16,ok,True,"Mystery, Thriller",Mystery,A,A,True,,29 Mar 2024,False,,,,0,2.0489791849783923,296,,0.5391,0,Friday,3,0.0,0.0,₹0.29 Cr,₹0.27 Cr,₹0.00 Cr,,,Kaliyugam_Pattanamlo_2024,Chitra Shukla,1294414.0
Seetha Kalyana Vaibhogame,2024,Telugu,post_covid,0.13,ok,True,"Action, Drama, Romantic",Action,UA,UA,True,,21 Jun 2024,False,,,,0,1.8627249784323745,336,0.6157,0.8078,0,Friday,6,0.0,0.0,₹0.20 Cr,₹0.19 Cr,₹0.00 Cr,,4.98,Seetha_Kalyana_Vaibhogame_2024,Raasi (actress),1722043.0
Chaari 111,2024,Telugu,post_covid,0.88,ok,True,"Comedy, Spy",Comedy,,,False,129.0,01 Mar 2024,False,Vennela Kishore; Brahmaji; Murali Sharma; Samyuktha Viswanathan,T.G. Keerthi Kumar,Barkat Studios Production,1,2.5694901454155206,26,1.3437,0.8155,0,Friday,3,5.167,6.0,₹0.49 Cr,₹1.32 Cr,₹0.00 Cr,,,Chaari_111_2024,Chaari 111,1242191.0
Ramnagar Bunny,2024,Telugu,post_covid,0.26,ok,True,"Comedy, Drama, Romantic",Comedy,UA,UA,True,,04 Oct 2024,False,,,,0,1.706838915826182,382,0.5305,0.9586,0,Friday,10,0.0,0.0,₹0.48 Cr,₹0.43 Cr,₹0.00 Cr,,,Ramnagar_Bunny_2024,Muralidhar Goud,1365585.0
The Indian Story,2024,Telugu,post_covid,0.03,ok,False,"Action, Drama",Action,UA,U/A 7+,True,140.0,03 May 2024,False,,,,0,1.9413583192532378,317,0.4835,0.6881,0,Friday,5,9.0,1.0,₹0.06 Cr,₹0.06 Cr,₹0.00 Cr,,,The_Indian_Story_2024,Maharaja (2024 film),1520049.0
Theppa Samudram,2024,Telugu,post_covid,0.03,ok,False,"Crime, Mystery, Thriller",Crime,,,False,,19 Apr 2024,False,,,,0,1.9946600702268995,308,0.779,0.7721,0,Friday,4,4.0,1.0,₹0.08 Cr,₹0.08 Cr,₹0.00 Cr,,,Theppa_Samudram_2024,Chaitanya Rao Madadi,1281743.0
Bullet,2024,Telugu,post_covid,0.03,ok,False,"Action, Thriller",Action,,,False,126.0,08 Mar 2024,False,,,,0,2.120883557528759,284,9.9276,18.3917,0,Friday,3,7.409,7899.0,₹0.07 Cr,₹0.07 Cr,₹0.00 Cr,,747.0,Bullet_2024,Bullet Train (film),718930.0
Bhoothaddam Bhaskar Narayana,2024,Telugu,post_covid,0.37,ok,True,"Crime, Mystery, Thriller",Crime,,,False,,01 Mar 2024,False,,,,0,2.14884614141595,279,1.0161,1.6675,0,Friday,3,6.0,2.0,₹0.74 Cr,₹0.66 Cr,₹0.00 Cr,,,Bhoothaddam_Bhaskar_Narayana_2024,Bhoothaddam Bhaskar Narayana,1243485.0
Tantra,2024,Telugu,post_covid,0.14,ok,True,"Horror, Thriller",Horror,,,False,134.0,15 Mar 2024,False,,,,0,2.078055925582919,291,3.9929,0.7238,0,Friday,3,3.0,1.0,₹0.51 Cr,₹0.45 Cr,₹0.00 Cr,,,Tantra_2024,Tantra (film),1260435.0
Honeymoon Express,2024,Telugu,post_covid,0.06,ok,True,Drama,Drama,A,A,True,119.0,21 Jun 2024,False,,,,0,1.8627249784323745,336,1.0875,0.951,0,Friday,6,4.0,1.0,₹0.19 Cr,₹0.16 Cr,₹0.00 Cr,,,Honeymoon_Express_2024,Honeymoon Express (2024 film),1339339.0
Konchem Hatke,2024,Telugu,post_covid,0.07,ok,True,"Comedy, Drama",Comedy,,,False,,26 Apr 2024,False,,Vineeth Kumar,,0,1.9700031951359511,312,,,0,Friday,4,,,₹0.10 Cr,₹0.09 Cr,₹0.00 Cr,,,Konchem_Hatke_2024,K. M. Radha Krishnan,
Swag,2024,Telugu,post_covid,4.65,ok,True,"Comedy, Thriller",Comedy,UA,U/A 13+,True,159.0,04 Oct 2024,False,Sree Vishnu; Sunil Varma; Ritu Varma,Hasith Goli,People Media Factory,1,2.209454997054082,8,0.9814,0.9647,0,Friday,10,6.0,5.0,₹7.60 Cr,₹6.86 Cr,₹0.90 Cr,,,Swag_2024,Swag (film),1252542.0
Deenamma Jeevitham,2024,Telugu,post_covid,0.03,ok,False,"Drama, Family",Drama,,,False,,05 Jan 2024,False,,,,0,2.2962984929397074,256,,0.4565,0,Friday,1,0.0,0.0,₹0.07 Cr,₹0.07 Cr,₹0.00 Cr,,,Deenamma_Jeevitham_2024,Deenamma Jeevitham,1336869.0
Raju Gaani Savaal,2025,Telugu,post_covid,0.19,ok,True,"Action, Drama",Action,UA,U/A 13+,True,,08 Aug 2025,False,Ravinder Lelijala; Ravinder Bommakanti; Sandya Rathod; Rittika Chakraborty,Ravinder Lelijala,,0,,0,,0.4436,0,Friday,8,0.0,0.0,₹0.28 Cr,₹0.24 Cr,₹0.00 Cr,,,Raju_Gaani_Savaal_2025,Ram Miriyala,1527911.0
Patang,2025,Telugu,post_covid,0.11,ok,True,"Comedy, Drama, Romantic, Sports",Comedy,UA,U/A 13+,True,160.0,25 Dec 2025,True,,,,0,1.3671914375761662,539,0.7564,2.4004,0,Thursday,12,3.5,2.0,₹0.30 Cr,₹0.26 Cr,₹0.00 Cr,,,Patang_2025,Patang (2025 film),1603844.0
Racharikam,2025,Telugu,post_covid,0.03,ok,False,"Action, Drama",Action,,,False,135.0,31 Jan 2025,False,,,,0,1.535276313793132,446,0.755,1.1113,0,Friday,1,0.0,0.0,₹0.09 Cr,₹0.08 Cr,₹0.00 Cr,,,Racharikam_2025,Racharikam,1435395.0
Suryapet Junction,2025,Telugu,post_covid,0.13,ok,True,Drama,Drama,UA,U/A 13+,True,120.0,25 Apr 2025,False,,,,0,1.4375803318641889,494,0.6537,1.0792,0,Friday,4,0.0,0.0,₹0.19 Cr,₹0.18 Cr,₹0.00 Cr,,,Suryapet_Junction_2025,Suryapet Junction,1074619.0
Dheerga Ayushman Bhava,2025,Telugu,post_covid,0.06,ok,True,"Action, Drama, Romantic",Action,,,False,,11 Jul 2025,False,Kasi Vishwanath; Karthik Raju; Nagineedu; Satyam Rajesh; Noel Sean; Mishti Chakraborty; Aamani,M. Purnanand,,1,,0,,,0,Friday,7,,,₹0.07 Cr,₹0.06 Cr,₹0.00 Cr,,,Dheerga_Ayushman_Bhava_2025,,
Gandhi Tatha Chettu,2025,Telugu,post_covid,0.15,ok,True,Drama,Drama,,,False,114.0,24 Jan 2025,False,,,,0,1.551122416628446,439,0.4713,0.6131,0,Friday,1,0.0,0.0,₹0.23 Cr,₹0.20 Cr,₹0.00 Cr,,,Gandhi_Tatha_Chettu_2025,Gandhi Tatha Chettu,1417308.0
Viral Prapancham,2025,Telugu,post_covid,0.03,ok,False,"Drama, Suspense",Drama,,,False,97.0,07 Mar 2025,False,,,,0,1.4918417543622542,467,0.848,2.1701,0,Friday,3,0.0,0.0,₹0.06 Cr,₹0.06 Cr,₹0.00 Cr,,2.075,Viral_Prapancham_2025,Viral Prapancham,1167115.0
Single,2025,Telugu,post_covid,9.55,ok,True,"Comedy, Romantic",Comedy,UA,U/A 16+,True,129.0,09 May 2025,False,,,,0,1.4230999861858615,504,1.2938,1.5307,0,Friday,5,5.357,14.0,₹35.28 Cr,₹26.73 Cr,₹4.10 Cr,,,Single_2025,Single (film),1428301.0
Fighter Shiva,2025,Telugu,post_covid,0.03,ok,False,"Action, Thriller",Action,,,False,132.0,19 Dec 2025,False,Vikas Vasistha; Manikanth Kota; Sunil Varma; Ayra Bansal; Kajal Tiwari,Prabhas Nimmala,Koundinya Productions.,1,2.1950509480297358,14,,,0,Friday,12,,,₹0.04 Cr,₹0.04 Cr,₹0.00 Cr,,,Fighter_Shiva_2025,Fighter Shiva,
HIT: The Third Case,2025,Telugu,post_covid,29.2,ok,True,"Crime, Mystery, Thriller",Crime,A,A,True,157.0,01 May 2025,False,Surya Sreenivas; Nani; Rao Ramesh; Brahmaji; Srinidhi Shetty,Dr Sailesh Kolanu,Wall Poster Cinema,1,3.0830779477567147,11,2.7025,2.8428,0,Thursday,5,6.7,61.0,₹119.48 Cr,₹80.97 Cr,₹25.00 Cr,₹70.00 Cr,70.0,HIT_The_Third_Case_2025,HIT: The Third Case,1060046.0
Takita Tadimi Tandana,2025,Telugu,post_covid,0.03,ok,False,"Drama, Romantic",Drama,,,False,,27 Feb 2025,False,,,,0,1.4994252367685765,463,,0.4194,0,Thursday,2,0.0,0.0,₹0.05 Cr,₹0.04 Cr,₹0.00 Cr,,,Takita_Tadimi_Tandana_2025,Gangavva,1439673.0
8 Vasantalu,2025,Telugu,post_covid,0.74,ok,True,"Drama, Romantic",Drama,,,False,137.0,20 Jun 2025,False,Sumant Nitturkar; Hanu Reddy; Ravi Theja Duggirala; Ananthika Sanilkumar,Phanindra Narsetti,Mythri Movie Makers,1,,0,0.4477,1.47,0,Friday,6,6.714,7.0,₹1.75 Cr,₹1.49 Cr,₹0.00 Cr,,,8_Vasantalu_2025,8 Vasantalu,1370032.0
Vaibhavam,2025,Telugu,post_covid,0.03,ok,False,"Comedy, Drama",Comedy,U,U,True,134.0,23 May 2025,False,,,,0,1.4113429471495993,514,0.3233,0.6171,0,Friday,5,0.0,0.0,₹0.04 Cr,₹0.04 Cr,₹0.00 Cr,,,Vaibhavam_2025,Vaibhavam,1432240.0
Dhandoraa,2025,Telugu,post_covid,0.59,ok,True,"Drama, Social",Drama,,,False,135.0,25 Dec 2025,True,,,,0,1.3671914375761662,539,0.907,2.1215,0,Thursday,12,6.6,5.0,₹1.02 Cr,₹0.92 Cr,₹0.00 Cr,,,Dhandoraa_2025,Dhandoraa,1600883.0
Paradha,2025,Telugu,post_covid,0.39,ok,True,Drama,Drama,,,False,143.0,22 Aug 2025,False,Gautham Vasudev Menon; Rajendra Prasad; Rag Mayur; Harsha Vardhan; Darshana Rajendran; Sangeetha Krish; Anupama Parameswaran,Praveen Kandregula,Ananda Media,1,2.550279178211634,12,1.4037,2.9762,0,Friday,8,5.7,3.0,₹1.22 Cr,₹1.10 Cr,₹0.00 Cr,,,Paradha_2025,Paradha,1280611.0
Oka Brundavanam,2025,Telugu,post_covid,0.09,ok,True,"Action, Adventure, Fantasy",Action,U,U,True,,23 May 2025,False,,,,0,1.4113429471495993,514,0.7912,0.5734,0,Friday,5,0.0,0.0,₹0.14 Cr,₹0.13 Cr,₹0.00 Cr,,,Oka_Brundavanam_2025,Oka Brundavanam,1501237.0
Jigris,2025,Telugu,post_covid,0.83,ok,True,Comedy,Comedy,UA,U/A 16+,True,,14 Nov 2025,False,,,,0,1.3705448140593097,537,0.4989,1.4912,0,Friday,11,10.0,1.0,₹1.98 Cr,₹1.76 Cr,₹0.00 Cr,,,Jigris_2025,Jigris,1580561.0
Ittymaani: Made in China,2019,Malayalam,pre_covid,8.4,ok,True,Comedy,Comedy,U,U,True,158.0,06 Sep 2019,False,,,,0,2.6830178463793692,197,1.6832,1.0435,0,Friday,9,4.206,17.0,₹27.70 Cr,₹16.00 Cr,₹9.00 Cr,₹10.00 Cr,10.0,Ittymaani_Made_in_China_2019,Ittymaani: Made in China,606943.0
Mamangam,2019,Malayalam,pre_covid,11.24,ok,True,"Action, Period",Action,UA,UA,True,160.0,12 Dec 2019,False,Mammootty,M. Padmakumar,,1,3.1072736482868986,1,2.2354,0.974,0,Thursday,12,6.2,22.0,₹57.40 Cr,₹32.45 Cr,₹20.00 Cr,₹55.00 Cr,55.0,Mamangam_2019,Mamangam (film),569106.0
Lucifer,2019,Malayalam,pre_covid,16.7,ok,True,"Drama, Thriller",Drama,UA,UA,True,174.0,28 Mar 2019,False,Vivek Oberoi; Mohanlal; Manju Warrier,Prithviraj Sukumaran,,1,3.9252019144015833,3,1.6832,1.4922,0,Thursday,3,7.085,82.0,₹127.50 Cr,₹65.21 Cr,₹50.50 Cr,₹25.00 Cr,25.0,Lucifer_2019,Lucifer (2019 Indian film),564701.0
Member Rameshan 9aam Ward,2022,Malayalam,post_covid,0.27,ok,True,"Comedy, Drama",Comedy,U,U,True,,25 Feb 2022,False,,,,0,2.569770154553672,218,0.9798,0.7879,0,Friday,2,6.5,6.0,₹0.49 Cr,₹0.48 Cr,₹0.00 Cr,,,Member_Rameshan_9aam_Ward_2022,Member Rameshan 9aam Ward,865434.0
Kotthu,2022,Malayalam,post_covid,0.46,ok,True,"Drama, Political, Thriller",Drama,UA,UA,True,155.0,16 Sep 2022,False,,,,0,2.507004978559882,225,1.4045,1.6075,0,Friday,9,3.8,4.0,₹0.00 Cr,₹0.55 Cr,₹0.00 Cr,,,Kotthu_2022,Kotthu,860394.0
Jaya Jaya Jaya Jaya Hey,2022,Malayalam,post_covid,3.85,ok,True,"Comedy, Drama, Family",Comedy,U,U,True,140.0,28 Oct 2022,False,Basil Joseph; Aju Varghese; Darshana Rajendran,Vipin Das,Scooper Dooper Films,1,1.9387416595767009,2,1.2192,0.9629,0,Friday,10,6.987,39.0,₹43.20 Cr,₹26.36 Cr,₹12.10 Cr,₹5.50 Cr,5.5,Jaya_Jaya_Jaya_Jaya_Hey_2022,Jaya Jaya Jaya Jaya Hey,931132.0
Kaduva,2022,Malayalam,post_covid,7.4,ok,True,"Action, Drama, Thriller",Action,UA,UA,True,154.0,07 Jul 2022,False,Vivek Oberoi; Prithviraj Sukumaran; Samyuktha Menon,Shaji Kailas,Prithviraj Productions,1,3.4390971319907564,5,1.9225,1.1962,0,Thursday,7,5.158,19.0,₹44.93 Cr,₹20.54 Cr,₹20.70 Cr,₹15.00 Cr,15.0,Kaduva_2022,Kaduva,657997.0
Paappan,2022,Malayalam,post_covid,7.49,ok,True,Drama,Drama,UA,UA,True,170.0,29 Jul 2022,False,Suresh Gopi; Gokul Suresh; Nyla Usha; Neetha Pillai; Asha Sarath,Joshiy,Sree Gokulam Movies,1,1.6094379005131714,1,1.4645,0.8916,0,Friday,7,5.818,11.0,₹28.20 Cr,₹16.60 Cr,₹8.60 Cr,₹10.00 Cr,10.0,Paappan_2022,Paappan,845343.0
Malayankunju,2022,Malayalam,post_covid,5.45,ok,True,"Drama, Thriller",Drama,U,U,True,114.0,22 Jul 2022,False,Indrans; Fahadh Faasil; Rajisha Vijayan,Sajimon Prabhakar,Fahadh Faasil & Friends,1,2.894357857781028,3,2.0846,0.8244,0,Friday,7,5.792,24.0,₹10.00 Cr,₹8.49 Cr,₹3.45 Cr,,,Malayankunju_2022,Malayankunju,816586.0
Padavettu,2022,Malayalam,post_covid,1.38,ok,True,"Action, Drama",Action,UA,UA,True,145.0,21 Oct 2022,False,Shammi Thilakan; Nivin Pauly; Shine Tom Chacko; Indrans; Aditi Balan,Liju Krishna,Yoodlee Films,1,2.9889620279075384,3,3.674,0.9164,0,Friday,10,6.5,11.0,₹4.10 Cr,₹2.76 Cr,₹0.85 Cr,₹17.00 Cr,17.0,Padavettu_2022,Padavettu,657995.0
Theerppu,2022,Malayalam,post_covid,0.62,ok,True,"Drama, Thriller",Drama,UA,UA,True,147.0,25 Aug 2022,False,Indrajith Sukumaran; Vijay Babu; Siddique; Prithviraj Sukumaran; Isha Talwar; Hannah Reji Koshy,Rathish Ambat,Friday Film House,1,1.0796129656609925,6,1.9225,0.6993,0,Thursday,8,5.0,6.0,₹2.00 Cr,₹1.45 Cr,₹0.28 Cr,,,Theerppu_2022,Theerppu,834657.0
Corona Papers,2023,Malayalam,post_covid,0.32,ok,True,"Crime, Thriller",Crime,UA,U/A,True,153.0,06 Apr 2023,False,B Mohit; Siddique; Maniyanpilla Raju; Lal Jr.; Gayathrie Shankar,Priyadarshan,Four Frames Pictures,1,1.1537453178447585,10,0.9604,1.0373,0,Thursday,4,4.667,9.0,₹0.00 Cr,₹0.47 Cr,₹0.00 Cr,,,Corona_Papers_2023,Corona Papers,987865.0
Thuramukham,2023,Malayalam,post_covid,2.43,ok,True,"Action, Crime, Drama, Period",Action,UA,UA,True,,10 Mar 2023,False,Indrajith Sukumaran; Joju George; Sudev Nair; Nivin Pauly; Arjun Ashokan; Nimisha Sajayan; Poornima Indrajith,Rajeev Ravi,Thekkepat Films,1,1.5789787344444732,2,3.674,0.6976,0,Friday,3,5.1,9.0,₹0.00 Cr,₹4.65 Cr,₹0.00 Cr,,,Thuramukham_2023,Thuramukham (2023 film),661078.0
Kasargold,2023,Malayalam,post_covid,1.88,ok,True,"Action, Crime, Drama",Action,UA,U/A,True,137.0,15 Sep 2023,False,Asif Ali; Sunny Wayne; Vinayakan; Malavika Sreenath,Mridul Nair,Yoodlee Films,1,1.791759469228055,5,1.4045,0.8663,0,Friday,9,4.6,8.0,₹2.25 Cr,₹1.88 Cr,₹0.00 Cr,,,Kasargold_2023,Kasargold,1028730.0
Chaaver,2023,Malayalam,post_covid,1.35,ok,True,"Action, Thriller",Action,UA,U/A,True,128.0,05 Oct 2023,False,Kunchacko Boban; Sajin Gopu; Antony Varghese; Arjun Ashokan; Sangita Madhavan Nair,Tinu Pappachan,Kavya Film Company,1,2.0082140387919667,5,1.2494,0.7856,0,Thursday,10,5.167,6.0,₹4.00 Cr,₹3.40 Cr,₹0.00 Cr,,,Chaaver_2023,Chaaver,923035.0
Madhura Manohara Moham,2023,Malayalam,post_covid,0.8,ok,True,Drama,Drama,U,U,True,117.0,16 Jun 2023,False,,,,0,2.3274216024740664,250,0.9857,0.6916,0,Friday,6,5.727,11.0,₹9.70 Cr,₹6.10 Cr,₹2.50 Cr,,,Madhura_Manohara_Moham_2023,Madhura Manohara Moham,1022971.0
Christopher,2023,Malayalam,post_covid,2.5,ok,True,"Action, Thriller",Action,UA,U/A,True,150.0,09 Feb 2023,False,Vinay Rai; Shine Tom Chacko; R. Sarathkumar; Mammootty; Amala Paul; Sneha,B. Unnikrishnan,RD Illuminations,1,2.4584966428515,4,2.2354,0.7702,0,Thursday,2,3.727,11.0,₹7.00 Cr,₹4.05 Cr,₹2.20 Cr,₹15.00 Cr,15.0,Christopher_2023,Christopher (film),992589.0
Pachuvum Athbutha Vilakkum,2023,Malayalam,post_covid,2.23,ok,True,"Comedy, Drama, Romantic",Comedy,U,U,True,170.0,28 Apr 2023,False,Fahadh Faasil; Indrans; Chhaya Kadam; Viji Venkatesh; Anjana Jayaprakash; Dhwani Rajesh,Akhil Sathyan,Full Moon Cinema,1,2.636788426037691,4,1.3924,0.7364,0,Friday,4,6.661,28.0,₹16.30 Cr,₹9.93 Cr,₹4.50 Cr,₹10.00 Cr,10.0,Pachuvum_Athbutha_Vilakkum_2023,Pachuvum Athbutha Vilakkum,816590.0
Njan Kandatha Sare,2024,Malayalam,post_covid,0.05,ok,True,"Comedy, Thriller",Comedy,UA,UA,True,119.0,22 Nov 2024,False,,,,0,1.6317201482644241,407,1.8929,0.752,0,Friday,11,0.0,0.0,₹0.10 Cr,₹0.10 Cr,₹0.00 Cr,,,Njan_Kandatha_Sare_2024,Njan Kandatha Sare,1115549.0
Gumasthan,2024,Malayalam,post_covid,0.2,ok,True,"Crime, Suspense, Thriller",Crime,UA,UA,True,,27 Sep 2024,False,,,,0,1.7234220835844873,377,0.7152,0.4841,0,Friday,9,4.667,3.0,₹0.84 Cr,₹0.75 Cr,₹0.00 Cr,,,Gumasthan_2024,Gumasthan,1356796.0
Nadikar,2024,Malayalam,post_covid,2.89,ok,True,"Comedy, Drama",Comedy,UA,UA,True,140.0,03 May 2024,False,Soubin Shahir; Tovino Thomas; Balu Varghese; Suresh Krishna; Bhavana; Divya Pillai,Lal Jr.,Mythri Movie Makers,1,2.5802168151427143,5,1.4538,0.918,0,Friday,5,2.25,4.0,₹2.76 Cr,₹4.32 Cr,₹0.00 Cr,,,Nadikar_2024,Nadikar,893591.0
Koon,2024,Malayalam,post_covid,0.03,ok,False,"Romantic, Thriller",Romantic,,,False,,04 Oct 2024,False,,,,0,1.706838915826182,382,,0.4066,0,Friday,10,0.0,0.0,₹0.03 Cr,₹0.03 Cr,₹0.00 Cr,,,Koon_2024,Koon (film),1389979.0
Oru Kattil Oru Muri,2024,Malayalam,post_covid,0.05,ok,True,Drama,Drama,U,U,True,,04 Oct 2024,False,,,,0,1.706838915826182,382,0.8678,0.7173,0,Friday,10,2.0,1.0,₹0.09 Cr,₹0.08 Cr,₹0.00 Cr,,,Oru_Kattil_Oru_Muri_2024,Ganapathi S. Poduval,1221981.0
Palayam PC,2024,Malayalam,post_covid,0.03,ok,False,"Drama, Thriller",Drama,UA,UA,True,,05 Jan 2024,False,,,,0,2.2962984929397074,256,0.7687,0.7052,0,Friday,1,5.0,1.0,₹0.08 Cr,₹0.07 Cr,₹0.00 Cr,,,Palayam_PC_2024,Rahul Madhav,1225469.0
A.R.M,2024,Malayalam,post_covid,10.11,ok,True,"Action, Adventure, Drama, Period",Action,UA,UA,True,142.0,12 Sep 2024,False,Tovino Thomas; Jagadish; Kabir Duhan Singh; Basil Joseph; Pramod Shetty; Rohini; Krithi Shetty; Aishwarya Rajesh; Surabhi Lakshmi,Jithin Laal,UGM Entertainments,1,2.572612241127041,6,4.0686,1.746,0,Thursday,9,6.591,22.0,₹107.32 Cr,₹64.01 Cr,₹32.50 Cr,,,ARM_2024,ARM (film),890138.0
Gaganachari,2024,Malayalam,post_covid,0.4,ok,True,Drama,Drama,,,False,115.0,21 Jun 2024,False,,,,0,1.8627249784323745,336,1.7921,0.7056,0,Friday,6,7.364,11.0,₹2.46 Cr,₹2.17 Cr,₹0.00 Cr,,,Gaganachari_2024,Gaganachari,874763.0
Lovedale,2025,Malayalam,post_covid,0.03,ok,False,"Drama, Thriller",Drama,,,False,152.0,07 Feb 2025,False,,,,0,1.5206729421818568,452,0.2753,0.6095,0,Friday,2,3.0,1.0,₹0.05 Cr,₹0.05 Cr,₹0.00 Cr,,,Lovedale_2025,Raaz (2002 film),1482176.0
Oru Ronaldo Chithram,2025,Malayalam,post_covid,0.07,ok,True,Drama,Drama,UA,U/A 13+,True,,25 Jul 2025,False,Lal; Aswin Jose; Indrans; Chaithania Prakash; Archana Unnikrishnan,Rinoy Kalloor,,1,2.0118100372995764,7,0.9798,0.5927,0,Friday,7,5.0,1.0,₹0.22 Cr,₹0.22 Cr,₹0.00 Cr,,,Oru_Ronaldo_Chithram_2025,Hannah Reji Koshy,1517846.0
Officer on Duty,2025,Malayalam,post_covid,7.8,ok,True,"Crime, Drama",Crime,UA,UA,True,137.0,20 Feb 2025,False,Kunchacko Boban; Jagadish; Manoj KU,Jithu Asharef,The Green Room,1,1.9587702021055926,7,1.7093,2.165,0,Thursday,2,6.942,43.0,₹54.01 Cr,₹31.64 Cr,₹17.75 Cr,,,Officer_on_Duty_2025,Officer on Duty,1281091.0
Aranyam,2025,Malayalam,post_covid,0.03,ok,False,"Devotional, Drama",Devotional,,,False,,14 Mar 2025,True,,,,0,1.4855820376909368,470,,,0,Friday,3,,,₹0.03 Cr,₹0.03 Cr,₹0.00 Cr,,,Aranyam_2025,Arjun Sarja filmography,
Am Ah,2025,Malayalam,post_covid,0.16,ok,True,"Drama, Suspense",Drama,U,U,True,,24 Jan 2025,False,,,,0,1.551122416628446,439,0.7687,1.0239,0,Friday,1,3.25,4.0,₹0.44 Cr,₹0.43 Cr,₹0.00 Cr,,,Am_Ah_2025,Am Ah,1395534.0
Cherukkanum Pennum,2025,Malayalam,post_covid,0.03,ok,False,Romantic,Romantic,UA,UA,True,,31 Oct 2025,False,Midhun Nalini; Dileesh Pothan; Sreejith Vijay,Pradeep Nair,Nanthiyattu Films,1,1.2237754246098045,1,0.7152,0.9963,0,Friday,10,1.0,1.0,₹0.09 Cr,₹0.06 Cr,₹0.00 Cr,,,Cherukkanum_Pennum_2025,Cherukkanum Pennum,1603841.0
Sahasam,2025,Malayalam,post_covid,0.79,ok,True,"Adventure, Comedy, Crime, Drama",Adventure,UA,U/A 13+,True,144.0,08 Aug 2025,False,Babu Antony; Shabareesh Varma; Yog Japee; Ramzan Muhammed; Baiju Santhosh; Jeeva Joseph; Narain Kumar; Aju Varghese; Gouri G. Kishan; Varsha Ramesh,Bibin Krishna,,1,,0,1.4528,1.02,0,Friday,8,5.8,4.0,₹2.47 Cr,₹2.20 Cr,₹0.00 Cr,,,Sahasam_2025,Sahasam (2025 film),1182487.0
Orumbettavan,2025,Malayalam,post_covid,0.05,ok,True,Drama,Drama,UA,UA,True,,03 Jan 2025,False,,,,0,1.5864500177944099,426,1.6059,0.6517,0,Friday,1,1.5,2.0,₹0.12 Cr,₹0.12 Cr,₹0.00 Cr,,,Orumbettavan_2025,Orumbettavan,1407813.0
Oru Jaathi Jathakam,2025,Malayalam,post_covid,2.41,ok,True,"Comedy, Romantic",Comedy,,,False,124.0,31 Jan 2025,False,,,,0,1.535276313793132,446,,,0,Friday,1,,,₹8.30 Cr,₹7.06 Cr,₹0.00 Cr,,,Oru_Jaathi_Jathakam_2025,Oru Jaathi Jaathakam,
Jerriyude Aanmakkal,2025,Malayalam,post_covid,0.03,ok,False,"Drama, Family",Drama,,,False,,19 Sep 2025,False,Noby Marcose; Master Kevin; Ajith Koothattukulam; Suresh Prem; Master Ivan; Biju Kalavedi; Aishwarya Nambiar; Vinaya JP,Gijo Sebastian,,0,,0,,,0,Friday,9,,,₹0.06 Cr,₹0.06 Cr,₹0.00 Cr,,,Jerriyude_Aanmakkal_2025,,
Detective Ujjwalan,2025,Malayalam,post_covid,2.32,ok,True,"Crime, Mystery, Thriller",Crime,UA,UA,True,124.0,23 May 2025,False,,,,0,1.4113429471495993,514,0.963,0.8785,0,Friday,5,5.727,22.0,₹6.94 Cr,₹6.43 Cr,₹0.00 Cr,,,Detective_Ujjwalan_2025,Detective Ujjwalan,278193.0
Avane Srimannarayana,2019,Kannada,pre_covid,19.0,ok,True,"Adventure, Comedy, Fantasy",Adventure,UA,UA,True,184.0,27 Dec 2019,False,,,,0,2.6606986687859333,207,0.7474,1.1136,0,Friday,12,7.387,31.0,₹74.50 Cr,₹61.34 Cr,₹3.00 Cr,₹25.00 Cr,25.0,Avane_Srimannarayana_2019,Avane Srimannarayana,634077.0
Pailwaan,2019,Kannada,pre_covid,11.86,ok,True,"Action, Drama",Action,UA,UA,True,166.0,12 Sep 2019,False,,,,0,2.680783966798039,198,1.599,1.2875,0,Thursday,9,6.0,10.0,₹52.45 Cr,₹41.41 Cr,₹4.00 Cr,₹40.00 Cr,40.0,Pailwaan_2019,Pailwaan,607294.0
James,2022,Kannada,post_covid,30.05,ok,True,"Action, Thriller",Action,UA,UA,True,149.0,17 Mar 2022,True,Srikanth Meka; Puneeth Rajkumar; Mukesh Rishi; Ragahvendra Rajkumar; Priya Anand,Chethan Kumar,Kishore Productions,1,3.5395089919230966,1,0.971,2.0862,0,Thursday,3,5.8,11.0,₹94.20 Cr,₹76.25 Cr,₹5.00 Cr,₹55.00 Cr,55.0,James_2022,James (2022 film),683056.0
Once Upon a Time in Jamaligudda,2022,Kannada,post_covid,0.68,ok,True,"Adventure, Drama, Period",Adventure,,,False,,30 Dec 2022,False,,,,0,2.393665372615071,240,0.8125,0.5471,0,Friday,12,8.0,2.0,₹0.00 Cr,₹1.12 Cr,₹0.00 Cr,,,Once_Upon_a_Time_in_Jamaligudda_2022,Once Upon a Time in Jamaligudda,932242.0
Ek Love Ya,2022,Kannada,post_covid,1.82,ok,True,"Drama, Romantic",Drama,,,False,152.0,24 Feb 2022,False,,,,0,2.5768348239988503,217,0.8144,1.8703,0,Thursday,2,0.0,0.0,₹3.40 Cr,₹3.59 Cr,₹0.00 Cr,,,Ek_Love_Ya_2022,Ek Love Ya,680484.0
Guru Shishyaru,2022,Kannada,post_covid,2.98,ok,True,"Drama, Sports",Drama,UA,UA,True,155.0,23 Sep 2022,False,Dattanna; Sharan; Nishvika Naidu,Jadesh Kumar Hampe,Laddu Cinema House,1,1.091923300517313,1,0.6906,1.8477,0,Friday,9,7.0,1.0,₹6.47 Cr,₹5.53 Cr,₹0.00 Cr,₹5.00 Cr,5.0,Guru_Shishyaru_2022,Guru Shishyaru (2022 film),1029190.0
Lucky Man,2022,Kannada,post_covid,3.5,ok,True,"Drama, Romantic",Drama,,,False,155.0,09 Sep 2022,False,Darling Krishna; Prabhu Deva; Puneeth Rajkumar; Sadhu Kokila; Sangeetha Sringeri; Malavika Avinash,Nagendra Prasad,Parsa Pictures,1,3.8010470728391916,2,1.2278,0.7111,0,Friday,9,6.0,3.0,₹9.70 Cr,₹7.78 Cr,₹0.60 Cr,₹10.00 Cr,10.0,Lucky_Man_2022,Lucky Man (2022 film),921748.0
Avatara Purusha,2022,Kannada,post_covid,1.98,ok,True,"Action, Fantasy, Thriller",Action,UA,UA,True,129.0,06 May 2022,False,P. Sai Kumar; Sharan; Ashika Ranganath; Sudha Rani,Simple Suni,Pushkar Films,1,,0,1.2626,0.9247,0,Friday,5,5.0,22.0,₹3.75 Cr,₹3.22 Cr,₹0.00 Cr,,,Avatara_Purusha_2022,Avatara Purusha (2022 film),677528.0
Triple Riding,2022,Kannada,post_covid,0.92,ok,True,"Romantic, Thriller",Romantic,,,False,,25 Nov 2022,False,,,,0,2.45898597612974,231,0.6328,1.7562,0,Friday,11,1.0,1.0,₹0.00 Cr,₹1.52 Cr,₹0.00 Cr,,,Triple_Riding_2022,Triple Riding,1054456.0
Gaalipata 2,2022,Kannada,post_covid,13.0,ok,True,"Comedy, Drama, Romantic",Comedy,,,False,151.0,12 Aug 2022,False,Ganesh; Pawan Kumar; Ananth Nag; Sharmiela Mandre; Samyuktha Menon; Vaibhavi Shandilya,Yogaraj Bhat,Suraj Production,1,,0,0.746,0.9748,1,Friday,8,1.0,1.0,₹38.50 Cr,₹32.13 Cr,₹0.80 Cr,₹15.00 Cr,15.0,Gaalipata_2_2022,Gaalipata 2,691704.0
By Two Love,2022,Kannada,post_covid,0.39,ok,True,"Drama, Romantic",Drama,UA,UA,True,141.0,18 Feb 2022,False,Dhanveer; Sreeleela,Hari Santhosh,,1,,0,1.5674,2.5944,0,Friday,2,6.0,1.0,₹0.17 Cr,₹0.54 Cr,₹0.00 Cr,,,By_Two_Love_2022,By Two Love,777516.0
Mr. Bachelor,2023,Kannada,post_covid,0.36,ok,True,"Action, Drama, Romantic",Action,,,False,145.0,06 Jan 2023,False,,,,0,2.379813115507878,242,0.7385,0.5335,0,Friday,1,0.0,0.0,₹0.00 Cr,₹0.48 Cr,₹0.00 Cr,,,Mr_Bachelor_2023,Mr. Bachelor,1106581.0
Kaatera,2023,Kannada,post_covid,28.15,ok,True,"Action, Drama",Action,,,False,183.0,29 Dec 2023,False,Darshan Thoogudeepa; Kumar Govind; Jagapathi Babu; Aradhana Ram,Tharun Sudhir,Rockline Entertainments,1,2.9962882177390933,8,1.1482,0.7301,0,Friday,12,5.2,4.0,₹80.50 Cr,₹68.10 Cr,₹0.00 Cr,,,Kaatera_2023,Kaatera,1212788.0
Ghost,2023,Kannada,post_covid,5.75,ok,True,"Adventure, Mystery",Adventure,,,False,116.0,19 Oct 2023,False,Anupam Kher; Jayaram; Shivarajkumar; Prashant Narayanan; Archana Jois,M. G. Srinivas,Sandesh Productions,1,2.447310707024276,8,3.8417,3.1375,0,Thursday,10,6.6,62.0,₹26.65 Cr,₹21.93 Cr,₹0.75 Cr,₹21.00 Cr,21.0,Ghost_2023,Ghosted (2023 film),269509.0
Gowli,2023,Kannada,post_covid,0.9,ok,True,"Action, Drama",Action,,,False,142.0,24 Feb 2023,False,,,,0,2.3471030174626417,247,0.8421,1.6127,0,Friday,2,0.0,0.0,₹0.00 Cr,₹0.90 Cr,₹0.00 Cr,,,Gowli_2023,Gowli (film),813826.0
Love Birds,2023,Kannada,post_covid,0.69,ok,True,"Drama, Romantic",Drama,,,False,189.0,17 Feb 2023,False,,,,0,2.3604637908562487,245,0.7662,1.5259,0,Friday,2,2.5,2.0,₹0.00 Cr,₹0.69 Cr,₹0.00 Cr,,,Love_Birds_2023,Love Birds (2023 film),1098064.0
Kranti,2023,Kannada,post_covid,13.15,ok,True,"Action, Thriller",Action,UA,UA,True,163.0,26 Jan 2023,False,Ravichandran Veeraswamy; Darshan Thoogudeepa; Sampath Raj; Rachita Ram,V. Harikrishna,Media House Studio,1,3.3428618113889397,2,1.1482,1.1757,0,Thursday,1,4.8,5.0,₹48.20 Cr,₹40.90 Cr,₹0.00 Cr,₹35.00 Cr,35.0,Kranti_2023,Kranti (2023 film),1030157.0
Kousalya Supraja Rama,2023,Kannada,post_covid,1.35,ok,True,"Comedy, Drama, Romantic",Comedy,,,False,147.0,28 Jul 2023,False,,,,0,2.3204907859897155,251,0.7321,0.8178,0,Friday,7,1.0,1.0,₹2.60 Cr,₹2.22 Cr,₹0.00 Cr,,,Kousalya_Supraja_Rama_2023,Kousalya Supraja Rama (2023 film),1126677.0
Not Out,2024,Kannada,post_covid,0.03,ok,False,"Crime, Thriller",Crime,,,False,96.0,19 Jul 2024,False,,,,0,1.817710021272691,347,2.8557,2.9478,0,Friday,7,7.7,66.0,₹0.07 Cr,₹0.07 Cr,₹0.00 Cr,,,Not_Out_2024,Inside Out 2,1056803.0
Dhruvathaare,2024,Kannada,post_covid,0.03,ok,False,"Drama, Romantic",Drama,,,False,,20 Sep 2024,False,,,,0,1.7445275358161618,371,,,0,Friday,9,,,₹0.08 Cr,₹0.07 Cr,₹0.00 Cr,,,Dhruvathaare_2024,,
Kotee,2024,Kannada,post_covid,1.17,ok,True,"Drama, Thriller",Drama,UA,UA,True,170.0,14 Jun 2024,False,,,,0,1.8747163881515163,333,0.9413,1.4753,0,Friday,6,3.0,1.0,₹3.27 Cr,₹2.96 Cr,₹0.00 Cr,,,Kotee_2024,Kotee,1305009.0
Kenda,2024,Kannada,post_covid,0.03,ok,False,"Crime, Political, Thriller",Crime,,,False,,26 Jul 2024,False,,,,0,1.8125716557007627,348,0.5763,1.1123,0,Friday,7,0.0,0.0,₹0.14 Cr,₹0.14 Cr,₹0.00 Cr,,,Kenda_2024,Kenda (film),1275564.0
Naalkane Aayama,2024,Kannada,post_covid,0.03,ok,False,"Drama, Thriller",Drama,,,False,,19 Apr 2024,False,,,,0,1.9946600702268995,308,,,0,Friday,4,,,₹0.11 Cr,₹0.11 Cr,₹0.00 Cr,,,Naalkane_Aayama_2024,Rachana Inder,
Jotheyagiru,2024,Kannada,post_covid,0.03,ok,False,"Drama, Romantic",Drama,,,False,,19 Jan 2024,False,,,,0,2.2458489514117477,263,,,0,Friday,1,,,₹0.04 Cr,₹0.04 Cr,₹0.00 Cr,,,Jotheyagiru_2024,,
Sanketh,2024,Kannada,post_covid,0.05,ok,True,"Mystery, Thriller",Mystery,,,False,141.0,26 Jul 2024,False,,,,0,1.8125716557007627,348,,,0,Friday,7,,,₹0.16 Cr,₹0.16 Cr,₹0.00 Cr,,,Sanketh_2024,KD: The Devil,
Evidence,2024,Kannada,post_covid,0.03,ok,False,"Crime, Thriller",Crime,,,False,94.0,24 May 2024,False,,,,0,1.9092495588865295,323,9.4287,1.1138,0,Friday,5,0.0,0.0,₹0.07 Cr,₹0.07 Cr,₹0.00 Cr,,,Evidence_2024,Inadmissible Evidence (film),1271960.0
Tapassi,2025,Kannada,post_covid,0.16,ok,True,Drama,Drama,,,False,,03 Jul 2025,False,Ravichandran Veeraswamy; Sachin Wairal; Ammayra Goswami; Anusha Kini,Spencer Matthew,,1,2.0242157526038476,2,,,0,Thursday,7,,,₹0.45 Cr,₹0.42 Cr,₹0.00 Cr,,,Tapassi_2025,Ravichandran (Kannada actor),
Nimagondu Sihi Suddi,2025,Kannada,post_covid,0.03,ok,False,"Comedy, Drama",Comedy,UA,U/A 13+,True,133.0,21 Feb 2025,False,,,,0,1.505614441730864,460,,0.426,0,Friday,2,0.0,0.0,₹0.07 Cr,₹0.06 Cr,₹0.00 Cr,,,Nimagondu_Sihi_Suddi_2025,Nimagondu Sihi Suddi,1438911.0
Namo Venkatesha,2025,Kannada,post_covid,0.03,ok,False,"Comedy, Romantic",Comedy,,,False,,05 Sep 2025,False,Nagaraj Rao; Vijay Bharadwaj; Manjunath Hegde; Shyam Sundar; Deepa KM; Sudha Prasanna; Parvathi,Vijay Bharadwaj,,0,,0,,,0,Friday,9,,,₹0.10 Cr,₹0.10 Cr,₹0.00 Cr,,,Namo_Venkatesha_2025,,
Gana,2025,Kannada,post_covid,0.1,ok,True,"Action, Sci-Fi, Thriller",Action,UA,UA,True,141.0,31 Jan 2025,False,,,,0,1.535276313793132,446,1.0816,1.9433,0,Friday,1,0.0,0.0,₹0.15 Cr,₹0.14 Cr,₹0.00 Cr,,,Gana_2025,Gana (film),1425607.0
Radheyaa,2025,Kannada,post_covid,0.15,ok,True,"Crime, Drama",Crime,UA,U/A 16+,True,121.0,21 Nov 2025,False,Ajai Rao; Rangitharanga Arvind Rao; Dhanya Balakrishna; Sonal Monteiro,Veda Guru,Keerthi Chahna Cinema Karkhaane,1,,0,0.8019,1.4642,0,Friday,11,0.0,0.0,₹0.42 Cr,₹0.38 Cr,₹0.00 Cr,,,Radheyaa_2025,Radheyaa,1604661.0
Rona,2025,Kannada,post_covid,0.04,ok,False,"Action, Drama",Action,,,False,,07 Nov 2025,False,,,,0,1.3785747758125648,533,0.2951,0.5999,0,Friday,11,6.0,1.0,₹0.11 Cr,₹0.11 Cr,₹0.00 Cr,,0.0017762,Rona_2025,Rona Morison,1598511.0
Lakshya,2025,Kannada,post_covid,0.03,ok,False,"Adventure, Drama",Adventure,,,False,185.0,11 Jul 2025,False,Tejas Pujar; Sankalpa Sugate; Hitesh Hiremath; Sumith Bhajantri; Nidhi chakravartthy,Rudrayya P Donur,,0,,0,,,0,Friday,7,,,₹0.03 Cr,₹0.03 Cr,₹0.00 Cr,,,Lakshya_2025,Lakshya (2004 film),
Arindam,2025,Kannada,post_covid,0.03,ok,False,"Crime, Suspense, Thriller",Crime,,,False,,16 May 2025,False,,,,0,1.4194215478548249,510,,,0,Friday,5,,,₹0.04 Cr,₹0.04 Cr,₹0.00 Cr,,,Arindam_2025,Arindam Roy,
Naai Sekar Returns,2022,Tamil,post_covid,3.65,ok,True,Comedy,Comedy,U,U,True,131.0,09 Dec 2022,False,Rao Ramesh; Vadivelu; Manobala; Shivani Narayanan; Sivaangi Krishnakumar,Suraj (director),Lyca Productions,1,2.7166970655704645,6,2.1457,0.7565,1,Friday,12,7.1,56.0,₹9.06 Cr,₹6.46 Cr,₹1.50 Cr,₹7.00 Cr,7.0,Naai_Sekar_Returns_2022,Naai Sekar,882397.0
Love Today,2022,Tamil,post_covid,11.6,ok,True,"Drama, Romantic",Drama,UA,UA,True,154.0,04 Nov 2022,False,Sathyaraj; Yogi Babu; Pradeep Ranganathan; Radhika Sarathkumar; Akshaya Udayakumar; Raveena Ravi; Ivana,Pradeep Ranganathan,AGS Entertainment,1,3.090342781433184,7,2.63,2.4445,0,Friday,11,6.976,62.0,₹83.55 Cr,₹66.57 Cr,₹5.00 Cr,₹6.00 Cr,6.0,Love_Today_2022,Love Today (2022 film),1032627.0
Iraivan,2023,Tamil,post_covid,5.09,ok,True,"Crime, Horror, Thriller",Crime,A,A,True,152.0,28 Sep 2023,False,Ravi Mohan; Rahul Bose; Ashish Vidyarthi; Narain; Nayanthara,I. Ahmed,Passion Studios,1,3.4420091436426716,3,2.3217,1.0799,0,Thursday,9,5.267,15.0,₹13.30 Cr,₹11.36 Cr,₹0.00 Cr,,,Iraivan_2023,Iraivan,990787.0
Chandramukhi 2,2023,Tamil,post_covid,12.9,ok,True,"Comedy, Horror",Comedy,UA,UA,True,172.0,28 Sep 2023,False,Vadivelu; Kangana Ranaut; Raghavendra Lawrence; Radhika Sarathkumar; Lakshmi Menon; Mahima Nambiar,P. Vasu,Sun Pictures,1,2.8723067548323344,4,1.4502,1.2204,1,Thursday,9,3.167,6.0,₹54.10 Cr,₹39.21 Cr,₹8.00 Cr,,,Chandramukhi_2_2023,Chandramukhi 2,987580.0
Ninaivellam Neeyada,2024,Tamil,post_covid,0.08,ok,True,"Drama, Romantic",Drama,,,False,,23 Feb 2024,False,,,,0,2.175544458706919,275,0.7703,0.9779,0,Friday,2,0.0,0.0,₹0.20 Cr,₹0.17 Cr,₹0.00 Cr,,,Ninaivellam_Neeyada_2024,Ninaivellam Neeyada,1328832.0
Arimapatti Sakthivel,2024,Tamil,post_covid,0.06,ok,True,Drama,Drama,UA,UA,True,131.0,08 Mar 2024,False,,,,0,2.120883557528759,284,0.7509,0.8893,0,Friday,3,0.0,0.0,₹0.11 Cr,₹0.10 Cr,₹0.00 Cr,,,Arimapatti_Sakthivel_2024,Arimapatti Sakthivel,1330530.0
Central,2025,Tamil,post_covid,0.1,ok,True,"Drama, Thriller",Drama,,,False,,18 Jul 2025,False,Aaru Bala; Perarasu; J.Vignesh; R.Dharshan; Soneshwari Sivasenthilnathan,Bharathi Sivalingam,,1,2.1860512740592335,1,0.9587,3.9068,0,Friday,7,8.118,1074.0,₹0.17 Cr,₹0.15 Cr,₹0.00 Cr,,24.07,Central_2025,2025 in film,666.0
Irudhi Muyarchi,2025,Tamil,post_covid,0.03,ok,False,"Drama, Family, Thriller",Drama,,,False,,10 Oct 2025,False,Vittal Rao; Ranjith S R; T N B Kathiravan; Meghali Meenakshi,Venkat Janaa,,0,,0,0.563,1.1233,0,Friday,10,0.0,0.0,₹0.12 Cr,₹0.12 Cr,₹0.00 Cr,,,Irudhi_Muyarchi_2025,Ranjith (actor),1558252.0
Bimbisara,2022,Telugu,post_covid,22.8,ok,True,"Action, Drama, Historical",Action,UA,UA,True,146.0,05 Aug 2022,False,Brahmaji; Srinivas Reddy; Vennela Kishore; Kalyan Ram; Hira Warina; Catherine Tresa; Samyuktha Menon,Vashist,N. T. R. Arts,1,2.92802387901891,14,1.8959,1.1032,0,Friday,8,5.6,17.0,₹64.60 Cr,₹49.24 Cr,₹6.50 Cr,₹30.00 Cr,30.0,Bimbisara_2022,Bimbisara (film),891445.0
Ori Devuda,2022,Telugu,post_covid,4.6,ok,True,"Comedy, Romantic",Comedy,UA,UA,True,141.0,21 Oct 2022,False,Vishwak Sen; Venkatesh; Rahul Ramakrishna; Murali Sharma; Mithila Palkar; Asha Bhat,Ashwath Marimuthu,Sri Venkateswara Creations,1,3.7784916346018935,6,1.3124,0.6793,0,Friday,10,6.9,7.0,₹10.43 Cr,₹7.63 Cr,₹1.50 Cr,₹10.00 Cr,10.0,Ori_Devuda_2022,Ori Devuda,896449.0
Krishna Vrinda Vihari,2022,Telugu,post_covid,4.3,ok,True,"Comedy, Romantic",Comedy,UA,UA,True,139.0,23 Sep 2022,False,Vennela Kishore; Naga Shaurya; Rahul Ramakrishna; Shirley Setia; Raadhika Sarathkumar,Anish Krishna,IRA Creations,1,2.7260744760420947,18,2.63,0.983,0,Friday,9,5.0,15.0,₹8.10 Cr,₹6.28 Cr,₹1.15 Cr,₹10.00 Cr,10.0,Krishna_Vrinda_Vihari_2022,Krishna Vrinda Vihari,930136.0
Dhamaka,2022,Telugu,post_covid,21.0,ok,True,"Action, Thriller",Action,UA,UA,True,139.0,23 Dec 2022,True,Ravi Teja; Sachin Khedekar; Tanikella Bharani; Jayaram; Rao Ramesh; Sreeleela,Trinadha Rao Nakkina,People Media Factory,1,2.604170069204057,4,1.8932,1.6471,0,Friday,12,4.286,21.0,₹82.25 Cr,₹63.83 Cr,₹7.50 Cr,₹20.00 Cr,20.0,Dhamaka_2022,Dhamaka (2022 film),888234.0
Hidimbha,2023,Telugu,post_covid,2.59,ok,True,Thriller,Thriller,A,A,True,,20 Jul 2023,False,Srinivasa Reddy; Ajay Rathnam; Ashwin Babu; Makarand Deshpande; Nanditha Swetha; Vidyullekha Raman,Aneel Kanneganti,SVK Cinema,1,,0,0.8803,0.8118,0,Thursday,7,6.4,5.0,₹2.90 Cr,₹5.52 Cr,₹0.15 Cr,,,Hidimbha_2023,Hidimbha,1154286.0
Mangalavaaram,2023,Telugu,post_covid,7.1,ok,True,"Action, Horror, Thriller",Action,,,False,143.0,17 Nov 2023,False,Ravindra Vijay; Ajmal Ameer; Dayanand Reddy; Payal Rajput; Divya Pillai; Nandita Swetha,Ajay Bhupati,Mudhra Creative Works,1,1.0577903028401985,1,1.0443,1.2115,0,Friday,11,5.133,15.0,₹21.35 Cr,₹16.25 Cr,₹2.25 Cr,,,Mangalavaaram_2023,Mangalavaaram,1093012.0
Ahimsa,2023,Telugu,post_covid,0.9,ok,True,"Action, Drama, Romantic",Action,UA,UA,True,160.0,02 Jun 2023,False,Abhiram Daggubati; Rajat Bedi; Kamal Kamaraju; Sadhaf Mohammed; Geethika Tiwary,Teja,Anandi Art Creations,1,,0,0.6235,0.6741,0,Friday,6,7.0,1.0,₹0.00 Cr,₹1.64 Cr,₹0.00 Cr,,,Ahimsa_2023,Ahimsa (2023 film),1034181.0
Mem Famous,2023,Telugu,post_covid,2.2,ok,True,"Comedy, Drama, Romantic",Comedy,UA,UA,True,149.0,26 May 2023,False,Anji Mama Milkuri; Mani Aegurla; Muralidhar Goud; Sumanth Prabhas; Kiran Macha; Saarya Laxman,Sumanth Prabhas,Lahari Films,1,,0,0.7953,1.4783,0,Friday,5,7.6,5.0,₹7.60 Cr,₹5.49 Cr,₹1.20 Cr,,,Mem_Famous_2023,Mem Famous,1130143.0
Sharathulu Varthisthai,2024,Telugu,post_covid,0.13,ok,True,Drama,Drama,U,U,True,,15 Mar 2024,False,,,,0,2.078055925582919,291,0.5195,0.721,0,Friday,3,0.0,1.0,₹0.21 Cr,₹0.20 Cr,₹0.00 Cr,,,Sharathulu_Varthisthai_2024,Sharathulu Varthisthai,1292080.0
Darshini,2024,Telugu,post_covid,0.03,ok,False,"Sci-Fi, Thriller",Sci-Fi,UA,UA,True,,17 May 2024,False,,,,0,1.9198741815631615,321,1.2192,1.6835,0,Friday,5,7.295,44.0,₹0.10 Cr,₹0.09 Cr,₹0.00 Cr,,,Darshini_2024,Priya Darshini,950075.0
Agricos,2024,Telugu,post_covid,0.03,ok,False,Drama,Drama,,,False,,29 Mar 2024,False,,,,0,2.0489791849783923,296,,,0,Friday,3,,,₹0.03 Cr,₹0.03 Cr,₹0.00 Cr,,,Agricos_2024,"College of Agriculture, Vellayani",
Ambajipeta Marriage Band,2024,Telugu,post_covid,4.35,ok,True,"Drama, Romantic",Drama,UA,U/A 13+,True,132.0,02 Feb 2024,False,Suhas; Goparaju Ramana; Shivani Nagaram; Sharanya Pradeep,Dushyanth Katikaneni,Mahayana Motion Pictures,1,1.3737155789130306,1,1.0544,0.6497,0,Friday,2,5.5,4.0,₹10.75 Cr,₹7.60 Cr,₹1.75 Cr,,,Ambajipeta_Marriage_Band_2024,Ambajipeta Marriage Band,1190968.0
Jagamerigina Satyam,2025,Telugu,post_covid,0.04,ok,False,"Drama, Romantic, Thriller",Drama,,,False,,18 Apr 2025,False,,,,0,1.4548226267357272,486,0.3434,0.7992,0,Friday,4,0.0,0.0,₹0.04 Cr,₹0.04 Cr,₹0.00 Cr,,,Jagamerigina_Satyam_2025,Jagamerigina Satyam,1508081.0
Drive,2025,Telugu,post_covid,0.58,ok,True,"Action, Suspense, Thriller",Action,,,False,107.0,12 Dec 2025,False,Aadhi; Kamal Kamaraju; Raja Chembolu; Madonna Sebastian,Januse Mohammed,,1,0.6418538861723948,1,1.9547,38.0011,0,Friday,12,7.5,19.0,₹0.82 Cr,₹0.74 Cr,₹0.00 Cr,,,Drive_2025,Drive (2025 film),1489187.0
Kaalamega Karigindhi,2025,Telugu,post_covid,0.03,ok,False,Drama,Drama,,,False,110.0,21 Mar 2025,False,,,,0,1.4695641184365875,478,0.4408,0.9105,0,Friday,3,9.5,2.0,₹0.04 Cr,₹0.04 Cr,₹0.00 Cr,,,Kaalamega_Karigindhi_2025,Kaalamega Karigindhi,1477943.0
Kannappa,2025,Telugu,post_covid,19.65,ok,True,"Action, Drama, Historical",Action,,,False,182.0,27 Jun 2025,False,R. Sarathkumar; Mukesh Rishi; Prabhas; Mohanlal; Vishnu Manchu; Brahmaji; Akshay Kumar; Mohan Babu; Brahmanandam; Madhoo; +2 more,Mukesh Kumar Singh,AVA Entertainment,1,4.703190166619124,6,2.5409,1.5911,0,Friday,6,5.462,13.0,₹44.50 Cr,₹33.01 Cr,₹5.50 Cr,,,Kannappa_2025,Kannappa (film),1232232.0
Madhura Raja,2019,Malayalam,pre_covid,21.36,ok,True,"Action, Drama",Action,UA,UA,True,,12 Apr 2019,False,Mammootty,Vysakh,,1,,0,2.2354,1.1083,0,Friday,4,5.563,16.0,₹78.42 Cr,₹52.87 Cr,₹16.00 Cr,₹30.00 Cr,30.0,Madhura_Raja_2019,Madhura Raja,569104.0
Unda,2019,Malayalam,pre_covid,7.5,ok,True,"Action, Comedy",Action,U,U,True,130.0,14 Jun 2019,False,,,,0,2.69508192702204,191,2.4805,0.7487,0,Friday,6,7.1,38.0,₹23.00 Cr,₹13.60 Cr,₹7.00 Cr,₹12.00 Cr,12.0,Unda_2019,Unda (film),569101.0
John Luther,2022,Malayalam,post_covid,0.58,ok,True,"Crime, Thriller",Crime,UA,UA,True,,27 May 2022,False,Jayasurya; Siddique; Athmeeya Rajan; Drishya Raghunath,Abhijith Joseph,Alonsa Films,1,1.204050589385416,5,1.7521,2.0132,0,Friday,5,6.346,13.0,₹0.00 Cr,₹0.85 Cr,₹0.00 Cr,,,John_Luther_2022,John Luther (film),865464.0
Mahaveeryar,2022,Malayalam,post_covid,1.76,ok,True,"Drama, Fantasy",Drama,U,U,True,129.0,21 Jul 2022,False,Asif Ali; Nivin Pauly; Lal; Siddique; Shanvi Srivastava,Abrid Shine,Pauly Jr.,1,0.7793248800819873,1,2.2595,0.9975,0,Thursday,7,4.8,10.0,₹0.00 Cr,₹3.52 Cr,₹0.00 Cr,,,Mahaveeryar_2022,Mahaveeryar,820854.0
Upacharapoorvam Gunda Jayan,2022,Malayalam,post_covid,0.39,ok,True,"Comedy, Drama",Comedy,U,U,True,129.0,25 Feb 2022,False,,,,0,2.569770154553672,218,0.9157,0.6646,0,Friday,2,6.2,5.0,₹0.63 Cr,₹0.55 Cr,₹0.00 Cr,,,Upacharapoorvam_Gunda_Jayan_2022,Upacharapoorvam Gunda Jayan,836062.0
Mei Hoom Moosa,2022,Malayalam,post_covid,1.3,ok,True,"Comedy, Suspense, Thriller",Comedy,U,U,True,138.0,30 Sep 2022,False,Hareesh Kanaran; Suresh Gopi; Saiju Kurup; Poonam Bajwa,Jibu Jacob,Thomas Thiruvalla Films,1,1.8741634504182136,3,1.1027,0.6879,0,Friday,9,6.5,3.0,₹3.28 Cr,₹2.96 Cr,₹0.00 Cr,,,Mei_Hoom_Moosa_2022,Mei Hoom Moosa,945524.0
Hridayam,2022,Malayalam,post_covid,5.95,ok,True,"Drama, Romantic",Drama,U,U,True,172.0,21 Jan 2022,False,Pranav Mohanlal; Darshana Rajendran; Kalyani Priyadarshan,Vineeth Sreenivasan,Merryland Cinemas,1,3.025291094313483,1,1.3085,1.0972,0,Friday,1,7.185,65.0,₹53.10 Cr,₹26.06 Cr,₹22.50 Cr,₹7.00 Cr,7.0,Hridayam_2022,Hridayam (film),653221.0
Romancham,2023,Malayalam,post_covid,2.7,ok,True,"Comedy, Horror",Comedy,U,U,True,129.0,03 Feb 2023,False,Arjun Ashokan; Chemban Vinod Jose; Soubin Shahir; Anantharaman Ajay,Jithu Madhavan,Johnpaul George Productions,1,2.8390784579315715,1,1.4538,1.1924,0,Friday,2,7.368,57.0,₹69.00 Cr,₹38.73 Cr,₹23.30 Cr,₹5.00 Cr,5.0,Romancham_2023,Romancham,976121.0
Padmini,2023,Malayalam,post_covid,0.95,ok,True,"Comedy, Drama",Comedy,UA,UA,True,120.0,14 Jul 2023,False,Althaf Salim; Ganapathy; Kunchacko Boban; Aparna Balamurali; Madonna Sebastian; Vincy Aloshious,Senna Hegde,Little Big Films,1,1.1423620284285432,4,1.2328,0.7209,0,Friday,7,6.321,14.0,₹1.50 Cr,₹0.95 Cr,₹0.35 Cr,,,Padmini_2023,Padmini (2023 film),896828.0
Dhoomam,2023,Malayalam,post_covid,1.85,ok,True,"Action, Drama, Thriller",Action,UA,UA,True,142.0,23 Jun 2023,False,Fahadh Faasil; Achyuth Kumar; Anu Mohan; Roshan Mathew; Aparna Balamurali,Pawan Kumar,Hombale Films,1,2.343927168277066,5,1.3924,0.6497,0,Friday,6,3.1,8.0,₹6.00 Cr,₹3.40 Cr,₹2.00 Cr,,,Dhoomam_2023,Dhoomam (2023 film),1030101.0
Alone,2023,Malayalam,post_covid,0.26,ok,True,Thriller,Thriller,U,U,True,,26 Jan 2023,False,Siddique; Mohanlal; Renji Panicker; Manju Warrier,Shaji Kailas,Aashirvad Cinemas,1,2.103215901934663,9,2.8068,7.1211,0,Thursday,1,4.488,1406.0,₹0.83 Cr,₹0.71 Cr,₹0.00 Cr,₹3.00 Cr,3.0,Alone_2023,Alone (2023 film),12536.0
Ezhuthola,2024,Malayalam,post_covid,0.03,ok,False,Drama,Drama,,,False,,05 Jul 2024,False,,,,0,1.8321922968828355,344,0.7536,0.6594,0,Friday,7,0.0,0.0,₹0.07 Cr,₹0.07 Cr,₹0.00 Cr,,,Ezhuthola_2024,Shankar (actor),1651892.0
Parakramam,2024,Malayalam,post_covid,0.17,ok,True,"Drama, Family",Drama,,,False,117.0,22 Aug 2024,False,,,,0,1.7822618346029104,359,0.5196,0.8658,0,Thursday,8,0.0,0.0,₹0.37 Cr,₹0.35 Cr,₹0.00 Cr,,,Parakramam_2024,Parakramam (2024 Telugu film),1337831.0
Cadburys,2024,Malayalam,post_covid,0.03,ok,False,Drama,Drama,,,False,,03 May 2024,False,,,,0,1.9413583192532378,317,,,0,Friday,5,,,₹0.03 Cr,₹0.03 Cr,₹0.00 Cr,,,Cadburys_2024,Pearce Quigley,
Porattu Nadakam,2024,Malayalam,post_covid,0.13,ok,True,"Comedy, Drama",Comedy,U,U,True,,18 Oct 2024,False,,,,0,1.6810770056318953,391,0.9157,0.7809,0,Friday,10,4.0,2.0,₹0.23 Cr,₹0.21 Cr,₹0.00 Cr,,,Porattu_Nadakam_2024,Porattu Nadakam,1322685.0
Sarkeet,2025,Malayalam,post_covid,1.2,ok,True,"Drama, Family",Drama,U,U,True,123.0,08 May 2025,False,,,,0,1.4248027158574306,502,1.4045,0.8109,0,Thursday,5,5.75,4.0,₹2.73 Cr,₹2.44 Cr,₹0.00 Cr,,,Sarkeet_2025,Sarkeet,1392483.0
Izha,2025,Malayalam,post_covid,0.03,ok,False,"Action, Mystery, Thriller",Action,,,False,,07 Feb 2025,False,,,,0,1.5206729421818568,452,0.691,0.889,0,Friday,2,0.0,0.0,₹0.05 Cr,₹0.04 Cr,₹0.00 Cr,,,Izha_2025,Sinoj Varghese,1429282.0
Avirachante Swantham Inangathi,2025,Malayalam,post_covid,0.03,ok,False,"Drama, Family",Drama,,,False,,24 Jan 2025,False,,,,0,1.551122416628446,439,,,0,Friday,1,,,₹0.03 Cr,₹0.03 Cr,₹0.00 Cr,,,Avirachante_Swantham_Inangathi_2025,,
Padakkuthira,2025,Malayalam,post_covid,0.11,ok,True,Drama,Drama,UA,U/A 13+,True,,24 Apr 2025,False,,,,0,1.4402846327090975,493,1.197,0.6283,0,Thursday,4,0.0,0.0,₹0.23 Cr,₹0.19 Cr,₹0.00 Cr,,,Padakkuthira_2025,Sija Rose,1066830.0
Emerald,2025,Malayalam,post_covid,0.03,ok,False,"Action, Drama",Action,,,False,,17 Jan 2025,False,,,,0,1.563604939327345,435,0.4996,0.54,0,Friday,1,0.0,0.0,₹0.03 Cr,₹0.03 Cr,₹0.00 Cr,,,Emerald_2025,Emerald Fennell,1624143.0
Kurukshetra,2019,Kannada,pre_covid,23.65,ok,True,"Historical, War",Historical,UA,UA,True,185.0,09 Aug 2019,False,,,,0,2.678611866410783,195,1.5955,1.9446,0,Friday,8,4.875,8.0,₹81.00 Cr,₹66.09 Cr,₹3.00 Cr,₹75.00 Cr,75.0,Kurukshetra_2019,Kurukshetra (2019 film),620082.0
Monsoon Raaga,2022,Kannada,post_covid,0.63,ok,True,"Drama, Romantic",Drama,UA,UA,True,142.0,16 Sep 2022,False,,,,0,2.507004978559882,225,0.8144,1.1405,0,Friday,9,0.0,0.0,₹0.00 Cr,₹1.02 Cr,₹0.00 Cr,,,Monsoon_Raaga_2022,Monsoon Raaga,861767.0
Head Bush,2022,Kannada,post_covid,3.05,ok,True,"Action, Biography, Crime, Drama",Action,UA,UA,True,138.0,21 Oct 2022,False,Dhananjay; Vasishta Simha; Ravichandran Veeraswamy; Sruthi Hariharan; Payal Rajput,Shoonya,Somanna Talkies,1,2.4476703940529907,5,0.8125,0.8812,0,Friday,10,6.7,3.0,₹6.15 Cr,₹5.20 Cr,₹0.00 Cr,,,Head_Bush_2022,Head Bush,735855.0
Veeram,2023,Kannada,post_covid,0.47,ok,True,"Action, Drama",Action,UA,UA,True,,07 Apr 2023,False,Shishya Deepak; Prajwal Devaraj; Srinagara Kitty; Achyuth Kumar; Shruti Krishna; Rachita Ram,Kumar S,,1,,0,0.8421,0.7184,0,Friday,4,3.0,1.0,₹0.00 Cr,₹0.64 Cr,₹0.00 Cr,,,Veeram_2023,Veeram (2023 film),1142313.0
Gurudev Hoysala,2023,Kannada,post_covid,2.35,ok,True,"Action, Crime, Thriller",Action,UA,U/A 13+,True,,30 Mar 2023,False,Dhananjay; Prathap Narayan; Rajesh Natarangan; Naveen Shankar; Raghu Shivamogga; Amrutha Iyengar,Vijay N,KRG Studios,1,2.2728448085639004,6,0.8125,0.9576,0,Thursday,3,5.0,2.0,₹5.70 Cr,₹5.24 Cr,₹0.00 Cr,₹10.00 Cr,10.0,Gurudev_Hoysala_2023,Gurudev Hoysala,927223.0
Toby,2023,Kannada,post_covid,3.65,ok,True,"Crime, Drama, Thriller",Crime,,,False,,25 Aug 2023,False,Raj B. Shetty; Raj Deepak Shetty; Samyukta Hornad; Chaithra Achar,Basil AL Chalakkal,Smooth Sailers,1,,0,0.7972,1.491,0,Friday,8,7.0,6.0,₹4.30 Cr,₹5.02 Cr,₹0.00 Cr,,,Toby_2023,Toby (film),1139698.0
Tharini,2024,Kannada,post_covid,0.03,ok,False,Drama,Drama,,,False,156.0,29 Mar 2024,False,,,,0,2.0489791849783923,296,,,0,Friday,3,,,₹0.04 Cr,₹0.04 Cr,₹0.00 Cr,,,Tharini_2024,Surya Vamsam (1997 film),
A Day In Dollarspete,2024,Kannada,post_covid,0.06,ok,True,"Action, Comedy, Crime",Action,,,False,,06 Sep 2024,False,,,,0,1.7616479221820145,366,,,0,Friday,9,,,₹0.10 Cr,₹0.08 Cr,₹0.00 Cr,,,A_Day_In_Dollarspete_2024,,
Karataka Damanaka,2024,Kannada,post_covid,1.52,ok,True,"Action, Comedy, Drama",Action,,,False,,08 Mar 2024,False,,,,0,2.120883557528759,284,1.2278,1.1994,0,Friday,3,2.0,1.0,₹2.94 Cr,₹2.63 Cr,₹0.00 Cr,,,Karataka_Damanaka_2024,Karataka Damanaka,1254792.0
Nodidavaru Enanthare,2025,Kannada,post_covid,0.15,ok,True,"Drama, Romantic",Drama,,,False,136.0,31 Jan 2025,False,,,,0,1.535276313793132,446,0.6089,0.643,0,Friday,1,10.0,1.0,₹0.62 Cr,₹0.53 Cr,₹0.00 Cr,,,Nodidavaru_Enanthare_2025,Nodidavaru Enanthare,1399747.0
Love Matteru,2025,Kannada,post_covid,0.03,ok,False,"Comedy, Romantic",Comedy,,,False,,22 Aug 2025,False,Achyuth Kumar; Virata Bilwa; Sonal Monteiro; Anitha Bhat; Sushmitha; Suman Ranganathan,Virata Bilwa,,1,1.812261068518996,7,,,0,Friday,8,,,₹0.10 Cr,₹0.10 Cr,₹0.00 Cr,,,Love_Matteru_2025,Sonal Monteiro,
Anamadheya Ashok Kumar,2025,Kannada,post_covid,0.03,ok,False,"Crime, Thriller",Crime,U,U,True,44.0,07 Feb 2025,False,,,,0,1.5206729421818568,452,0.6282,0.8313,0,Friday,2,0.0,0.0,₹0.07 Cr,₹0.06 Cr,₹0.00 Cr,,,Anamadheya_Ashok_Kumar_2025,Anamadheya Ashok Kumar,1401907.0
Baahubali: The Epic,2025,Telugu,post_covid,1.15,ok,True,"Action, Fantasy, Thriller",Action,UA,U/A 16+,True,225.0,31 Oct 2025,False,Nassar; Prabhas; Rana Daggubati; Sathyaraj; Anushka Shetty; Tamanna Bhatia; Ramya Krishnan,S. S. Rajamouli,Arka Media Works,1,4.463836617017398,13,12.5964,6.9383,0,Friday,10,6.4,42.0,₹52.15 Cr,₹33.87 Cr,₹12.25 Cr,,539.5,Baahubali_The_Epic_2025,Baahubali: The Epic,1511417.0
Tiger Zinda Hai,2017,Hindi,pre_covid,114.92999649047852,ok,True,"Action, Thriller",Action,UA,U/A,True,165.0,22 Dec 2017,False,Salman Khan; Paresh Rawal; Kichcha Sudeep; Girish Karnad; Katrina Kaif,Ali Abbas Zafar,Yash Raj Films,1,4.489625429123751,5,6.2148,2.4684,0,Friday,12,6.259,185.0,Rs558.0 Cr,Rs339.16 Cr,Rs124.23 Cr,Rs210.0 Cr,210.0,Tiger_Zinda_Hai,Tiger Zinda Hai,441909.0
Golmaal Again,2017,Hindi,pre_covid,87.60000038146973,ok,True,Comedy,Comedy,UA,UA,True,152.0,20 Oct 2017,True,Neil Nitin Mukesh; Murali Sharma; Vijay Patkar; Ajay Devgn; Tusshar Kapoor; Johnny Lever; Prakash Raj; Mukesh Tiwari; Vrajesh Hirjee; Uday Tikekar; +9 more,Rohit Shetty,Rohit Shetty Productions,1,4.50446546161591,2,2.4951,1.4804,1,Friday,10,5.381,118.0,Rs308.62 Cr,Rs205.69 Cr,Rs45.74 Cr,Rs80.0 Cr,80.0,Golmaal_Again,Golmaal Again,472123.0
Tubelight,2017,Hindi,pre_covid,64.77000045776367,ok,True,,,U,U,True,136.0,23 Jun 2017,False,Salman Khan; Sohail Khan; Shah Rukh Khan; Om Puri; Isha Talwar,Kabir Khan,,1,4.565490832836357,4,6.2148,1.2549,0,Friday,6,5.286,103.0,Rs211.25 Cr,Rs119.26 Cr,Rs45.61 Cr,Rs100.0 Cr,100.0,Tubelight,Tubelight (2017 Hindi film),441881.0
Judwaa 2,2017,Hindi,pre_covid,59.25,ok,True,"Comedy, Drama",Comedy,UA,U/A,True,149.0,29 Sep 2017,False,Varun Dhawan; Anupam Kher; Taapsee Pannu; Jacqueline Fernandez,David Dhawan,Nadiadwala Grandson Entertainment,1,4.025613101578028,2,1.3205,1.403,1,Friday,9,5.322,118.0,Rs227.51 Cr,Rs138.55 Cr,Rs35.08 Cr,Rs65.0 Cr,65.0,Judwaa_2,Judwaa 2,456565.0
Toilet Ek Prem Katha,2017,Hindi,pre_covid,51.45000076293945,ok,True,"Comedy, Romantic",Comedy,UA,U/A,True,155.0,11 Aug 2017,False,Anupam Kher; Akshay Kumar; Sana Khan; Bhumi Pednekar,Shree Narayan Singh,Kriarj Entertainment,1,3.665916792285601,4,2.5409,1.3961,0,Friday,8,6.827,226.0,Rs316.97 Cr,Rs134.42 Cr,Rs130.55 Cr,Rs18.0 Cr,18.0,Toilet_Ek_Prem_Katha,Toilet: Ek Prem Katha,441875.0
Jab Harry Met Sejal,2017,Hindi,pre_covid,45.75,ok,True,"Drama, Romantic",Drama,,,False,144.0,04 Aug 2017,False,,,,0,2.747414234703577,163,2.6192,1.5905,0,Friday,8,6.389,211.0,Rs111.04 Cr,Rs64.26 Cr,Rs21.79 Cr,Rs1.0 Cr,137.78,Jab_Harry_Met_Sejal,Jab Harry Met Sejal,441906.0
Baadshaho,2017,Hindi,pre_covid,43.30000114440918,ok,True,,,UA,UA,True,136.0,01 Sep 2017,False,,,,0,2.7534644528315964,165,2.4951,1.3257,0,Friday,9,5.463,41.0,Rs123.5 Cr,Rs78.1 Cr,Rs15.03 Cr,Rs85.0 Cr,85.0,Baadshaho,Baadshaho,441894.0
Badrinath Ki Dulhania,2017,Hindi,pre_covid,43.04999923706055,ok,True,"Comedy, Thriller",Comedy,UA,UA,True,139.0,10 Mar 2017,True,Mohit Marwah; Rituraj Singh; Sahil Vaid; Varun Dhawan; Puneet Singh Ratn; Alia Bhatt; Shweta Basu Prasad; Gauhar Khan; Aakanksha Singh,Shashank Khaitan,Fox Star Studios,1,,0,2.6703,1.186,0,Friday,3,6.449,147.0,Rs201.07 Cr,Rs117.89 Cr,Rs38.9 Cr,Rs44.0 Cr,44.0,Badrinath_Ki_Dulhania,Badrinath Ki Dulhania,413646.0
Kaabil,2017,Hindi,pre_covid,38.35000038146973,ok,True,"Action, Thriller",Action,UA,UA,True,139.0,25 Jan 2017,False,Narendra Jha; Ronit Roy; Hrithik Roshan; Rohit Roy; Yami Gautam; Urvashi Rautela,Sanjay Gupta (director),,1,4.204047066583082,2,2.3104,1.1887,0,Wednesday,1,6.905,152.0,Rs178.1 Cr,Rs104.34 Cr,Rs32.3 Cr,Rs35.0 Cr,35.0,Kaabil,Kaabil,403867.0
Jagga Jasoos,2017,Hindi,pre_covid,33.16999912261963,ok,True,"Adventure, Comedy, Mystery, Romantic",Adventure,U,U,True,162.0,14 Jul 2017,False,Saurabh Shukla; Ranbir Kapoor; Karan Wahi; Govinda; Saswata Chatterjee; Adah Sharma; Sayani Gupta; Katrina Kaif,Anurag Basu,UTV Motion Pictures,1,4.504039817058812,2,1.7637,1.2113,0,Friday,7,6.135,100.0,Rs83.35 Cr,Rs54.16 Cr,Rs8.13 Cr,Rs125.0 Cr,125.0,Jagga_Jasoos,Jagga Jasoos,401285.0
Fukrey Returns,2017,Hindi,pre_covid,32.20000076293945,ok,True,"Drama, Romantic",Drama,UA,U/A,True,141.0,08 Dec 2017,False,Ali Fazal; Pulkit Samrat; Varun Sharma; Manjot Singh; Pankaj Tripathi; Vishakha Singh; Priya Anand; Richa Chaddha,Mrighdeep Singh Lamba,Zee Studio,1,4.072780405094801,1,1.5712,1.06,1,Friday,12,6.417,60.0,Rs112.3 Cr,Rs80.16 Cr,Rs4.09 Cr,Rs22.0 Cr,22.0,Fukrey_Returns,Fukrey Returns,454776.0
Half Girlfriend,2017,Hindi,pre_covid,32.05000019073486,ok,True,"Comedy, Romantic",Comedy,UA,UA,True,130.0,19 May 2017,False,Arjun Kapoor; Vikrant Massey; Rhea Chakraborty; Shraddha Kapoor; Seema Biswas,Mohit Suri,NH Studioz,1,3.6661224523569316,1,1.8231,2.7295,0,Friday,5,6.269,91.0,Rs97.7 Cr,Rs60.29 Cr,Rs16.34 Cr,Rs58.0 Cr,58.0,Half_Girlfriend,Half Girlfriend (film),413884.0
Sachin: A Billion Dreams,2017,Hindi,pre_covid,28.050000190734863,ok,True,,,U,U,True,2.0,26 May 2017,False,,,,0,2.770162144246616,155,0.4082,0.8681,0,Friday,5,7.397,34.0,Rs70.87 Cr,Rs50.89 Cr,Rs5.72 Cr,Rs39.0 Cr,39.0,Sachin:_A_Billion_Dreams,Sachin: A Billion Dreams,401552.0
Sachin A Billion Dreams,2017,Hindi,pre_covid,28.050000190734863,ok,True,,,U,U,True,2.0,26 May 2017,False,,,,0,2.770162144246616,155,0.4082,0.8681,0,Friday,5,7.397,34.0,Rs70.87 Cr,Rs50.89 Cr,Rs5.72 Cr,Rs39.0 Cr,39.0,Sachin_A_Billion_Dreams,Sachin: A Billion Dreams,401552.0
Secret Superstar,2017,Hindi,pre_covid,26.300000190734863,ok,True,"Adventure, Musical",Adventure,UA,U/A,True,150.0,19 Oct 2017,True,Aamir Khan; Meher Vij; Zaira Wasim,Advait Chandan,Zee Studio,1,4.639736843120183,2,2.9518,1.6573,0,Thursday,10,7.254,205.0,Rs912.75 Cr,Rs63.4 Cr,Rs831.47 Cr,Rs15.0 Cr,15.0,Secret_Superstar,Secret Superstar,441889.0
Mubarakan,2017,Hindi,pre_covid,22.90999984741211,ok,True,"Comedy, Drama, Romantic",Comedy,,,False,156.0,28 Jul 2017,False,Anil Kapoor; Arjun Kapoor; Athiya Shetty; Neha Sharma; Ileana D'Cruz,Anees Bazmee,,1,3.5820720122128638,2,2.0903,1.1921,0,Friday,7,6.053,47.0,Rs93.24 Cr,Rs55.48 Cr,Rs16.36 Cr,Rs63.0 Cr,63.0,Mubarakan,Mubarakan,463063.0
Naam Shabana,2017,Hindi,pre_covid,18.75999975204468,ok,True,"Crime, Mystery, Thriller",Crime,UA,U/A,True,147.0,31 Mar 2017,False,Manoj Bajpayee; Murali Sharma; Akshay Kumar; Anupam Kher; Nirvaan Bishnoi; Prithviraj Sukumaran; Danny Denzongpa; Taher Shabbir Mithaiwala; Taapsee Pannu; Madhurima Tuli; +1 more,Shivam Nair,Plan C Studios,1,3.893335829790343,3,2.5409,1.2742,0,Friday,3,5.71,62.0,Rs55.0 Cr,Rs36.78 Cr,Rs7.0 Cr,Rs25.0 Cr,25.0,Naam_Shabana,Naam Shabana,441071.0
Munna Michael,2017,Hindi,pre_covid,18.220000505447388,ok,True,"Dance, Drama",Dance,UA,U/A,True,139.0,27 Jul 2017,False,,,,0,2.754730386736257,161,1.9231,1.449,0,Thursday,7,5.643,49.0,Rs48.28 Cr,Rs32.88 Cr,Rs2.6 Cr,Rs41.0 Cr,41.0,Munna_Michael,Munna Michael,460508.0
Ittefaq,2017,Hindi,pre_covid,16.050000190734863,ok,True,"Mystery, Thriller",Mystery,UA,UA,True,105.0,03 Nov 2017,False,Akshaye Khanna; Sidharth Malhotra; Mandira Bedi; Sonakshi Sinha; Himansh Kohli,Abhay Chopra,Red Chillies Entertainment,1,3.9446837847139995,1,1.7335,1.5209,0,Friday,11,6.8,120.0,Rs51.47 Cr,Rs30.21 Cr,Rs12.74 Cr,Rs20.0 Cr,20.0,Ittefaq,Ittefaq (2017 film),464458.0
Raabta,2017,Hindi,pre_covid,15.93000030517578,ok,True,,,UA,UA,True,148.0,09 Jun 2017,False,,,,0,2.777790887502884,157,2.0295,1.1944,0,Friday,6,5.805,64.0,Rs39.08 Cr,Rs25.67 Cr,Rs3.43 Cr,Rs45.0 Cr,45.0,Raabta,Raabta (film),456562.0
Commando 2,2017,Hindi,pre_covid,15.739999771118164,ok,True,Action,Action,UA,UA,True,90.0,03 Mar 2017,False,,,,0,2.769852800693746,154,1.4582,1.5618,1,Friday,3,5.9,52.0,Rs39.05 Cr,Rs25.11 Cr,Rs5.17 Cr,Rs26.0 Cr,26.0,Commando_2,Commando (1985 film),444713.0
Shubh Mangal Saavdhan,2017,Hindi,pre_covid,14.460000038146973,ok,True,"Drama, Romantic",Drama,UA,UA,True,117.0,01 Sep 2017,False,,,,0,2.7534644528315964,165,1.1107,0.9998,0,Friday,9,6.5,87.0,Rs64.06 Cr,Rs42.79 Cr,Rs4.66 Cr,Rs25.0 Cr,25.0,Shubh_Mangal_Saavdhan,Shubh Mangal Zyada Saavdhan,471892.0
MOM,2017,Hindi,pre_covid,14.400000095367432,ok,True,Thriller,Thriller,,,False,146.0,07 Jul 2017,False,Nawazuddin Siddiqui; Sushant Singh; Akshaye Khanna; Adnan Siddiqui; Vikas Verma; Abhimanyu Singh; Sajal Ali; Sridevi,Ravi Udyawar,Zee Studio,1,4.54000351995229,2,8.6416,5.5546,0,Friday,7,5.409,1099.0,Rs178.54 Cr,Rs37.28 Cr,Rs126.74 Cr,Rs35.0 Cr,35.0,MOM,Mom (film),401561.0
OK Jaanu,2017,Hindi,pre_covid,13.800000190734863,ok,True,"Drama, Romantic",Drama,UA,UA,True,137.0,13 Jan 2017,True,,,,0,2.775863627100792,150,1.8231,1.3883,0,Friday,1,5.815,65.0,Rs39.3 Cr,Rs23.65 Cr,Rs6.45 Cr,Rs27.0 Cr,27.0,OK_Jaanu_2017,Ok Jaanu,413882.0
A Gentleman,2017,Hindi,pre_covid,13.130000114440918,ok,True,,,UA,UA,True,130.0,25 Aug 2017,False,,,,0,2.75410569824645,164,1.6088,1.2194,0,Friday,8,6.224,87.0,Rs38.3 Cr,Rs20.59 Cr,Rs9.7 Cr,Rs65.0 Cr,65.0,A_Gentleman,A Gentleman,469872.0
Tumhari Sulu,2017,Hindi,pre_covid,12.869999885559082,ok,True,"Comedy, Drama",Comedy,U,U,True,140.0,17 Nov 2017,False,Manav Kaul; Neha Dhupia; Vidya Balan,Suresh Triveni,T-Series,1,,0,0.9162,1.156,0,Friday,11,6.558,52.0,Rs50.76 Cr,Rs36.09 Cr,Rs4.49 Cr,Rs17.0 Cr,17.0,Tumhari_Sulu,Tumhari Sulu,460844.0
Bareilly Ki Barfi,2017,Hindi,pre_covid,11.520000219345093,ok,True,"Comedy, Romantic",Comedy,UA,U/A,True,123.0,18 Aug 2017,False,Rajkummar Rao; Ayushmann Khurrana; Pankaj Tripathi; Kriti Sanon,Ashwiny Iyer Tiwari,Junglee Pictures,1,,0,2.0295,1.5026,0,Friday,8,6.908,200.0,Rs58.62 Cr,Rs34.27 Cr,Rs10.76 Cr,Rs20.0 Cr,20.0,Bareilly_Ki_Barfi,Bareilly Ki Barfi,467106.0
Simran,2017,Hindi,pre_covid,10.649999856948853,ok,True,,,UA,UA,True,,15 Sep 2017,False,Hiten Kumar; Sohum Shah; Kishori Shahane; Kangana Ranaut,Hansal Mehta,T-Series,1,,0,0.7763,0.9053,0,Friday,9,4.92,25.0,Rs27.63 Cr,Rs17.21 Cr,Rs3.73 Cr,Rs1.0 Cr,,Simran,Simran (actress),444011.0
Lucknow Central,2017,Hindi,pre_covid,8.419999837875366,ok,True,"Drama, Musical",Drama,UA,UA,True,150.0,15 Sep 2017,False,,,,0,2.75958608063308,167,1.0632,1.0831,0,Friday,9,6.258,33.0,Rs16.95 Cr,Rs11.2 Cr,Rs1.39 Cr,Rs1.0 Cr,,Lucknow_Central,Lucknow Central,471919.0
Qarib Qarib Singlle,2017,Hindi,pre_covid,8.049999952316284,ok,True,"Comedy, Romantic",Comedy,UA,U/A 13+,True,125.0,10 Nov 2017,False,Irrfan Khan; Parvathy Thiruvothu,Tanuja Chandra,,1,1.7833912275716082,1,1.8703,1.0124,0,Friday,11,7.013,77.0,Rs24.1 Cr,Rs16.74 Cr,Rs1.5 Cr,Rs15.0 Cr,15.0,Qareeb_Qareeb_Singlle,Qarib Qarib Singlle,479918.0
Babumoshai Bandookbaaz,2017,Hindi,pre_covid,7.529999971389771,ok,True,"Action, Thriller",Action,A,A,True,122.0,25 Aug 2017,False,Murali Sharma; Nawazuddin Siddiqui; Bidita Bag; Shradda Das; Divya Dutta,Kushan Nandy,,1,3.938124851838951,3,1.3437,1.0928,0,Friday,8,6.304,28.0,Rs18.24 Cr,Rs13.23 Cr,Rs0.0 Cr,Rs10.0 Cr,10.0,Babumoshai_Bandookbaaz,Babumoshai Bandookbaaz,461809.0
Bhoomi (film),2017,Hindi,pre_covid,7.480000019073486,ok,True,,,,,False,136.0,22 Sep 2017,False,,,,0,2.7565101817684643,168,,,0,Friday,9,,,Rs14.84 Cr,Rs10.33 Cr,Rs0.56 Cr,Rs25.0 Cr,25.0,Bhoomi_(Film),Bhoomi (2017 film),
Poster Boys,2017,Hindi,pre_covid,7.25,ok,True,Comedy,Comedy,,,False,131.0,08 Sep 2017,False,Sunny Deol; Bobby Deol; Shreyas Talpade,Shreyas Talpade,Sunny Sounds Pvt. Ltd.,1,,0,1.5472,0.6498,0,Friday,9,5.045,22.0,Rs14.81 Cr,Rs11.28 Cr,Rs0.5 Cr,Rs18.0 Cr,18.0,Poster_Boys,Poster Boys (2017 film),471894.0
Newton,2017,Hindi,pre_covid,6.900000035762787,ok,True,Black Comedy,Black Comedy,UA,UA,True,106.0,22 Sep 2017,False,,,,0,2.7565101817684643,168,0.9831,1.0628,0,Friday,9,7.168,155.0,Rs28.35 Cr,Rs20.54 Cr,Rs0.0 Cr,Rs15.0 Cr,15.0,Newton,Newton (film),439128.0
Firangi,2017,Hindi,pre_covid,6.599999904632568,ok,True,"Comedy, Drama, Historical",Comedy,UA,U/A,True,160.0,01 Dec 2017,False,Inaamulhaq; Kapil Sharma; Ishita Dutta; Monica Gill; Maryam Zakaria,Rajiev Dhingra,Sony Pictures Networks,1,3.1842843840475434,1,0.9008,1.1232,0,Friday,12,3.6,9.0,Rs16.6 Cr,Rs10.21 Cr,Rs2.83 Cr,Rs25.0 Cr,25.0,Firangi,Firangi,483208.0
Guest iin London,2017,Hindi,pre_covid,6.4999998807907104,ok,True,,,,,False,132.0,06 Jul 2017,False,,,,0,2.7593543078743106,160,1.1973,1.5717,0,Thursday,7,5.219,32.0,Rs11.9 Cr,Rs10.64 Cr,Rs0.86 Cr,Rs28.0 Cr,28.0,Guest_iin_London,Guest iin London,464599.0
Haseena Parkar,2017,Hindi,pre_covid,6.099999904632568,ok,True,,,UA,UA,True,124.0,22 Sep 2017,False,,,,0,2.7565101817684643,168,1.8231,1.0991,0,Friday,9,5.154,13.0,Rs11.12 Cr,Rs8.06 Cr,Rs0.01 Cr,Rs15.0 Cr,15.0,Haseena_Parkar,Haseena Parkar,461707.0
Lipstick Under My Burkha,2017,Hindi,pre_covid,5.7900002002716064,ok,True,"Drama, Psychological",Drama,A,A,True,117.0,21 Jul 2017,False,Sushant Singh; Vikrant Massey; Sonal Jha; Aahana Kumra; Ratna Pathak Shah; Plabita Borthakur; Konkona Sen Sharma,Alankrita Shrivastava,Prakash Jha Productions,1,3.4980215720687955,1,0.9102,0.9275,0,Friday,7,6.8,107.0,Rs26.68 Cr,Rs19.16 Cr,Rs0.73 Cr,Rs6.0 Cr,6.0,Lipstick_Under_My_Burkha,Lipstick Under My Burkha,418235.0
Aksar 2,2017,Hindi,pre_covid,5.269999980926514,ok,True,"Romantic, Thriller",Romantic,UA,UA,True,117.0,17 Nov 2017,False,Gautam Rode; Mohit Madaan; Abhinav Shukla; Zareen Khan,Anant Mahadevan,Siddhi Vinayak Creation,1,,0,0.8441,1.0893,1,Friday,11,4.5,6.0,Rs12.0 Cr,Rs9.2 Cr,Rs0.2 Cr,Rs9.5 Cr,9.5,Aksar_2,Aksar 2,473014.0
Daddy,2017,Hindi,pre_covid,4.599999904632568,ok,True,"Biography, Crime, Drama",Biography,A,A,True,134.0,08 Sep 2017,False,Arjun Rampal; Aishwarya Rajesh,,,1,,0,2.5068,0.9168,0,Friday,9,5.808,13.0,Rs11.59 Cr,Rs8.15 Cr,Rs0.34 Cr,Rs1.0 Cr,,Daddy,Daddy (2017 film),461816.0
Bank Chor,2017,Hindi,pre_covid,4.359999895095825,ok,True,"Comedy, Thriller",Comedy,UA,UA,True,120.0,16 Jun 2017,False,,,,0,2.766149215750809,159,1.1659,1.1182,0,Friday,6,5.0,23.0,Rs10.17 Cr,Rs7.32 Cr,Rs0.0 Cr,Rs15.0 Cr,15.0,Bank_Chor,Bank Chor,456756.0
Chef,2017,Hindi,pre_covid,4.0,ok,True,,,UA,UA,True,133.0,06 Oct 2017,False,,,,0,2.7442010439986557,171,3.0886,2.4691,0,Friday,10,5.529,34.0,Rs10.06 Cr,Rs6.37 Cr,Rs1.21 Cr,Rs13.0 Cr,13.0,Chef,Chef (2017 film),471972.0
Shaadi Mein Zaroor Aana,2017,Hindi,pre_covid,3.649999976158142,ok,True,"Comedy, Romantic",Comedy,UA,UA,True,137.0,10 Nov 2017,False,,,,0,2.73760358393142,172,1.1973,1.4501,0,Friday,11,6.882,93.0,Rs17.0 Cr,Rs13.07 Cr,Rs0.04 Cr,Rs13.0 Cr,13.0,Shaadi_Mein_Zaroor_Aana,Shaadi Mein Zaroor Aana,480810.0
Indu Sarkar,2017,Hindi,pre_covid,2.900000035762787,ok,True,"Drama, Historical",Drama,,,False,139.0,28 Jul 2017,False,,,,0,2.755972491940602,162,1.3205,1.1778,0,Friday,7,5.0,8.0,Rs6.88 Cr,Rs4.95 Cr,Rs0.0 Cr,Rs1.0 Cr,,Indu_Sarkar,Indu Sarkar,460530.0
Tera Intezaar,2017,Hindi,pre_covid,1.550000011920929,ok,True,"Musical, Romantic",Musical,,,False,108.0,01 Dec 2017,False,,,,0,2.7306629112755854,173,1.0636,2.9242,0,Friday,12,1.7,3.0,Rs2.75 Cr,Rs2.01 Cr,Rs0.04 Cr,Rs10.0 Cr,10.0,Tera_Intezaar,Tera Intezaar,481738.0
Behen Hogi Teri,2017,Hindi,pre_covid,1.4000000357627869,ok,True,"Comedy, Romantic",Comedy,,,False,128.0,09 Jun 2017,False,,,,0,2.777790887502884,157,1.2223,0.9536,0,Friday,6,6.034,74.0,Rs3.05 Cr,Rs1.99 Cr,Rs0.36 Cr,Rs13.0 Cr,13.0,Behen_Hogi_Teri,Behen Hogi Teri,454769.0
Sanju,2018,Hindi,pre_covid,120.05999755859376,ok,True,Biopic,Biopic,UA,U/A,True,161.0,29 Jun 2018,False,Paresh Rawal; Vicky Kaushal; Ranbir Kapoor; Tabu; Anushka Sharma; Dia Mirza; Manisha Koirala; Sonam Kapoor; Karishma Tanna,Rajkumar Hirani,Vinod Chopra Films,1,3.811861156894426,3,1.8477,1.8665,0,Friday,6,7.222,225.0,Rs588.5 Cr,Rs342.57 Cr,Rs150.0 Cr,Rs100.0 Cr,100.0,Sanju,Sanju,496328.0
Race 3,2018,Hindi,pre_covid,106.46999931335448,ok,True,"Action, Mystery, Thriller",Action,UA,U/A,True,160.0,15 Jun 2018,True,Anil Kapoor; Saqib Saleem; Salman Khan; Bobby Deol; Freddy Daruwala; Daisy Shah; Jacqueline Fernandez,Remo D'Souza,Tips Industries Limited,1,4.533518946004717,6,6.2148,1.3219,1,Friday,6,3.6,90.0,Rs300.0 Cr,Rs169.5 Cr,Rs83.0 Cr,Rs170.0 Cr,170.0,Race_3,Race 3,496320.0
Padmaavat,2018,Hindi,pre_covid,90.0,ok,True,"Drama, Historical",Drama,UA,U/A,True,163.0,25 Jan 2018,False,Ranveer Singh; Shahid Kapoor; Deepika Padukone; Aditi Rao Hydari,Sanjay Leela Bhansali,Viacom 18 Motion Pictures,1,3.9254754016583604,2,2.1752,3.2439,0,Thursday,1,6.924,324.0,Rs585.0 Cr,Rs302.15 Cr,Rs185.0 Cr,Rs215.0 Cr,215.0,Padmavat,Padmaavat,432527.0
Simmba,2018,Hindi,pre_covid,75.10999870300293,ok,True,"Action, Drama",Action,UA,U/A,True,160.0,28 Dec 2018,False,Sonu Sood; Ranveer Singh; Sara Ali Khan,Rohit Shetty,Rohit Shetty Productions,1,4.12060343661119,3,2.7656,2.0256,0,Friday,12,6.148,105.0,Rs390.0 Cr,Rs240.3 Cr,Rs95.0 Cr,Rs90.0 Cr,90.0,Simmba,Simmba,496524.0
Baaghi 2,2018,Hindi,pre_covid,73.10000038146973,ok,True,"Action, Drama, Romantic",Action,UA,U/A,True,144.0,30 Mar 2018,False,Randeep Hooda; Manoj Bajpayee; Tiger Shroff; Prateik Babbar; Disha Patani,Ahmed Khan,Nadiadwala Grandson Entertainment,1,4.677490829824939,2,2.1992,1.7434,1,Friday,3,5.753,89.0,Rs257.0 Cr,Rs165.5 Cr,Rs45.16 Cr,Rs75.0 Cr,75.0,Baaghi_2,Baaghi 2,496316.0
Thugs Of Hindostan,2018,Hindi,pre_covid,68.25,ok,True,"Action, Adventure, Drama",Action,UA,U/A,True,164.0,08 Nov 2018,True,Aamir Khan; Ronit Roy; Amitabh Bachchan; Fatima Sana Shaikh; Katrina Kaif,Vijay Krishna Acharya,Yash Raj Films,1,4.195453465139301,3,2.9518,2.8755,0,Thursday,11,5.547,127.0,Rs327.51 Cr,Rs145.55 Cr,Rs133.51 Cr,Rs300.0 Cr,300.0,Thugs_Of_Hindostan,Thugs of Hindostan,472138.0
Zero,2018,Hindi,pre_covid,59.069997787475586,ok,True,"Comedy, Romantic",Comedy,UA,U/A,True,164.0,21 Dec 2018,False,Shah Rukh Khan; Katrina Kaif; Anushka Sharma,Anand L Rai,Red Chillies Entertainment,1,4.097678325573785,5,4.4418,4.7684,0,Friday,12,5.286,417.0,Rs178.0 Cr,Rs96.61 Cr,Rs57.2 Cr,Rs200.0 Cr,200.0,Zero,Zero (2018 film),295011.0
Raid,2018,Hindi,pre_covid,41.01000022888184,ok,True,"Drama, Thriller",Drama,UA,U/A,True,128.0,16 Mar 2018,False,Ajay Devgn; Saurabh Shukla; Gayathri Iyer; Ileana D'Cruz,Raj Kumar Gupta,T-Series,1,4.179809224855968,3,2.5044,2.41,0,Friday,3,7.17,138.0,Rs154.19 Cr,Rs103.07 Cr,Rs22.05 Cr,Rs35.0 Cr,35.0,Raid,Raid (2018 film),503838.0
Padman,2018,Hindi,pre_covid,40.05000114440918,ok,True,"Biography, Comedy, Drama",Biography,,PG-13,False,140.0,09 Feb 2018,False,Amitabh Bachchan; Akshay Kumar; Sonam Kapoor; Radhika Apte,R. Balki,Kriarj Entertainment,1,3.7247055037061485,5,2.5409,1.3556,0,Friday,2,7.47,248.0,Rs205.84 Cr,Rs81.74 Cr,Rs100.84 Cr,Rs20.0 Cr,20.0,Padman,Pad Man (film),447856.0
Badhaai Ho,2018,Hindi,pre_covid,38.35000038146973,ok,True,Comedy,Comedy,UA,U/A,True,130.0,18 Oct 2018,False,Ayushmann Khurrana; Gajraj Rao; Neena Gupta; Sanya Malhotra,Amit Sharma,Junglee Pictures,1,2.649958045265074,2,1.1107,1.1568,0,Thursday,10,7.239,182.0,Rs220.0 Cr,Rs137.31 Cr,Rs44.0 Cr,Rs23.0 Cr,23.0,Badhaai_Ho,Badhaai Ho,547654.0
Gold,2018,Hindi,pre_covid,37.95000076293945,ok,True,"Drama, Historical, Sports",Drama,UA,U/A,True,151.0,15 Aug 2018,True,Akshay Kumar; Kunal Kapoor; Amit Sadh; Mouni Roy,Reema Kagti,Excel Entertainment,1,3.7230530637179338,6,2.5409,1.3953,0,Wednesday,8,7.0,83.0,Rs158.0 Cr,Rs109.58 Cr,Rs17.0 Cr,Rs75.0 Cr,75.0,Gold,Gold (2018 film),478682.0
Sui Dhaaga - Made In India,2018,Hindi,pre_covid,36.59999942779541,ok,True,"Drama, Romantic",Drama,U,U,True,122.0,28 Sep 2018,False,Varun Dhawan; Anushka Sharma,Sharat Katariya,Yash Raj Films,1,3.8015214121144623,4,1.1503,1.3821,0,Friday,9,7.238,101.0,Rs124.6 Cr,Rs79.07 Cr,Rs24.0 Cr,Rs40.0 Cr,40.0,Sui_Dhaaga_-_Made_In_India,Sui Dhaaga,496327.0
Veere Di Wedding,2018,Hindi,pre_covid,36.519999504089355,ok,True,"Comedy, Romantic",Comedy,A,A,True,125.0,01 Jun 2018,False,Sumeet Vyas; Sonam Kapoor; Swara Bhaskar; Kareena Kapoor Khan,Shashanka Ghosh,Balaji Motion Pictures,1,3.714790863776858,1,2.4921,1.1611,0,Friday,6,4.7,42.0,Rs140.0 Cr,Rs81.39 Cr,Rs35.0 Cr,Rs30.0 Cr,30.0,Veere_Di_Wedding,Veere Di Wedding,483189.0
Dhadak,2018,Hindi,pre_covid,33.670000076293945,ok,True,Romantic,Romantic,UA,U/A,True,138.0,20 Jul 2018,False,Ishaan Khattar; Janhvi Kapoor,Shashank Khaitan,Zee Studio,1,,0,2.7656,1.3161,0,Friday,7,6.9,60.0,Rs113.0 Cr,Rs74.19 Cr,Rs18.0 Cr,Rs30.0 Cr,30.0,Dhadak,Dhadak,504080.0
Raazi,2018,Hindi,pre_covid,32.94000005722046,ok,True,"Period, Thriller",Period,UA,U/A,True,140.0,11 May 2018,False,Vicky Kaushal; Rajit Kapoor; Arif Zakaria; Jaideep Ahlawat; Shishir Sharma; Ashwath Bhatt; Amruta Khanvilkar; Alia Bhatt; Soni Razdan; Pallavi Batra,Meghna Gulzar,Dharma Productions,1,,0,2.6703,1.8234,0,Friday,5,7.262,202.0,Rs195.0 Cr,Rs123.74 Cr,Rs37.0 Cr,Rs37.0 Cr,37.0,Raazi,Raazi,491629.0
Satyameva Jayate,2018,Hindi,pre_covid,28.47000026702881,ok,True,"Action, Thriller",Action,A,A,True,140.0,15 Aug 2018,True,John Abraham; Manoj Bajpayee; Aisha Sharma,Milap Milan Zaveri,T-Series,1,3.51947201581536,3,2.0226,1.0945,0,Wednesday,8,6.383,60.0,Rs121.0 Cr,Rs90.39 Cr,Rs5.0 Cr,Rs45.0 Cr,45.0,Satyamev_Jayate_2018,Satyameva Jayate (2018 film),531597.0
Kedarnath,2018,Hindi,pre_covid,27.75,ok,True,Romantic,Romantic,UA,U/A,True,121.0,07 Dec 2018,False,Sushant Singh Rajput; Sara Ali Khan,Abhishek Kapoor,,1,4.204692619390966,1,0.9046,1.1845,0,Friday,12,6.57,50.0,Rs96.0 Cr,Rs68.57 Cr,Rs11.0 Cr,Rs50.0 Cr,50.0,Kedarnath,Kedarnath (film),465656.0
Sonu Ke Titu Ki Sweety,2018,Hindi,pre_covid,26.570000648498535,ok,True,,,UA,U/A,True,138.0,23 Feb 2018,False,Kartik Aaryan; Sunny Singh; Nushrat Bharucha,Luv Ranjan,T-Series,1,,0,0.9817,1.1919,0,Friday,2,6.593,135.0,Rs156.46 Cr,Rs108.95 Cr,Rs17.0 Cr,Rs40.0 Cr,40.0,Sonu_Ke_Titu_Ki_Sweety,Sonu Ke Titu Ki Sweety,498598.0
Batti Gul Meter Chalu,2018,Hindi,pre_covid,23.260000228881836,ok,True,Drama,Drama,UA,U/A,True,176.0,21 Sep 2018,False,Shahid Kapoor; Divyendu Sharma; Shraddha Kapoor; Yami Gautam,Shree Narayan Singh,T-Series,1,4.51085950651685,1,1.8231,1.5052,0,Friday,9,6.015,34.0,Rs58.4 Cr,Rs40.88 Cr,Rs6.0 Cr,Rs55.0 Cr,55.0,Batti_Gul_Meter_Chalu,Batti Gul Meter Chalu,496334.0
Parmanu The Story Of Pokhran,2018,Hindi,pre_covid,20.77999973297119,ok,True,"Action, Drama, Historical",Action,U,U,True,128.0,25 May 2018,False,Boman Irani; John Abraham; Diana Penty,Abhishek Sharma,Zee Studio,1,4.45750468193497,2,2.0226,1.2355,0,Friday,5,7.106,118.0,Rs91.0 Cr,Rs65.46 Cr,Rs7.0 Cr,Rs45.0 Cr,45.0,Parmanu_The_Story_Of_Pokhran,Parmanu: The Story of Pokhran,465642.0
October,2018,Hindi,pre_covid,20.24999952316284,ok,True,"Comedy, Drama",Comedy,U,U,True,115.0,13 Apr 2018,False,Varun Dhawan; Banita Sandhu,Shoojit Sircar,,1,4.049909591842273,3,5.0198,10.3974,0,Friday,4,7.388,3755.0,Rs67.5 Cr,Rs45.6 Cr,Rs8.5 Cr,Rs40.0 Cr,40.0,October,October (2018 film),1669.0
Hichki,2018,Hindi,pre_covid,15.34999966621399,ok,True,Drama,Drama,U,U,True,118.0,23 Mar 2018,False,Rani Mukerji,Siddharth P Malhotra,Yash Raj Films,1,,0,1.8698,2.7785,0,Friday,3,7.588,165.0,Rs236.48 Cr,Rs45.82 Cr,Rs177.48 Cr,Rs20.0 Cr,20.0,Hichki,Hichki,493623.0
Pari,2018,Hindi,pre_covid,15.34000015258789,ok,True,,,A,A,True,134.0,02 Mar 2018,True,Parambrata Chatterjee; Anushka Sharma,Prosit Roy,Kriarj Entertainment,1,4.677490829824939,1,1.1503,1.1389,0,Friday,3,6.5,57.0,Rs39.0 Cr,Rs28.7 Cr,Rs2.33 Cr,Rs30.0 Cr,30.0,Pari,Pari (2018 Indian film),461649.0
Andhadhun,2018,Hindi,pre_covid,14.99999976158142,ok,True,"Mystery, Thriller",Mystery,UA,U/A,True,139.0,05 Oct 2018,False,Ayushmann Khurrana; Radhika Apte; Tabu,Sriram Raghavan,Viacom 18 Motion Pictures,1,3.1842843840475434,1,2.4491,2.9199,0,Friday,10,7.604,652.0,Rs442.72 Cr,Rs74.32 Cr,Rs347.62 Cr,Rs17.0 Cr,17.0,Andhadhun,Andhadhun,534780.0
Manmarziyaan,2018,Hindi,pre_covid,14.329999923706056,ok,True,"Drama, Romantic",Drama,UA,U/A,True,156.0,14 Sep 2018,False,Vicky Kaushal; Abhishek Bachchan; Taapsee Pannu,Anurag Kashyap,,1,4.307188097572572,3,1.4187,1.624,0,Friday,9,6.736,72.0,Rs41.5 Cr,Rs27.8 Cr,Rs6.0 Cr,Rs30.0 Cr,30.0,Manmarziyan,Manmarziyaan,523277.0
Soorma,2018,Hindi,pre_covid,13.850000143051147,ok,True,"Biopic, Drama, Sports",Biopic,,PG-13,False,131.0,13 Jul 2018,False,,,,0,2.720349293186905,174,1.0147,1.4531,0,Friday,7,7.2,41.0,Rs47.0 Cr,Rs32.04 Cr,Rs6.0 Cr,Rs32.0 Cr,32.0,Soorma,Soorma (film),489852.0
Hate Story 4,2018,Hindi,pre_covid,12.569999933242798,ok,True,"Drama, Thriller",Drama,A,A,True,131.0,09 Mar 2018,False,Vivan Bhatena; Karan Wahi; Gulshan Grover; Urvashi Rautela; Ihana Dhillon,Vishal Pandya,T-Series,1,3.5313480404502795,1,1.2561,0.8282,1,Friday,3,5.222,18.0,Rs31.0 Cr,Rs22.26 Cr,Rs2.0 Cr,Rs15.0 Cr,15.0,Hate_Story_4,Hate Story 4,501192.0
Baazaar,2018,Hindi,pre_covid,11.930000066757202,ok,True,"Crime, Drama",Crime,UA,U/A,True,137.0,26 Oct 2018,False,Saif Ali Khan; Rohan Mehra; Radhika Apte; Chitrangada Singh,Gauravv K. Chawla,Emmay Entertainment,1,3.957951926386181,1,3.0886,1.5352,0,Friday,10,6.121,33.0,Rs40.0 Cr,Rs28.26 Cr,Rs4.0 Cr,Rs35.0 Cr,35.0,Baazaar,Baazaar,556907.0
Aiyaary,2018,Hindi,pre_covid,11.759999990463257,ok,True,"Action, Drama",Action,UA,U/A,True,160.0,16 Feb 2018,False,Manoj Bajpayee; Naseeruddin Shah; Adil Hussain; Anupam Kher; Sidharth Malhotra; Kumud Mishra; Vikram Gokhale; Pooja Chopra; Rakul Preet Singh,Neeraj Pandey,Pen India Limited,1,2.9836596797713755,1,1.6088,1.171,0,Friday,2,5.8,58.0,Rs30.59 Cr,Rs17.01 Cr,Rs8.81 Cr,Rs65.0 Cr,65.0,Aiyaary,Aiyaary,493620.0
Fanney Khan,2018,Hindi,pre_covid,7.650000095367432,ok,True,"Comedy, Musical",Comedy,UA,U/A,True,129.0,03 Aug 2018,False,Anil Kapoor; Rajkummar Rao; Aishwarya Rai Bachchan; Divya Dutta; Anaitha Nair,Atul Manjrekar,T-Series,1,3.9257542537761756,2,2.4555,1.1076,0,Friday,8,5.304,23.0,Rs19.25 Cr,Rs11.67 Cr,Rs4.5 Cr,Rs18.0 Cr,18.0,Fanne_Khan,Fanney Khan,465651.0
Paltan,2018,Hindi,pre_covid,6.75,ok,True,War,War,UA,U/A,True,154.0,07 Sep 2018,False,Jackie Shroff; Arjun Rampal; Sonu Sood,J. P. Dutta,,1,4.483770698646699,2,1.8257,1.0424,0,Friday,9,6.0,17.0,Rs14.0 Cr,Rs10.26 Cr,Rs1.0 Cr,Rs25.0 Cr,25.0,Paltan,Paltan (film),540612.0
1921,2018,Hindi,pre_covid,6.449999809265137,ok,True,Horror,Horror,UA,U/A,True,144.0,12 Jan 2018,False,Karan Kundra; Zareen Khan,Vikram Bhatt,Reliance Entertainment,1,,0,0.7957,0.693,0,Friday,1,5.306,18.0,Rs22.8 Cr,Rs15.94 Cr,Rs2.4 Cr,Rs15.0 Cr,15.0,1921,1921 (2018 film),492181.0
Loveyatri,2018,Hindi,pre_covid,6.3999998569488525,ok,True,Romantic,Romantic,UA,U/A,True,139.0,05 Oct 2018,False,Aayush Sharma; Hira Warina,Abhiraj Minawala,Salman Khan Films,1,,0,0.885,1.396,0,Friday,10,5.412,17.0,Rs18.0 Cr,Rs11.4 Cr,Rs2.5 Cr,Rs22.0 Cr,22.0,Loveratri,Loveyatri,549829.0
Namaste England,2018,Hindi,pre_covid,5.099999904632568,ok,True,"Comedy, Romantic",Comedy,UA,U/A,True,135.0,18 Oct 2018,False,Arjun Kapoor; Parineeti Chopra,Vipul Amrutlal Shah,,1,3.4461469331714003,3,0.8953,0.8888,0,Thursday,10,5.4,12.0,Rs12.0 Cr,Rs9.0 Cr,Rs0.5 Cr,Rs50.0 Cr,50.0,Namaste_England,Namaste England,543692.0
War,2019,Hindi,pre_covid,84.99999809265137,ok,True,"Action, Thriller",Action,UA,UA,True,156.0,02 Oct 2019,False,Hrithik Roshan; Tiger Shroff; Vaani Kapoor,Siddharth Anand,Yash Raj Films,1,4.005202945861122,4,10.8222,33.4615,0,Wednesday,10,7.454,24558.0,Rs471.0 Cr,Rs303.34 Cr,Rs96.0 Cr,Rs150.0 Cr,150.0,War_2019,War (2019 film),271110.0
Dabangg 3,2019,Hindi,pre_covid,77.64999961853027,ok,True,"Action, Comedy",Action,UA,UA,True,148.0,20 Dec 2019,False,Arbaaz Khan; Kichcha Sudeep; Salman Khan; Sonakshi Sinha; Saiee Manjrekar,Prabhu Deva,,1,4.752986530409546,9,6.2148,1.4349,1,Friday,12,4.8,66.0,Rs218.0 Cr,Rs146.23 Cr,Rs40.0 Cr,Rs90.0 Cr,90.0,Dabangg_3_2019,Dabangg 3,496339.0
Bharat,2019,Hindi,pre_covid,76.80000114440918,ok,True,Drama,Drama,UA,UA,True,155.0,05 Jun 2019,True,Jackie Shroff; Salman Khan; Sunil Grover; Tabu; Disha Patani; Katrina Kaif,Ali Abbas Zafar,,1,4.2334460852817335,8,6.2148,1.6178,0,Wednesday,6,5.986,72.0,Rs321.0 Cr,Rs212.03 Cr,Rs70.0 Cr,Rs165.0 Cr,165.0,Bharat,Bharat (film),569594.0
Kabir Singh,2019,Hindi,pre_covid,70.82999801635742,ok,True,"Drama, Romantic",Drama,A,A,True,175.0,21 Jun 2019,False,Shahid Kapoor; Kiara Advani,Sandeep Vanga,T-Series,1,3.8498442097336447,2,1.9804,1.2488,0,Friday,6,6.332,191.0,Rs377.0 Cr,Rs278.8 Cr,Rs47.0 Cr,Rs55.0 Cr,55.0,Arjun_Reddy_2019,Kabir Singh,577328.0
Good Newwz,2019,Hindi,pre_covid,64.98999977111816,ok,True,"Comedy, Drama",Comedy,UA,UA,True,132.0,27 Dec 2019,False,Diljit Dosanjh; Akshay Kumar; Kiara Advani; Kareena Kapoor Khan,Raj Mehta,Zee Studio,1,4.274302188470915,11,2.5409,1.4393,0,Friday,12,6.51,102.0,Rs316.0 Cr,Rs205.09 Cr,Rs74.0 Cr,Rs60.0 Cr,60.0,Good_News_2019,Good Newwz,643534.0
Total Dhamaal,2019,Hindi,pre_covid,62.39999961853027,ok,True,Comedy,Comedy,UA,U/A,True,130.0,22 Feb 2019,False,Arshad Warsi; Anil Kapoor; Aashish Chaudhary; Ajay Devgn; Riteish Deshmukh; Javed Jaffrey; Madhuri Dixit,Indra Kumar,Maruti International,1,3.1713208287836054,4,2.4951,1.8658,0,Friday,2,5.227,55.0,Rs232.18 Cr,Rs155.67 Cr,Rs48.5 Cr,Rs105.0 Cr,105.0,Total_Dhamaal,Total Dhamaal,576121.0
Kesari,2019,Hindi,pre_covid,57.01000022888184,ok,True,Historical,Historical,UA,U/A,True,150.0,21 Mar 2019,True,Akshay Kumar; Parineeti Chopra,Anurag Singh,Dharma Productions,1,3.73134309699026,8,2.5409,1.0445,0,Thursday,3,7.114,127.0,Rs208.8 Cr,Rs155.7 Cr,Rs25.0 Cr,Rs100.0 Cr,100.0,Kesari,Kesari (2019 film),498448.0
Housefull 4,2019,Hindi,pre_covid,53.21999931335449,ok,True,Comedy,Comedy,UA,U/A,True,145.0,25 Oct 2019,True,Riteish Deshmukh; Bobby Deol; Akshay Kumar; Kriti Kharbanda; Pooja Hegde; Kriti Sanon,Farhad Samji,Nadiadwala Grandson Entertainment,1,3.83131824686221,10,2.5409,1.6705,1,Friday,10,5.528,106.0,Rs296.0 Cr,Rs210.3 Cr,Rs49.0 Cr,Rs175.0 Cr,175.0,Housefull_4,Housefull 4,611748.0
Gully Boy,2019,Hindi,pre_covid,53.04999923706055,ok,True,"Drama, Musical",Drama,UA,UA,True,153.0,14 Feb 2019,False,,,,0,2.6969356545795278,182,2.6703,1.5017,0,Thursday,2,7.34,222.0,Rs235.7 Cr,Rs139.63 Cr,Rs71.0 Cr,Rs60.0 Cr,60.0,Gully_Boy,Gully Boy,491625.0
Super 30,2019,Hindi,pre_covid,50.43000030517578,ok,True,"Biopic, Drama",Biopic,U,U,True,140.0,12 Jul 2019,False,Hrithik Roshan; Mrunal Thakur,Vikas Bahl,Reliance Entertainment,1,4.026863372574617,3,2.3104,1.3424,0,Friday,7,7.284,139.0,Rs210.0 Cr,Rs147.39 Cr,Rs39.0 Cr,Rs60.0 Cr,60.0,Super_30,Super 30 (film),534075.0
Dream Girl,2019,Hindi,pre_covid,44.570000648498535,ok,True,Comedy,Comedy,UA,UA,True,132.0,13 Sep 2019,False,Manjot Singh; Ayushmann Khurrana; Annu Kapoor; Vijay Raaz; Nushrat Bharucha,Raaj Shaandilyaa,Balaji Motion Pictures,1,3.940804806853598,4,1.1107,0.8911,0,Friday,9,6.362,94.0,Rs195.0 Cr,Rs141.3 Cr,Rs32.0 Cr,Rs30.0 Cr,30.0,Dream_Girl_2019,Dream Girl (2019 film),579224.0
Bala,2019,Hindi,pre_covid,43.94999885559082,ok,True,Comedy,Comedy,,,False,133.0,08 Nov 2019,False,Ayushmann Khurrana; Yami Gautam; Bhumi Pednekar,Amar Kaushik,Maddock Films,1,3.603593873333091,5,1.7181,3.7599,0,Friday,11,6.347,599.0,Rs162.0 Cr,Rs116.38 Cr,Rs27.0 Cr,Rs35.0 Cr,35.0,Bala_2019,Bala (2019 film),500852.0
Manikarnika: The Queen of Jhansi,2019,Hindi,pre_covid,39.69999980926514,ok,True,Historical,Historical,UA,U/A,True,148.0,25 Jan 2019,False,,,,0,2.6948654766196896,179,1.1796,1.5619,0,Friday,1,6.5,56.0,Rs142.0 Cr,Rs94.37 Cr,Rs25.4 Cr,Rs101.0 Cr,101.0,Manikarnika_2019,Manikarnika: The Queen of Jhansi,491622.0
Student Of The Year 2,2019,Hindi,pre_covid,38.83000087738037,ok,True,"Comedy, Romantic",Comedy,UA,U/A,True,156.0,10 May 2019,False,,,,0,2.6898738296946734,190,1.9231,1.5239,1,Friday,5,4.136,88.0,Rs95.5 Cr,Rs70.86 Cr,Rs11.0 Cr,Rs75.0 Cr,75.0,Student_Of_The_Year_2,Student of the Year 2,503129.0
De De Pyaar De,2019,Hindi,pre_covid,37.23999977111816,ok,True,"Comedy, Romantic",Comedy,UA,U/A,True,130.0,17 May 2019,False,Ajay Devgn; Alok Nath; Tabu; Rakul Preet Singh,Akiv Ali,T-Series,1,3.6686913668903287,4,2.4951,1.3412,0,Friday,5,6.07,64.0,Rs143.9 Cr,Rs104.13 Cr,Rs21.0 Cr,Rs75.0 Cr,75.0,De_De_Pyaar_De_2019,De De Pyaar De 2,590401.0
Chhichhore,2019,Hindi,pre_covid,35.980000019073486,ok,True,Drama,Drama,U,U,True,143.0,06 Sep 2019,False,Sushant Singh Rajput; Shraddha Kapoor,Nitesh Tiwari,Nadiadwala Grandson Entertainment,1,3.1888289129504397,3,1.8231,1.9474,0,Friday,9,7.724,192.0,Rs211.0 Cr,Rs153.16 Cr,Rs31.0 Cr,Rs70.0 Cr,70.0,Chhichhore_2019,Chhichhore,596650.0
Pati Patni Aur Woh,2019,Hindi,pre_covid,35.94000053405762,ok,True,"Comedy, Romantic",Comedy,UA,U/A 16+,True,126.0,06 Dec 2019,False,Kartik Aaryan; Aparshakti Khurana; Ananya Pandey; Bhumi Pednekar,Mudassar Aziz,T-Series,1,3.5043554737647815,1,1.5251,1.4616,0,Friday,12,6.098,51.0,Rs109.0 Cr,Rs84.56 Cr,Rs10.0 Cr,Rs40.0 Cr,40.0,Pati_Patni_Aur_Woh_2020,Pati Patni Aur Woh (2019 film),590350.0
URI The Surgical Strike,2019,Hindi,pre_covid,35.730000495910645,ok,True,War,War,UA,U/A,True,138.0,11 Jan 2019,False,Paresh Rawal; Vicky Kaushal; Yami Gautam; Kirti Kulhari,aditya dhar,RSVP Movies,1,4.140002861361827,3,1.3722,2.7174,0,Friday,1,7.052,496.0,Rs341.75 Cr,Rs244.14 Cr,Rs48.0 Cr,Rs70.0 Cr,70.0,Uri_2019,Uri: The Surgical Strike,554600.0
Kalank,2019,Hindi,pre_covid,32.980000495910645,ok,True,"Drama, Period",Drama,UA,UA,True,165.0,17 Apr 2019,False,Varun Dhawan; Kunal Khemu; Aditya Roy Kapur; Hiten Tejwani; Sanjay Dutt; Madhuri Dixit; Kriti Sanon; Sonakshi Sinha; Alia Bhatt; Kiara Advani,Abhishek Varman,Nadiadwala Grandson Entertainment,1,4.144879245267382,5,2.6703,1.667,0,Wednesday,4,5.8,62.0,Rs146.8 Cr,Rs84.6 Cr,Rs47.0 Cr,Rs150.0 Cr,150.0,Kalank_2019,Kalank,556271.0
Luka Chuppi,2019,Hindi,pre_covid,32.13000011444092,ok,True,Romantic,Romantic,UA,U/A,True,127.0,01 Mar 2019,False,,,,0,2.698265528744735,184,2.0295,1.227,0,Friday,3,5.99,102.0,Rs128.0 Cr,Rs94.09 Cr,Rs17.0 Cr,Rs20.0 Cr,20.0,Lukka_Chuppi_2019,Luka Chuppi,585062.0
Badla,2019,Hindi,pre_covid,23.199999809265137,ok,True,Thriller,Thriller,UA,U/A,True,145.0,08 Mar 2019,False,Amitabh Bachchan; Taapsee Pannu,Sujoy Ghosh,Red Chillies Entertainment,1,3.6888245650381,4,1.3777,2.1115,0,Friday,3,7.268,179.0,Rs140.47 Cr,Rs88.53 Cr,Rs36.0 Cr,Rs20.0 Cr,20.0,Badla_2019,Badla (2019 film),581361.0
Article 15,2019,Hindi,pre_covid,20.039999961853027,ok,True,Drama,Drama,UA,UA,True,130.0,28 Jun 2019,False,Kumud Mishra; Mohammed Ayyub; Ayushmann Khurrana; Nassar; Isha Talwar; Sayani Gupta,Anubhav Sinha,Zee Studio,1,4.072748713122282,3,1.1211,1.4463,0,Friday,6,7.577,181.0,Rs94.0 Cr,Rs66.0 Cr,Rs15.0 Cr,Rs25.0 Cr,25.0,Article_15,Article 15 (film),597089.0
Judgementall Hai Kya,2019,Hindi,pre_covid,20.0,ok,True,Black Comedy,Black Comedy,UA,UA,True,116.0,26 Jul 2019,False,Rajkummar Rao; Kangana Ranaut,Prakash Kovelamudi,Balaji Motion Pictures,1,4.23555473629417,6,2.205,1.0243,0,Friday,7,5.652,23.0,Rs49.5 Cr,Rs34.45 Cr,Rs8.4 Cr,Rs35.0 Cr,35.0,Mental_Hai_Kya,Judgementall Hai Kya,551688.0
Mardaani 2,2019,Hindi,pre_covid,18.15000033378601,ok,True,Action,Action,UA,UA,True,103.0,13 Dec 2019,False,Vishal Jethwa; Jisshu Sengupta; Rani Mukerji,Gopi Puthran,Yash Raj Films,1,2.7942278769282156,1,1.8698,1.2365,1,Friday,12,7.0,82.0,Rs67.0 Cr,Rs47.35 Cr,Rs10.0 Cr,Rs30.0 Cr,30.0,Mardaani_2_2019,Mardaani 2,591101.0
Thackeray,2019,Hindi,pre_covid,14.700000286102297,ok,True,Biopic,Biopic,UA,U/A,True,139.0,25 Jan 2019,False,,,,0,2.6948654766196896,179,1.0685,0.6907,0,Friday,1,5.429,21.0,Rs50.3 Cr,Rs23.12 Cr,Rs4.0 Cr,Rs40.0 Cr,40.0,Thackeray,Thackeray (film),570910.0
Junglee,2019,Hindi,pre_covid,13.849999904632568,ok,True,"Action, Adventure, Thriller",Action,UA,U/A,True,115.0,29 Mar 2019,False,Vidyut Jammwal,,Junglee Pictures,1,,0,1.4582,1.8766,0,Friday,3,6.778,108.0,Rs32.7 Cr,Rs24.76 Cr,Rs3.5 Cr,Rs50.0 Cr,50.0,Junglee,Junglee (2019 film),560964.0
Ek Ladki Ko Dekha Toh Aisa Laga,2019,Hindi,pre_covid,13.52999997138977,ok,True,"Comedy, Drama",Comedy,UA,UA,True,120.0,01 Feb 2019,False,Anil Kapoor; Rajkummar Rao; Regina Cassandra; Sonam Kapoor; Juhi Chawla,Shelly Chopra Dhar,Rajkumar Hirani Films,1,3.336355946507092,5,2.0903,0.9098,0,Friday,2,5.6,64.0,Rs44.0 Cr,Rs22.45 Cr,Rs18.0 Cr,Rs50.0 Cr,50.0,Ek_Ladki_Ko_Dekha_Toh_Aisa_Laga,Ek Ladki Ko Dekha Toh Aisa Laga,533148.0
The Accidental Prime Minister,2019,Hindi,pre_covid,12.5,ok,True,Biopic,Biopic,U,U,True,111.0,11 Jan 2019,False,,,,0,2.695383318143146,178,1.7335,0.9665,0,Friday,1,5.333,27.0,Rs26.5 Cr,Rs20.22 Cr,Rs2.5 Cr,Rs25.0 Cr,25.0,The_Accidental_Prime_Minister,The Accidental Prime Minister (film),460868.0
PM Narendra Modi,2019,Hindi,pre_covid,11.759999990463257,ok,True,Biopic,Biopic,U,U,True,130.0,24 May 2019,False,Vivek Oberoi,Omung Kumar,,1,3.662292595696133,4,1.3306,1.1495,0,Friday,5,3.7,11.0,Rs35.2 Cr,Rs28.51 Cr,Rs1.5 Cr,Rs20.0 Cr,20.0,PM_Narendra_Modi,PM Narendra Modi (film),589291.0
The Sky Is Pink,2019,Hindi,pre_covid,10.699999809265137,ok,True,,,UA,UA,True,143.0,11 Oct 2019,False,Farhan Akhtar; Zaira Wasim; Priyanka Chopra,Shonali Bose,,1,3.984343667007772,1,3.5436,0.9374,0,Friday,10,7.7,80.0,Rs28.5 Cr,Rs20.2 Cr,Rs5.0 Cr,Rs24.0 Cr,24.0,The_Sky_Is_Pink_2019,The Sky Is Pink,613446.0
Why Cheat India,2019,Hindi,pre_covid,6.800000190734863,ok,True,"Comedy, Drama",Comedy,UA,U/A,True,128.0,18 Jan 2019,False,Emraan Hashmi,Soumik Sen,T-Series,1,,0,1.5579,1.0917,0,Friday,1,5.5,24.0,Rs14.5 Cr,Rs10.92 Cr,Rs1.5 Cr,Rs25.0 Cr,25.0,Cheat_India,Why Cheat India,569584.0
Arjun Patiala,2019,Hindi,pre_covid,6.299999952316284,ok,True,,,UA,UA,True,106.0,26 Jul 2019,False,Diljit Dosanjh; Varun Sharma; Kriti Sanon,,T-Series,1,3.104586687019206,2,2.0295,1.0076,0,Friday,7,4.1,8.0,Rs12.3 Cr,Rs8.65 Cr,Rs2.0 Cr,Rs25.0 Cr,25.0,Arjun_Patiala_2018,Arjun Patiala,531601.0
Made In China,2019,Hindi,pre_covid,4.099999904632568,ok,True,Comedy,Comedy,,,False,128.0,25 Oct 2019,True,Boman Irani; Rajkummar Rao; Mouni Roy,Mikhil Musale,Maddock Films,1,3.998667156371493,7,,0.5438,0,Friday,10,10.0,1.0,Rs16.2 Cr,Rs12.3 Cr,Rs1.7 Cr,Rs25.0 Cr,25.0,Made_In_China_2019,Made in China (2019 film),734315.0
Prassthanam,2019,Hindi,pre_covid,4.0,ok,True,Action,Action,,,False,138.0,20 Sep 2019,False,,,,0,2.6801474730895536,199,1.5712,0.9363,0,Friday,9,6.5,11.0,Rs10.2 Cr,Rs6.8 Cr,Rs2.0 Cr,Rs40.0 Cr,40.0,Prassthanam_2019,Prassthanam,621005.0
The Zoya Factor,2019,Hindi,pre_covid,3.200000047683716,ok,True,"Drama, Romantic",Drama,U,U,True,134.0,20 Sep 2019,False,Dulquer Salmaan; Sonam Kapoor,Abhishek Sharma,Fox Star Studios,1,3.6698324873488235,2,1.8123,0.8064,0,Friday,9,5.534,29.0,Rs8.3 Cr,Rs4.8 Cr,Rs1.5 Cr,Rs30.0 Cr,30.0,Zoya_Factor,The Zoya Factor (film),604195.0
Brahmastra Part One: Shiva,2022,Hindi,post_covid,111.20000076293944,ok,True,"Action, Fantasy, Sci-Fi, Superhero",Action,UA,UA,True,167.0,09 Sep 2022,False,Ranbir Kapoor; Nagarjuna Akkineni; Amitabh Bachchan; Alia Bhatt; Mouni Roy,Ayan Mukerji,Fox Star Studios,1,3.910628009932114,8,2.6703,3.5444,1,Friday,9,6.285,205.0,Rs431.0 Cr,Rs247.37 Cr,Rs115.5 Cr,Rs350.0 Cr,350.0,Brahmastra,Brahmāstra: Part One – Shiva,496331.0
Drishyam 2,2022,Hindi,post_covid,64.14000034332275,ok,True,"Drama, Thriller",Drama,UA,U/A,True,142.0,18 Nov 2022,False,Akshaye Khanna; Ajay Devgn; Shriya Saran; Tabu; Ishita Dutta,Abhishek Pathak,T-Series,1,3.7386934747044025,11,2.4951,2.6847,1,Friday,11,8.038,117.0,Rs342.31 Cr,Rs239.67 Cr,Rs59.5 Cr,Rs50.0 Cr,50.0,Drishyam_2_(Hindi),Drishyam 2 (2022 film),1029827.0
Bhool Bhulaiyaa 2,2022,Hindi,post_covid,55.96000003814697,ok,True,"Comedy, Horror",Comedy,UA,UA,True,158.0,20 May 2022,False,Sanjay Mishra; Kartik Aaryan; Govind Namdev; Amar Upadhyay; Rajpal Yadav; Kiara Advani; Tabu,Anees Bazmee,T-Series,1,3.436917478165683,4,2.4491,1.9409,1,Friday,5,6.121,99.0,Rs265.5 Cr,Rs184.32 Cr,Rs49.0 Cr,Rs80.0 Cr,80.0,Bhool_Bhulaiyaa_2_2020,Bhool Bhulaiyaa 3,695962.0
Samrat Prithviraj,2022,Hindi,post_covid,39.28999996185303,ok,True,"Action, Biopic, Historical",Action,UA,U/A,True,135.0,03 Jun 2022,False,Manav Vij; Akshay Kumar; Sanjay Dutt; Ashutosh Rana; Sonu Sood; Manushi Chhillar; Sakshi Tanwar,Dr. Chandraprakash Dwivedi,Yash Raj Films,1,3.78314114073977,15,2.5409,2.0712,0,Friday,6,6.567,30.0,Rs90.55 Cr,Rs68.14 Cr,Rs10.0 Cr,Rs220.0 Cr,220.0,Prithviraj_2020,Samrat Prithviraj,611598.0
Gangubai Kathiawadi,2022,Hindi,post_covid,39.05000019073486,ok,True,Drama,Drama,UA,U/A,True,154.0,25 Feb 2022,False,Shantanu Maheshwari; Ajay Devgn; Emraan Hashmi; Alia Bhatt,Sanjay Leela Bhansali,Pen India Limited,1,3.8299466062310477,7,2.6703,2.5385,0,Friday,2,7.467,198.0,Rs211.5 Cr,Rs131.9 Cr,Rs56.0 Cr,Rs180.0 Cr,180.0,Gangubai_Kathiawadi_2020,Gangubai Kathiawadi,664332.0
Bachchhan Paandey,2022,Hindi,post_covid,37.25,ok,True,Action,Action,U,U,True,146.0,18 Mar 2022,True,Arshad Warsi; Pankaj Tripathi; Akshay Kumar; Abhimanyu Singh; Kriti Sanon; Jacqueline Fernandez,Farhad Samji,Nadiadwala Grandson Entertainment,1,3.7930695393445717,14,2.5409,1.4285,0,Friday,3,5.541,37.0,Rs74.2 Cr,Rs51.04 Cr,Rs14.0 Cr,Rs165.0 Cr,165.0,Bachchan_Pandey_2020,Bachchhan Paandey,715765.0
JugJugg Jeeyo,2022,Hindi,post_covid,36.93000030517578,ok,True,"Comedy, Drama, Romantic",Comedy,,,False,148.0,24 Jun 2022,False,Varun Dhawan; Anil Kapoor; Kiara Advani; Prajakta Koli; Neetu Singh,Raj Mehta,Dharma Productions,1,3.728483499860318,7,2.0903,1.5105,0,Friday,6,6.373,51.0,Rs139.5 Cr,Rs85.41 Cr,Rs38.3 Cr,Rs100.0 Cr,100.0,Jug_Jug_Jiyo_2021,Jugjugg Jeeyo,765019.0
Shamshera,2022,Hindi,post_covid,31.39000034332275,ok,True,Action,Action,UA,UA,True,159.0,22 Jul 2022,False,Ranbir Kapoor; Sanjay Dutt; Vaani Kapoor,Karan Malhotra,Yash Raj Films,1,4.01882257646942,4,1.7637,1.9126,0,Friday,7,5.4,57.0,Rs60.75 Cr,Rs39.94 Cr,Rs13.0 Cr,Rs150.0 Cr,150.0,Shamshera,Shamshera,539686.0
The Kashmir Files,2022,Hindi,post_covid,27.15000033378601,ok,True,Thriller,Thriller,A,A,True,170.0,11 Mar 2022,False,Darshan Kumar; Chinmay Mandlekar; Prakash Belawadi; Anupam Kher; Puneet Issar; Mithun Chakraborty; Pallavi Joshi; Mrinal Kulkarni,Vivek Ranjan Agnihotri,Zee Studio,1,2.012232794536317,1,2.202,1.5158,0,Friday,3,7.071,105.0,Rs341.0 Cr,Rs252.25 Cr,Rs46.0 Cr,Rs20.0 Cr,20.0,The_Kashmir_Files_2021,The Kashmir Files,900783.0
Laal Singh Chaddha,2022,Hindi,post_covid,26.160000324249268,ok,True,"Comedy, Drama",Comedy,UA,UA,True,159.0,11 Aug 2022,False,Aamir Khan; Naga Chaitanya; Kareena Kapoor Khan; Mona Singh,Advait Chandan,Viacom 18 Motion Pictures,1,4.3661512826087865,4,2.9518,2.0185,0,Thursday,8,6.286,98.0,Rs133.5 Cr,Rs61.12 Cr,Rs61.0 Cr,Rs180.0 Cr,180.0,Lal_Singh_Chaddha,Laal Singh Chaddha,601635.0
Ek Villain Returns,2022,Hindi,post_covid,23.540000438690186,ok,True,"Action, Romantic",Action,UA,UA,True,128.0,29 Jul 2022,False,Arjun Kapoor; John Abraham; Tara Sutaria; Disha Patani,Mohit Suri,T-Series,1,3.022469470508107,8,2.0226,1.5832,1,Friday,7,5.989,135.0,Rs60.0 Cr,Rs43.21 Cr,Rs9.0 Cr,Rs72.0 Cr,72.0,Ek_Villain_2_2021,Ek Villain Returns,682401.0
Cirkus,2022,Hindi,post_covid,20.84999990463257,ok,True,Comedy,Comedy,UA,U/A,True,138.0,23 Dec 2022,True,Ranveer Singh; Varun Sharma; Sanjay Mishra; Murali Sharma; Johnny Lever; Jacqueline Fernandez; Pooja Hegde,Rohit Shetty,T-Series,1,3.851787862506664,5,2.3117,1.0121,0,Friday,12,4.1,19.0,Rs60.6 Cr,Rs38.64 Cr,Rs15.0 Cr,Rs70.0 Cr,70.0,Cirkus_2021,Cirkus (film),755045.0
Raksha Bandhan,2022,Hindi,post_covid,19.96000051498413,ok,True,Drama,Drama,U,U,True,108.0,11 Aug 2022,False,Akshay Kumar; Sahejmeen Kaur; Bhumi Pednekar; Deepika Khanna; Sadia Khateeb; Smrithi Srikanth,Anand L Rai,Colour Yellow Productions,1,3.7777012755845623,16,2.9115,1.366,0,Thursday,8,6.2,31.0,Rs68.38 Cr,Rs48.63 Cr,Rs11.0 Cr,Rs70.0 Cr,70.0,Raksha_Bandhan_2021,Raksha Bandhan (film),729700.0
Heropanti 2,2022,Hindi,post_covid,15.59999966621399,ok,True,Action,Action,UA,UA,True,142.0,29 Apr 2022,False,Nawazuddin Siddiqui; Tiger Shroff; Tara Sutaria,Ahmed Khan,Nadiadwala Grandson Entertainment,1,3.9089775316951787,8,1.9231,1.5455,1,Friday,4,3.6,25.0,Rs28.0 Cr,Rs21.5 Cr,Rs2.7 Cr,Rs80.0 Cr,80.0,Heropanti_2_2021,Heropanti 2,678835.0
Doctor G,2022,Hindi,post_covid,15.029999732971191,ok,True,"Comedy, Drama",Comedy,A,A,True,124.0,14 Oct 2022,False,Ayushmann Khurrana; Rakul Preet Singh; Shefali Shah,Anubhuti Kashyap,Junglee Pictures,1,3.475067230228611,9,1.2658,1.3062,0,Friday,10,6.279,61.0,Rs44.01 Cr,Rs27.98 Cr,Rs11.0 Cr,Rs25.0 Cr,25.0,Doctor_G_2021,Doctor G,778625.0
Runway 34,2022,Hindi,post_covid,14.800000190734863,ok,True,"Drama, Thriller",Drama,UA,UA,True,148.0,29 Apr 2022,False,Amitabh Bachchan; Ajay Devgn; Boman Irani; Angira Dhar; Aakanksha Singh; Rakul Preet Singh,Ajay Devgn,Panorama Studios,1,3.98674573553952,9,2.4951,1.4182,0,Friday,4,6.508,66.0,Rs50.7 Cr,Rs35.49 Cr,Rs9.0 Cr,Rs60.0 Cr,60.0,Mayday_2021,Runway 34,766116.0
Jayeshbhai Jordaar,2022,Hindi,post_covid,12.0,ok,True,"Comedy, Drama",Comedy,UA,UA,True,124.0,13 May 2022,False,Boman Irani; Ranveer Singh; Shalini Pandey; Ratna Pathak Shah,Divyang Thakkar,Yash Raj Films,1,4.173497488767946,6,2.1752,1.1988,0,Friday,5,6.034,29.0,Rs17.5 Cr,Rs17.91 Cr,Rs3.45 Cr,Rs1.0 Cr,,Jayeshbhai_Jordaar_2020,Jayeshbhai Jordaar,678999.0
Jersey,2022,Hindi,post_covid,11.799999952316284,ok,True,"Drama, Sports",Drama,,,False,170.0,22 Apr 2022,False,Shahid Kapoor; Pankaj Kapoor; Mrunal Thakur,Gowtam Tinnanuri,Sithara Entertainments,1,3.9913302026460684,3,1.623,1.2928,0,Friday,4,7.0,51.0,Rs30.75 Cr,Rs20.85 Cr,Rs5.75 Cr,Rs60.0 Cr,60.0,Jersey_2020,Jersey (2022 film),679018.0
Attack - Part 1,2022,Hindi,post_covid,11.509999990463257,ok,True,"Action, Thriller",Action,UA,UA,True,123.0,01 Apr 2022,False,Prakash Raj; Kiran Kumar; John Abraham; Ratna Pathak Shah; Jacqueline Fernandez; Rakul Preet Singh,Lakshya Raj Anand,Pen Movies,1,3.1738670743279465,7,2.0226,2.2927,1,Friday,4,6.761,224.0,Rs22.0 Cr,Rs17.35 Cr,Rs3.2 Cr,Rs55.0 Cr,55.0,Attack_2020,Attack: Part 1,799155.0
Thank God,2022,Hindi,post_covid,11.0,ok,True,Comedy,Comedy,UA,UA,True,121.0,25 Oct 2022,True,Sidharth Malhotra; Sumit Gulati; Ajay Devgn; Seema Pahwa; Rakul Preet Singh,Indra Kumar,T-Series,1,3.8640721571960426,10,2.4951,1.581,0,Tuesday,10,6.3,35.0,Rs48.99 Cr,Rs36.35 Cr,Rs6.5 Cr,Rs70.0 Cr,70.0,Thank_God_2021,Thank God (film),783723.0
Phone Bhoot,2022,Hindi,post_covid,7.849999904632568,ok,True,"Comedy, Horror",Comedy,UA,UA,True,136.0,04 Nov 2022,False,Ishaan Khattar; Siddhant Chaturvedi; Katrina Kaif; Sheeba Chaddha,Gurmmeet Singh,Excel Entertainment,1,4.095510512029634,1,1.2658,1.4201,0,Friday,11,5.3,34.0,Rs17.62 Cr,Rs12.81 Cr,Rs2.5 Cr,Rs25.0 Cr,25.0,Phone_Bhoot_2021,Phone Bhoot,726207.0
Badhaai Do,2022,Hindi,post_covid,7.820000052452087,ok,True,"Comedy, Drama",Comedy,UA,UA,True,147.0,11 Feb 2022,False,Rajkummar Rao; Nitesh Pandey; Sheeba Chaddha; Bhumi Pednekar; Seema Pahwa,Harshavardhan Kulkarni,Junglee Pictures,1,2.1281823726215046,10,1.2658,1.2357,0,Friday,2,6.832,98.0,Rs28.15 Cr,Rs21.29 Cr,Rs3.0 Cr,Rs30.0 Cr,30.0,Badhaai_Do_2021,Badhaai Do,754716.0
Chup,2022,Hindi,post_covid,7.379999876022339,ok,True,"Psychological, Thriller",Psychological,A,A,True,164.0,23 Sep 2022,False,Sunny Deol; Dulquer Salmaan; Shreya Dhanwanthary; Pooja Bhatt,R. Balki,Pen India Limited,1,2.049728237054138,5,1.8123,0.8523,0,Friday,9,6.725,51.0,Rs19.0 Cr,Rs11.6 Cr,Rs5.3 Cr,Rs25.0 Cr,25.0,Chup_2022,Chup Chup Ke,883125.0
Jhund,2022,Hindi,post_covid,6.5,ok,True,"Drama, Sports",Drama,UA,UA,True,176.0,04 Mar 2022,False,Akash Thosar; Amitabh Bachchan; Rinku Rajguru,Nagraj Manjule,T-Series,1,3.0735935790761304,5,1.3777,1.1388,0,Friday,3,6.769,26.0,Rs23.0 Cr,Rs14.7 Cr,Rs5.7 Cr,Rs1.0 Cr,,Jhund_2020,Jhund (film),665685.0
Anek,2022,Hindi,post_covid,6.259999990463257,ok,True,Thriller,Thriller,UA,UA,True,147.0,27 May 2022,False,Ayushmann Khurrana; Manoj Pahwa; Kumud Mishra; J. D. Chakravarthy; Andrea Kevichüsa,Anubhav Sinha,T-Series,1,3.466862455096013,8,1.1211,2.289,0,Friday,5,6.107,28.0,Rs9.0 Cr,Rs9.05 Cr,Rs1.7 Cr,Rs1.0 Cr,,Anek_2021,Anek,888268.0
Khuda Haafiz Chapter II,2022,Hindi,post_covid,6.150000095367432,ok,True,"Action, Thriller",Action,,,False,149.0,08 Jul 2022,False,Rajesh Tailang; Vidyut Jammwal; Dibyendu Bhattacharya; Shivaleeka Oberoi; Rukhsar Rehman; Sheeba Chaddha,Faruk Kabir,Panorama Studios,1,2.8298290760234495,2,,,1,Friday,7,,,Rs15.4 Cr,Rs12.86 Cr,Rs2.2 Cr,Rs1.0 Cr,,Khuda_Haafiz_Chapter_II_2021,Khuda Haafiz: Chapter 2 – Agni Pariksha,
An Action Hero,2022,Hindi,post_covid,5.990000009536743,ok,True,"Action, Romantic",Action,UA,UA,True,130.0,02 Dec 2022,False,Jaideep Ahlawat; Ayushmann Khurrana,Anirudh Iyer Ganapathy,T-Series,1,3.0659563397791074,10,1.3977,1.5495,0,Friday,12,6.5,83.0,Rs16.85 Cr,Rs11.3 Cr,Rs3.5 Cr,Rs30.0 Cr,30.0,Action_Hero_2022,An Action Hero,882826.0
Rashtra Kavach: OM,2022,Hindi,post_covid,5.110000014305115,ok,True,"Action, Thriller",Action,UA,UA,True,135.0,01 Jul 2022,False,Jackie Shroff; Ashutosh Rana; Aditya Roy Kapur; Prakash Raj; Sanjana Sanghi,Kapil Verma,Zee Studio,1,3.815430783374927,6,2.7656,1.6635,0,Friday,7,4.9,13.0,Rs4.8 Cr,Rs8.25 Cr,Rs1.0 Cr,Rs1.0 Cr,,Om_2021,Rashtra Kavach Om,764928.0
Major,2022,Hindi,post_covid,4.659999966621399,ok,True,Biography,Biography,,,False,146.0,03 Jun 2022,False,Adivi Sesh; Murali Sharma; Prakash Raj; Revathi; Sobhita Dhulipala; Saiee Manjrekar,Sashi Kiran Tikka,Sony Pictures Networks,1,3.1608457974729087,11,2.9593,2.7226,0,Friday,6,6.672,180.0,Rs60.75 Cr,Rs12.96 Cr,Rs13.0 Cr,Rs30.0 Cr,30.0,Major_2021,Major (film),29715.0
Goodbye,2022,Hindi,post_covid,3.8600000143051143,ok,True,"Comedy, Drama",Comedy,,,False,142.0,07 Oct 2022,False,Pavail Gulati; Shivin Narang; Amitabh Bachchan; Rashmika Mandanna; Neena Gupta,Vikas Bahl,Reliance Entertainment,1,2.9553725531207657,9,0.3699,1.2602,0,Friday,10,8.0,2.0,Rs10.55 Cr,Rs6.82 Cr,Rs2.5 Cr,Rs25.0 Cr,25.0,Good_Bye_2022,Goodbye (2022 film),1218872.0
Dhaakad,2022,Hindi,post_covid,3.2300000190734863,ok,True,Action,Action,A,A,True,131.0,20 May 2022,False,Saswata Chatterjee; Arjun Rampal; Kangana Ranaut; Divya Dutta,Razneesh Ghai,Sohum Rockstar Entertainment,1,3.349008340587351,3,1.8257,1.3218,0,Friday,5,4.714,14.0,₹0.00 Cr,Rs4.01 Cr,₹0.00 Cr,Rs1.0 Cr,90.6595554,Dhaakad_2020,Dhaakad,712863.0
Dobaaraa,2022,Hindi,post_covid,2.9800000190734863,ok,True,Thriller,Thriller,,,False,132.0,19 Aug 2022,False,Pavail Gulati; Saswata Chatterjee; Nassar; Rahul Bhat; Taapsee Pannu,Anurag Kashyap,Vermillion World Production,1,2.7511096960435437,4,0.9662,1.0143,0,Friday,8,5.2,30.0,Rs1.1 Cr,Rs4.79 Cr,Rs0.15 Cr,Rs1.0 Cr,,Dobaaraa_2021,Dobaaraa,796207.0
Dhokha: Round D Corner,2022,Hindi,post_covid,2.4799999594688416,ok,True,"Drama, Thriller",Drama,UA,UA,True,112.0,23 Sep 2022,False,R. Madhavan; Darshan Kumar; Aparshakti Khurana; Khushali Kumar,Kookie Gulati,T-Series,1,3.6648428811700704,2,1.5282,1.1525,0,Friday,9,5.383,30.0,Rs4.4 Cr,Rs3.25 Cr,Rs0.7 Cr,Rs20.0 Cr,20.0,Dhokha_2022,Dhokha: Round D Corner,1005581.0
Janhit Mein Jaari,2022,Hindi,post_covid,2.189999997615814,ok,True,Comedy,Comedy,UA,UA,True,146.0,10 Jun 2022,False,Anud Singh Dhaka; Vijay Raaz; Tinnu Anand; Nushrat Bharucha,Jai Basantu Singh,Thinkink Picturez,1,1.6193882432872684,1,0.9919,1.0909,0,Friday,6,6.111,18.0,Rs5.5 Cr,Rs3.75 Cr,Rs1.1 Cr,Rs1.0 Cr,,Janhit_Mein_Jaari_2021,Janhit Mein Jaari,768466.0
Shabaash Mithu,2022,Hindi,post_covid,1.5699999928474426,ok,True,Biopic,Biopic,,,False,156.0,15 Jul 2022,False,Vijay Raaz; Zeel Thacker; Taapsee Pannu,Rahul Dholakia,Viacom 18 Studios,1,3.190638473438726,7,0.9919,0.9521,0,Friday,7,6.067,15.0,Rs1.4 Cr,Rs2.31 Cr,Rs0.2 Cr,Rs1.0 Cr,,Shabaash_Mithu_2021,Shabaash Mithu,911154.0
Nikamma,2022,Hindi,post_covid,1.409999996423721,ok,True,Action,Action,UA,UA,True,148.0,17 Jun 2022,False,Samir Soni; Abhimanyu Dassani; Abhimanyu Singh; Shilpa Shetty; Shirley Setia,Sabbir Khan,Sony Pictures Films India,1,1.1136613042467494,2,1.4846,1.3329,0,Friday,6,4.0,8.0,Rs0.8 Cr,Rs2.19 Cr,Rs0.2 Cr,Rs1.0 Cr,,Nikamma_2020,Nikamma,693841.0
Animal,2023,Hindi,post_covid,176.57999801635742,ok,True,"Action, Drama",Action,A,A,True,204.0,01 Dec 2023,False,Bobby Deol; Ranbir Kapoor; Anil Kapoor; Rashmika Mandanna; Tripti Dimri,Sandeep Vanga,T-Series,1,4.011979457272076,10,2.0903,5.1703,0,Friday,12,6.16,209.0,Rs915.0 Cr,Rs502.98 Cr,Rs255.0 Cr,Rs200.0 Cr,200.0,Animal_2022,Animal (2023 Indian film),781732.0
Pathaan,2023,Hindi,post_covid,148.0,ok,True,Action,Action,UA,U/A,True,146.0,25 Jan 2023,False,John Abraham; Shah Rukh Khan; Deepika Padukone,Siddharth Anand,Yash Raj Films,1,4.097317023316426,9,2.7656,3.9555,0,Wednesday,1,6.389,275.0,Rs1055.0 Cr,Rs524.53 Cr,Rs397.5 Cr,Rs250.0 Cr,250.0,Pathan_2022,Pathaan (film),864692.0
Gadar 2,2023,Hindi,post_covid,134.88000106811523,ok,True,"Action, Drama",Action,UA,U/A,True,173.0,11 Aug 2023,False,Sunny Deol; Manish Wadhwa; Utkarsh Sharma; Luv Sinha; Ameesha Patel; Simrat Kaur,Anil Sharma,Zee Studio,1,2.0751014579359324,3,1.3698,1.9767,1,Friday,8,5.86,57.0,Rs686.0 Cr,Rs525.7 Cr,Rs65.5 Cr,Rs75.0 Cr,75.0,Gadar_2_2022,Gadar 2,885331.0
Adipurush,2023,Hindi,post_covid,112.25,ok,True,"Historical, Mythology",Historical,U,U,True,179.0,16 Jun 2023,False,Sunny Singh; Vatsal Sheth; Prabhas; Saif Ali Khan; Sonal Chauhan; Kriti Sanon,Om Raut,T-Series,1,4.645916740768077,3,2.0942,2.3214,0,Friday,6,4.456,113.0,Rs393.0 Cr,Rs147.92 Cr,Rs50.0 Cr,Rs500.0 Cr,500.0,Adipurush_2022,Adipurush,734253.0
Tiger 3,2023,Hindi,post_covid,74.25,ok,True,"Action, Thriller",Action,UA,U/A 13+,True,156.0,12 Nov 2023,True,Salman Khan; Emraan Hashmi; Shah Rukh Khan; Katrina Kaif,Maneesh Sharma,Yash Raj Films,1,4.352756733365601,13,6.2148,4.7517,1,Sunday,11,5.64,68.0,Rs464.0 Cr,Rs276.62 Cr,Rs124.5 Cr,Rs300.0 Cr,300.0,Tiger_3,Tiger 3,720557.0
Kisi Ka Bhai Kisi Ki Jaan,2023,Hindi,post_covid,65.86000061035156,ok,True,Comedy,Comedy,UA,U/A,True,144.0,21 Apr 2023,True,Salman Khan; Venkatesh; Jassie Gill; Siddharth Nigam; Jagapati Babu; Vijender Singh; Raghav Juyal; Amrita Puri; Bhumika Chawla; Pooja Hegde; +2 more,Farhad Samji,Zee Studio,1,3.9967210580777537,12,6.2148,1.4025,0,Friday,4,5.074,34.0,Rs184.6 Cr,Rs110.94 Cr,Rs52.6 Cr,Rs100.0 Cr,100.0,Kabhi_Eid_Kabhi_Diwali_2021,Kisi Ka Bhai Kisi Ki Jaan,966719.0
Rocky Aur Rani Ki Prem Kahani,2023,Hindi,post_covid,45.89999961853027,ok,True,"Comedy, Romantic",Comedy,UA,UA,True,168.0,28 Jul 2023,False,Ranveer Singh; Dharmendra; Alia Bhatt; Shabana Azmi; Jaya Bachchan,Karan Johar,Viacom 18 Studios,1,3.723856704951713,6,2.6703,2.4635,0,Friday,7,6.18,97.0,Rs357.5 Cr,Rs153.55 Cr,Rs175.0 Cr,Rs170.0 Cr,170.0,Rocky_Aur_Rani_Ki_Prem_Kahani_2022,Rocky Aur Rani Kii Prem Kahaani,848116.0
Tu Jhoothi Main Makkar,2023,Hindi,post_covid,44.170000076293945,ok,True,"Comedy, Romantic",Comedy,UA,UA,True,164.0,08 Mar 2023,True,Ranbir Kapoor; Boney Kapoor; Anubhav Singh Bassi; Shraddha Kapoor; Dimple Kapadia,Luv Ranjan,T-Series,1,4.045570508258163,6,1.8231,1.9358,0,Wednesday,3,6.295,224.0,Rs223.0 Cr,Rs147.28 Cr,Rs48.0 Cr,Rs70.0 Cr,70.0,Tu_Jhoothi_Main_Makkar_2023,Tu Jhoothi Main Makkaar,611359.0
OMG 2,2023,Hindi,post_covid,43.109999656677246,ok,True,"Comedy, Drama, Social",Comedy,A,A,True,155.0,11 Aug 2023,False,Akshay Kumar; Pankaj Tripathi; Yami Gautam,Amit Rai,Wakaoo Films,1,3.7045723043955583,19,2.5409,1.6541,1,Friday,8,7.353,85.0,Rs221.75 Cr,Rs151.16 Cr,Rs43.0 Cr,Rs70.0 Cr,70.0,Oh_My_God_2022,OMG 2,888710.0
Fukrey 3,2023,Hindi,post_covid,34.66000032424927,ok,True,Comedy,Comedy,UA,UA,True,147.0,28 Sep 2023,False,Pulkit Samrat; Varun Sharma; Pankaj Tripathi; Ali Fazal; Manjot Singh; Richa Chaddha,Mrighdeep Singh Lamba,Excel Entertainment,1,3.602044899910274,8,0.9757,1.0877,1,Thursday,9,5.579,19.0,Rs127.75 Cr,Rs95.95 Cr,Rs14.5 Cr,Rs1.0 Cr,25.73,Fukrey_3_2021,Fukrey 3,805785.0
Satyaprem Ki Katha,2023,Hindi,post_covid,25.84999990463257,ok,True,"Comedy, Musical, Romantic",Comedy,,,False,144.0,29 Jun 2023,False,Rajpal Yadav; Kartik Aaryan; Gajraj Rao; Kiara Advani; Supriya Pathak,Sameer Vidwans,Nadiadwala Grandson Entertainment,1,3.588275425567621,4,1.9804,1.3589,0,Thursday,6,6.784,44.0,Rs118.5 Cr,Rs77.04 Cr,Rs26.0 Cr,Rs1.0 Cr,,Satyanarayan_Ki_Katha_2022,Satyaprem Ki Katha,1020376.0
Sam Bahadur,2023,Hindi,post_covid,25.550000190734863,ok,True,Biopic,Biopic,UA,UA,True,148.0,01 Dec 2023,False,Vicky Kaushal; Fatima Sana Shaikh; Sanya Malhotra,Meghna Gulzar,RSVP Movies,1,4.658331743507039,6,1.1601,2.147,0,Friday,12,6.961,38.0,Rs130.3 Cr,Rs93.95 Cr,Rs18.5 Cr,Rs1.0 Cr,54.78,Sam_Bahadur_2022,Sam Bahadur (film),814215.0
Shehzada,2023,Hindi,post_covid,20.200000286102295,ok,True,"Action, Drama",Action,U,U,True,145.0,17 Feb 2023,False,Sachin Khedekar; Paresh Rawal; Ronit Roy; Kartik Aaryan; Kriti Sanon; Manisha Koirala,Rohit Dhawan,T-Series,1,3.3855135932565052,6,2.0295,1.6787,0,Friday,2,5.617,47.0,Rs47.8 Cr,Rs32.02 Cr,Rs10.0 Cr,Rs65.0 Cr,65.0,Shehzada_2022,Shehzada (2023 film),884434.0
Mission Raniganj,2023,Hindi,post_covid,12.600000143051147,ok,True,"Biography, Drama",Biography,UA,U/A 13+,True,134.0,06 Oct 2023,False,Pawan Malhotra; Akshay Kumar; Ravi Kishan; Kumud Mishra; Parineeti Chopra,Tinu Suresh Desai,Pooja Entertainment,1,3.638500942005881,20,2.5409,1.186,0,Friday,10,6.56,25.0,Rs46.0 Cr,Rs34.17 Cr,Rs5.6 Cr,Rs1.0 Cr,,Capsule_Gill_2023,Mission Raniganj,1131409.0
IB 71,2023,Hindi,post_covid,7.179999828338623,ok,True,"Action, Spy, Thriller",Action,UA,UA,True,117.0,12 May 2023,False,Vishal Jethwa; Vidyut Jammwal; Anupam Kher; Dalip Tahil; Niharica Raizada,Sankalp Reddy,T-Series,1,2.6169735299490617,6,1.4582,0.9812,0,Friday,5,6.839,28.0,Rs29.7 Cr,Rs23.1 Cr,Rs2.2 Cr,Rs1.0 Cr,24.9,IB_71_2022,IB71,1114114.0
Ganapath - A Hero Is Born,2023,Hindi,post_covid,7.0,ok,True,"Action, Thriller",Action,,,False,133.0,20 Oct 2023,False,Tiger Shroff; Amitabh Bachchan; Elli AvrRam; Kriti Sanon,Vikas Bahl,Pooja Entertainment,1,3.7257150556217997,11,,,0,Friday,10,,,Rs18.0 Cr,Rs13.02 Cr,Rs2.5 Cr,Rs1.0 Cr,,Ganapath_2020,Ganapath,
Mrs Chatterjee Vs Norway,2023,Hindi,post_covid,6.420000076293945,ok,True,"Comedy, Drama",Comedy,,,False,144.0,17 Mar 2023,False,Anirban Bhattacharya; Jim Sarbh; Rani Mukerji; Neena Gupta,Ashima Chibber,Zee Studio,1,2.873265304992475,2,1.8698,2.0561,0,Friday,3,5.872,74.0,Rs38.3 Cr,Rs23.07 Cr,Rs11.0 Cr,Rs20.0 Cr,20.0,Mrs_Chatterjee_Vs_Norway_2022,Mrs. Chatterjee vs Norway,986594.0
1920: Horrors of the Heart,2023,Hindi,post_covid,5.419999957084656,ok,True,"Horror, Romantic, Thriller",Horror,A,A,True,123.0,23 Jun 2023,False,Randheer Rai; Rahul Dev; Danish Pandor; Amit Behl; Avika Gor; Ketaki Kulkarni,Krishna Bhatt,Motion Picture Capital,1,,0,1.0339,0.9539,0,Friday,6,3.167,12.0,Rs17.35 Cr,Rs13.02 Cr,Rs0.5 Cr,Rs1.0 Cr,,1920_Horrors_of_the_Heart_2023,1920: Horrors of the Heart,1142643.0
The Vaccine War,2023,Hindi,post_covid,4.899999976158142,ok,True,Drama,Drama,U,U,True,161.0,28 Sep 2023,False,Anupam Kher; Nana Patekar; Pallavi Joshi; Raima Sen; Sapthami Gowda,Vivek Ranjan Agnihotri,I Am Buddha,1,2.543361901331932,7,0.9179,0.8462,0,Thursday,9,5.8,18.0,Rs14.7 Cr,Rs10.33 Cr,Rs2.5 Cr,Rs1.0 Cr,10.79,The_Vaccine_War_2023,The Vaccine War,1046620.0
Tejas,2023,Hindi,post_covid,3.75,ok,True,"Biopic, Drama, Thriller",Biopic,UA,UA,True,112.0,27 Oct 2023,False,Varun Mitra; Kangana Ranaut; Anshul Chauhan,Sarvesh Mewara,RSVP Movies,1,2.824223171893197,5,1.1607,1.0797,0,Friday,10,4.0,11.0,Rs8.05 Cr,Rs6.2 Cr,Rs0.75 Cr,Rs1.0 Cr,,Tejas_2021,Tejas (film),737370.0
Ghoomer,2023,Hindi,post_covid,3.450000047683716,ok,True,"Drama, Sports",Drama,,,False,134.0,18 Aug 2023,False,Angad Bedi; Abhishek Bachchan; Saiyami Kher; Shabana Azmi,R. Balki,Hope productions,1,3.7813959610173646,3,1.4187,1.1637,0,Friday,8,8.15,10.0,Rs7.15 Cr,Rs4.97 Cr,Rs1.25 Cr,Rs1.0 Cr,,Ghoomer_2023,Ghoomer,1158378.0
The Great Indian Family,2023,Hindi,post_covid,3.450000047683716,ok,True,"Comedy, Drama",Comedy,UA,UA,True,112.0,22 Sep 2023,False,Kumud Mishra; Manoj Pahwa; Manushi Chhillar; Sadiya Siddiqui; Alka Amin,Vijay Krishna Acharya,Yash Raj Films,1,2.8893282268763065,6,1.1601,0.8116,0,Friday,9,4.917,12.0,Rs6.1 Cr,Rs5.17 Cr,Rs0.0 Cr,Rs1.0 Cr,,The_Great_Indian_Family_2023,The Great Indian Family,984092.0
Kuttey,2023,Hindi,post_covid,3.4200000762939453,ok,True,Thriller,Thriller,A,A,True,108.0,13 Jan 2023,True,Arjun Kapoor; Kumud Mishra; Naseeruddin Shah; Konkona Sen Sharma; Radhika Madan; Tabu,Aasmaan Bhardwaj,Vishal Bhardwaj Films,1,3.1699659295814313,7,2.4491,0.961,0,Friday,1,5.886,22.0,Rs8.47 Cr,Rs5.91 Cr,Rs1.5 Cr,Rs50.0 Cr,50.0,Kuttey_2022,Kuttey,864573.0
Thank You For Coming,2023,Hindi,post_covid,3.199999988079071,ok,True,"Comedy, Drama",Comedy,,,False,117.0,06 Oct 2023,False,Karan Kundra; Anil Kapoor; Bhumi Pednekar; Shibani Bedi; Shehnaaz Kaur Gill; Kusha Kapila; Dolly Singh,Karan Boolani,Balaji Motion Pictures,1,3.371642707853692,8,0.7319,0.8313,0,Friday,10,4.792,12.0,Rs9.6 Cr,Rs6.87 Cr,Rs1.6 Cr,Rs1.0 Cr,,Thank_You_For_Coming_2023,Thank You for Coming,957999.0
Khichdi 2,2023,Hindi,post_covid,3.0000000596046448,ok,True,Comedy,Comedy,U,U,True,122.0,17 Nov 2023,False,Rajeev Mehta; Jamnadas Majethia; Anang Desai; Supriya Pathak; Vandana Pathak; Kirti Kulhari,Aatish Kapadia,Zee Studio,1,,0,0.9963,0.9073,1,Friday,11,4.5,4.0,Rs5.25 Cr,Rs5.9 Cr,Rs0.0 Cr,Rs1.0 Cr,,Khichdi_2_2023,Khichdi 2: Mission Paanthukistan,1171106.0
Zwigato,2023,Hindi,post_covid,1.840000033378601,ok,True,"Comedy, Drama",Comedy,U,U,True,106.0,17 Mar 2023,False,Swanand Kirkire; Kapil Sharma; Shahana Goswami; Gul Panag; Sayani Gupta,Nandita Das,Nandita Das Initiatives,1,2.0281482347439392,1,0.8412,0.8887,0,Friday,3,6.429,14.0,Rs1.25 Cr,Rs2.1 Cr,Rs0.0 Cr,Rs1.0 Cr,,Zwigato_2022,Zwigato,1014060.0
Bheed,2023,Hindi,post_covid,1.75,ok,True,Drama,Drama,,,False,114.0,24 Mar 2023,False,Pankaj Kapoor; Rajkummar Rao; Ashutosh Rana; Bhumi Pednekar; Kritika Kamra; Dia Mirza,Anubhav Sinha,T-Series,1,2.549445167200281,12,2.7656,1.1707,0,Friday,3,6.026,19.0,Rs2.1 Cr,Rs2.26 Cr,Rs0.0 Cr,Rs1.0 Cr,,Bheed_2022,Bheed,1081726.0
Yaariyan 2,2023,Hindi,post_covid,1.600000023841858,ok,True,"Comedy, Romantic",Comedy,UA,UA,True,148.0,20 Oct 2023,False,Yash Dasgupta; Pearl V Puri; Meezaan Jaffrey; Anaswara Rajan; Hira Warina; Divya Khosla Kumar; Priya Prakash Varrier,Radhika Rao,T-Series Films,1,,0,0.9112,1.4545,1,Friday,10,4.4,7.0,Rs3.5 Cr,Rs2.75 Cr,Rs0.25 Cr,Rs1.0 Cr,24.9999984,Yaariyan_2_2023,Yaariyan 2,1001241.0
Stree 2,2024,Hindi,post_covid,131.14999961853027,ok,True,"Comedy, Horror",Comedy,UA,U/A,True,149.0,15 Aug 2024,True,Aparshakti Khurana; Rajkummar Rao; Abhishek Banerjee; Pankaj Tripathi; Shraddha Kapoor,Amar Kaushik,Maddock Films,1,3.730740908208854,15,1.8231,2.432,1,Thursday,8,6.704,103.0,Rs857.15 Cr,Rs597.99 Cr,Rs144.0 Cr,Rs125.0 Cr,125.0,Stree_2_2024,Stree 2,1112426.0
Singham Again,2024,Hindi,post_covid,121.75,ok,True,"Action, Thriller",Action,UA,U/A,True,144.0,01 Nov 2024,True,Akshay Kumar; Tiger Shroff; Ranveer Singh; Jackie Shroff; Ajay Devgn; Arjun Kapoor; Deepika Padukone; Kareena Kapoor Khan,Rohit Shetty,Rohit Shetty Productions,1,3.741593985289833,24,2.5409,2.8151,1,Friday,11,4.956,45.0,Rs372.41 Cr,Rs247.86 Cr,Rs75.0 Cr,Rs325.0 Cr,325.0,Singham_3_2023,Singham Again,1014214.0
Bhool Bhulaiyaa 3,2024,Hindi,post_covid,106.0,ok,True,"Comedy, Horror",Comedy,UA,UA,True,158.0,01 Nov 2024,True,Rajpal Yadav; Kartik Aaryan; Vidya Balan; Madhuri Dixit; Tripti Dimri,Anees Bazmee,T-Series,1,3.4594804714806453,6,1.4091,1.2733,1,Friday,11,5.458,48.0,Rs400.35 Cr,Rs260.11 Cr,Rs89.0 Cr,Rs150.0 Cr,150.0,Bhool_Bhulaiyaa_3_2024,Bhool Bhulaiyaa 3,980599.0
Fighter,2024,Hindi,post_covid,96.0,ok,True,"Action, Thriller",Action,UA,UA,True,166.0,25 Jan 2024,False,Anil Kapoor; Karan Singh Grover; Hrithik Roshan; Akshay Oberoi; Deepika Padukone; Sanjeeda Shaikh,Siddharth Anand,Viacom 18 Studios,1,4.018527503671065,11,2.3104,4.4979,0,Thursday,1,6.151,166.0,Rs358.89 Cr,Rs212.79 Cr,Rs104.0 Cr,Rs250.0 Cr,250.0,Fighter_2022,Fighter (2024 film),784651.0
Shaitaan,2024,Hindi,post_covid,54.0,ok,True,"Horror, Thriller",Horror,UA,U/A,True,132.0,08 Mar 2024,False,R. Madhavan; Ajay Devgn; Janki Bodiwala; Jyothika,Vikas Bahl,Panorama Studios,1,3.7751805855722544,12,2.4951,1.8996,0,Friday,3,6.304,107.0,Rs213.79 Cr,Rs148.21 Cr,Rs37.5 Cr,Rs60.0 Cr,60.0,Shaitaan_2024,Shaitaan (2024 film),1187619.0
Crew,2024,Hindi,post_covid,29.5,ok,True,Thriller,Thriller,UA,UA,True,118.0,29 Mar 2024,False,,Rajesh Krishnan,Balaji Motion Pictures,0,2.0489791849783923,296,2.4921,4.1596,0,Friday,3,6.717,83.0,Rs151.63 Cr,Rs81.95 Cr,Rs55.0 Cr,Rs75.0 Cr,75.0,The_Crew_2023,Crew (film),1045931.0
Bade Miyan Chote Miyan,2024,Hindi,post_covid,24.86999988555908,ok,True,"Action, Comedy",Action,UA,U/A,True,164.0,11 Apr 2024,True,Akshay Kumar; Prithviraj Sukumaran; Tiger Shroff; Ronit Roy; Alaya Furniturewala; Sonakshi Sinha; Manushi Chhillar,Ali Abbas Zafar,Pooja Entertainment,1,3.5895280306370516,21,2.5409,3.4857,0,Thursday,4,6.132,53.0,Rs111.5 Cr,Rs65.32 Cr,Rs33.0 Cr,Rs1.0 Cr,341.13,Bade_Miyan_Chote_Miyan_2023,Bade Miyan Chote Miyan (2024 film),936622.0
Chandu Champion,2024,Hindi,post_covid,21.5,ok,True,"Drama, Sports",Drama,UA,UA,True,142.0,14 Jun 2024,False,Vijay Raaz; Kartik Aaryan; Rajpal Yadav; Bhagyashree Patwardhan,Kabir Khan,Nadiadwala Grandson Entertainment,1,3.5286735039346993,5,1.1261,1.7062,0,Friday,6,7.236,36.0,Rs89.24 Cr,Rs63.57 Cr,Rs13.75 Cr,Rs1.0 Cr,13.28,Chandu_Champion_2024,Chandu Champion,1020951.0
Vicky Vidya Ka Woh Wala Video,2024,Hindi,post_covid,18.800000190734863,ok,True,"Comedy, Romantic",Comedy,UA,UA,True,146.0,11 Oct 2024,False,Rajkummar Rao; Vijay Raaz; Tiku Talsania; Mallika Sherawat; Archana Puran Singh; Tripti Dimri,Raaj Shaandilyaa,Thinkink Picturez,1,2.2914714363666397,16,1.2124,2.338,0,Friday,10,4.786,21.0,Rs58.21 Cr,Rs42.09 Cr,Rs8.5 Cr,Rs1.0 Cr,,Vicky_Vidya_Ka_Woh_Wala_Video_2024,Vicky Vidya Ka Woh Wala Video,1213712.0
Yodha,2024,Hindi,post_covid,16.84999990463257,ok,True,"Action, Adventure",Action,UA,UA,True,130.0,15 Mar 2024,False,Ronit Roy; Sidharth Malhotra; Tanuj Virwani; Disha Patani; Raashi Khanna,Sagar Ambre,Mentor Disciple Entertainment,1,3.017054893522372,7,1.6088,1.8239,0,Friday,3,6.6,32.0,Rs53.68 Cr,Rs35.74 Cr,Rs11.5 Cr,Rs1.0 Cr,,Yodha_2022,Yodha (2024 film),899718.0
Mr. & Mrs. Mahi,2024,Hindi,post_covid,16.84999990463257,ok,True,"Biography, Crime, Drama, Romantic, Sports",Biography,U,U,True,,31 May 2024,False,Rajkummar Rao; Janhvi Kapoor,Sharan Sharma,Zee Studio,1,3.5458747618975073,14,1.3306,1.2817,0,Friday,5,5.882,17.0,Rs51.95 Cr,Rs36.34 Cr,Rs9.5 Cr,Rs1.0 Cr,,Mr_And_Mrs_Mahi_2022,Mr.,901315.0
Maidaan,2024,Hindi,post_covid,14.900000095367432,ok,True,Sports,Sports,,,False,181.0,11 Apr 2024,True,Rudranil Ghosh; Ajay Devgn; Gajraj Rao; Priyamani,Amit Sharma,Zee Studio,1,3.7930384778538095,13,2.4951,1.2338,0,Thursday,4,7.813,24.0,Rs71.72 Cr,Rs53.54 Cr,Rs7.75 Cr,Rs1.0 Cr,166.0,Maidaan_2020,Maidaan,668340.0
Baby John,2024,Hindi,post_covid,12.650000095367432,ok,True,"Action, Drama, Thriller",Action,UA,U/A 16+,True,161.0,25 Dec 2024,True,Salman Khan; Varun Dhawan; Jackie Shroff; Keerthy Suresh; Wamiqa Gabbi,Kalees,Jio Studios,1,4.034576392191627,14,1.8158,1.5937,0,Wednesday,12,6.038,26.0,Rs61.0 Cr,Rs39.5 Cr,Rs13.7 Cr,Rs1.0 Cr,175.7608,Baby_John_2024,Baby John (film),1083241.0
Sarfira,2024,Hindi,post_covid,12.0,ok,True,"Biography, Drama",Biography,UA,UA,True,153.0,12 Jul 2024,False,Paresh Rawal; Akshay Kumar; Suriya; Seema Biswas; Radhika Madan,Sudha Kongara,Cape Of Good Films,1,3.5742351197796514,22,2.5409,1.2549,0,Friday,7,6.577,13.0,Rs33.91 Cr,Rs24.85 Cr,Rs4.5 Cr,Rs1.0 Cr,,Sarfira_2024,Sarfira,967344.0
Srikanth,2024,Hindi,post_covid,11.699999809265137,ok,True,"Biography, Drama",Biography,U,U,True,134.0,10 May 2024,False,Rajkummar Rao; Sharad Kelkar; Alaya Furniturewala; Jyothika,Tushar Hiranandani,T-Series,1,2.6268401573993447,13,1.4768,1.1805,0,Friday,5,7.565,31.0,Rs60.59 Cr,Rs48.07 Cr,Rs3.5 Cr,Rs1.0 Cr,34.86,Srikanth_2024,Srikanth (film),1093971.0
Khel Khel Mein,2024,Hindi,post_covid,8.999999761581421,ok,True,"Comedy, Drama",Comedy,UA,UA,True,134.0,15 Aug 2024,True,Akshay Kumar; Ammy Virk; Aditya Seal; Fardeen Khan; Vaani Kapoor; Taapsee Pannu; Pragya Jaiswal,Mudassar Aziz,White World Productions,1,3.530353130113647,23,2.5409,1.7154,0,Thursday,8,5.986,37.0,Rs57.05 Cr,Rs39.34 Cr,Rs10.0 Cr,Rs1.0 Cr,97.608,Khel_Khel_Mein_2024,Khel Khel Mein (2024 film),1241592.0
Merry Christmas,2024,Hindi,post_covid,8.799999952316284,ok,True,"Comedy, Romantic",Comedy,,,False,144.0,12 Jan 2024,False,Vijay Sethupathi; Sanjay Kapoor; Vinay Pathak; Ashwini Kalsekar; Katrina Kaif; Radhika Apte; Radhika Sarathkumar,Sriram Raghavan,Tips Films Pvt. Ltd.,1,2.6496508431781822,11,1.0307,1.411,0,Friday,1,5.4,63.0,Rs27.18 Cr,Rs18.39 Cr,Rs3.0 Cr,Rs1.0 Cr,,Merry_Christmas_2022,Merry Christmas (2024 film),894958.0
Crakk,2024,Hindi,post_covid,8.700000047683716,ok,True,"Action, Thriller",Action,,,False,154.0,23 Feb 2024,False,Arjun Rampal; Vidyut Jammwal; Nora Fatehi; Amy Jackson,Aditya Dutt,Action Hero Films,1,2.432115662930019,4,1.8257,1.0687,0,Friday,2,5.5,10.0,Rs17.88 Cr,Rs13.98 Cr,Rs1.5 Cr,Rs1.0 Cr,,Crakk_2024,Crakk,1215938.0
Yudhra,2024,Hindi,post_covid,8.5,ok,True,"Action, Thriller",Action,UA,UA,True,142.0,20 Sep 2024,False,Raghav Juyal; Siddhant Chaturvedi; Malavika Mohanan,Ravi Udyawar,Excel Entertainment,1,3.233192877006657,2,1.5554,0.9193,0,Friday,9,4.2,4.0,Rs14.56 Cr,Rs11.43 Cr,Rs1.15 Cr,Rs1.0 Cr,,Yudhra_2024,Yudhra,797223.0
Vedaa,2024,Hindi,post_covid,7.700000047683716,ok,True,"Action, Thriller",Action,UA,U/A,True,151.0,15 Aug 2024,True,John Abraham; Abhishek Banerjee; Tamanna Bhatia; Sharvari Wagh,Nikkhil Advani,Zee Studio,1,3.730740908208854,10,2.0226,1.5812,0,Thursday,8,5.9,22.0,Rs30.0 Cr,Rs22.52 Cr,Rs3.25 Cr,Rs1.0 Cr,,Vedaa_2024,Vedaa,1148486.0
Auron Mein Kahan Dum Tha,2024,Hindi,post_covid,6.7500001192092896,ok,True,"Romantic, Thriller",Romantic,UA,UA,True,144.0,02 Aug 2024,False,Jimmy Shergill; Ajay Devgn; Shantanu Maheshwari; Saiee Manjrekar; Tabu,Neeraj Pandey,Panorama Studios,1,3.7197013805231185,14,2.4951,0.9829,0,Friday,8,5.318,11.0,Rs15.79 Cr,Rs12.18 Cr,Rs2.15 Cr,Rs1.0 Cr,,Auron_Mein_Kahan_Dum_Tha_2023,Auron Mein Kahan Dum Tha,1083590.0
The Sabarmati Report,2024,Hindi,post_covid,6.349999904632568,ok,True,"Drama, Historical",Drama,UA,U/A,True,123.0,15 Nov 2024,False,Vikrant Massey; Ridhi Dogra; Raashi Khanna,Dheeraj Sarna,Vikir Films Production,1,2.6421045617399472,3,1.5437,1.1579,0,Friday,11,5.9,10.0,Rs41.07 Cr,Rs34.58 Cr,Rs0.0 Cr,Rs1.0 Cr,,The_Sabarmati_Report_2024,The Sabarmati Report,1213906.0
Kill,2024,Hindi,post_covid,6.1000001430511475,ok,True,"Action, Thriller",Action,A,A,True,105.0,05 Jul 2024,False,Ashish Vidyarthi; Lakshya Lalwani; Raghav Juyal; Tanya Maniktala,Nikhil Nagesh Bhat,Sikhya Entertainment,1,2.253618097455746,4,1.1234,6.0378,0,Friday,7,7.2,537.0,Rs48.11 Cr,Rs24.97 Cr,Rs18.5 Cr,Rs1.0 Cr,39.84,Kill_2024,Kill (film),1160018.0
Swatantrya Veer Savarkar,2024,Hindi,post_covid,5.990000009536743,ok,True,"Biography, Drama",Biography,UA,UA,True,178.0,22 Mar 2024,False,Randeep Hooda; Ankita Lokhande,Randeep Hooda,Legend Studios,1,4.122545187995315,3,1.2763,0.8961,0,Friday,3,6.417,12.0,Rs32.18 Cr,Rs24.61 Cr,Rs2.75 Cr,Rs1.0 Cr,,Swatantrya_Veer_Savarkar_2024,Swatantrya Veer Savarkar (film),957328.0
Main Atal Hoon,2024,Hindi,post_covid,5.649999976158142,ok,True,"Biography, Drama",Biography,UA,UA,True,137.0,19 Jan 2024,False,Daya Shankar Pandey; Piyush Mishra; Raja Rameshkumar Sevak; Pankaj Tripathi; Gauri Sukhtankar; Payal Nair; Paula McGlynn,Ravi Jadhav,Legend Studios,1,,0,1.0479,0.7283,0,Friday,1,5.824,71.0,Rs12.49 Cr,Rs9.95 Cr,Rs0.65 Cr,Rs1.0 Cr,19.92,Main_Atal_Hoon_2024,Main Atal Hoon,1066714.0
Savi: A Bloody Housewife,2024,Hindi,post_covid,5.299999952316284,ok,True,"Action, Thriller",Action,UA,UA,True,122.0,31 May 2024,False,Anil Kapoor; Harshvardhan Rane; Divya Khosla Kumar,Abhinay Deo,Vishesh Films,1,3.299786907458918,12,2.0903,0.9678,0,Friday,5,6.891,23.0,Rs11.26 Cr,Rs7.84 Cr,Rs2.0 Cr,Rs1.0 Cr,,Savi_A_Bloody_Housewife_2024,Savi (film),1264800.0
Bhaiyya Ji,2024,Hindi,post_covid,4.950000047683716,ok,True,"Action, Crime, Drama",Action,UA,UA,True,131.0,24 May 2024,False,Vipin Sharma; Manoj Bajpayee; Jatin Goswami; Zoya Hussain,Apoorv Singh Karki,SSO Productions,1,2.4196420436650756,8,1.7031,1.0682,0,Friday,5,6.286,7.0,Rs10.22 Cr,Rs9.82 Cr,Rs0.0 Cr,Rs1.0 Cr,,Bhaiyya_Ji_2024,Bhaiyya Ji,1262485.0
Ulajh,2024,Hindi,post_covid,4.899999976158142,ok,True,Thriller,Thriller,UA,UA,True,134.0,02 Aug 2024,False,Sachin Khedekar; Gulshan Devaiah; Roshan Mathew; Adil Hussain; Janhvi Kapoor,Sudhanshu Saria,Junglee Pictures,1,2.6157529092256033,4,1.2071,1.2462,0,Friday,8,5.763,19.0,Rs11.26 Cr,Rs9.07 Cr,Rs1.0 Cr,Rs1.0 Cr,35.69,Ulajh_2024,Ulajh,1124876.0
Laapataa Ladies,2024,Hindi,post_covid,3.900000095367432,ok,True,Comedy,Comedy,UA,UA,True,124.0,01 Mar 2024,False,Sparsh Shrivastava; Ravi Kishan; Pratibha Ranta; Chhaya Kadam; Nitanshi Goel,Kiran Rao,Jio Studios,1,2.703079149804707,4,1.8929,1.9814,0,Friday,3,7.801,176.0,Rs27.66 Cr,Rs21.11 Cr,Rs2.75 Cr,Rs1.0 Cr,4.98,Laapataa_Ladies_2024,Laapataa Ladies,1163194.0
Ishq Vishk Rebound,2024,Hindi,post_covid,3.600000023841858,ok,True,"Comedy, Romantic",Comedy,UA,UA,True,106.0,21 Jun 2024,False,Jibraan Khan; Rohit Saraf; Naila Grrewal; Supriya Pilgaonkar; Pashmina Roshan; Sheeba Chaddha,Nipun Dharmadhikari,Tips Films Pvt. Ltd.,1,3.636005964506868,1,0.8911,0.6506,0,Friday,6,3.0,3.0,Rs5.85 Cr,Rs4.97 Cr,Rs0.0 Cr,Rs1.0 Cr,,Ishq_Vishk_Rebound_2024,Ishq Vishk Rebound,1080808.0
The Buckingham Murders,2024,Hindi,post_covid,3.2500000596046448,ok,True,"Crime, Mystery, Thriller",Crime,A,A,True,107.0,13 Sep 2024,False,Keith Allen; Ranveer Brar; Kareena Kapoor Khan,Hansal Mehta,Mahana Films,1,3.8339482986188838,2,2.4921,1.2979,0,Friday,9,5.717,30.0,Rs15.84 Cr,Rs6.23 Cr,Rs3.5 Cr,Rs1.0 Cr,,The_Buckingham_Murders_2024,The Buckingham Murders,1053348.0
Ruslaan,2024,Hindi,post_covid,2.300000011920929,ok,True,"Action, Thriller",Action,UA,UA,True,139.0,26 Apr 2024,False,Aayush Sharma; Jagapati Babu; Vidya Malvade; Sushrii Shreya Mishraa,Karan Butani,Sri Sathya Sai Arts,1,2.0014799808788877,3,0.9699,1.6169,0,Friday,4,5.0,2.0,Rs4.87 Cr,Rs4.11 Cr,Rs0.0 Cr,Rs1.0 Cr,,Ruslaan_2023,Ruslaan,1196940.0
Kahan Shuru Kahan Khatam,2024,Hindi,post_covid,2.099999964237213,ok,True,"Comedy, Romantic",Comedy,,,False,104.0,20 Sep 2024,False,Aashim Gulati; Rajesh Sharma; Rakesh Bedi; Dhavani Bhanushali,Saurabh Dasgupta,Kathputli Creations,1,3.248296234879642,3,2.0851,0.7933,0,Friday,9,2.0,1.0,Rs3.26 Cr,Rs2.81 Cr,Rs0.0 Cr,Rs1.0 Cr,,Kahan_Shuru_Kahan_Khatam_2024,Kahan Shuru Kahan Khatam,1341448.0
Bastar: The Naxal Story,2024,Hindi,post_covid,2.0000000298023224,ok,True,"Crime, Drama",Crime,A,A,True,124.0,15 Mar 2024,False,Yashpal Sharma; Vijay Krishna; Adah Sharma; Shilpa Shukla; Indira Tiwari,Sudipto Sen,Sunshine Pictures,1,2.9616582932202395,1,0.9985,0.9803,0,Friday,3,6.3,6.0,Rs4.04 Cr,Rs3.15 Cr,Rs0.25 Cr,Rs1.0 Cr,,Bastar_The_Naxal_Story_2024,Bastar: The Naxal Story,1169534.0
Pad Gaye Pange,2024,Hindi,post_covid,1.950000047683716,ok,True,Comedy,Comedy,UA,U/A 7+,True,118.0,30 Aug 2024,False,,,,0,1.7747976514543493,361,1.1261,0.4984,0,Friday,8,10.0,1.0,Rs3.81 Cr,Rs3.19 Cr,Rs0.0 Cr,Rs1.0 Cr,,Pad_Gaye_Pange_2024,Pad Gaye Pange,1341538.0
T20 World Cup 2024: India Vs Pakistan (Hindi),2024,Hindi,post_covid,1.7000000476837158,ok,True,"Screening, Sports",Screening,,,False,140.0,09 Jun 2024,False,,,,0,1.8773714019993495,332,,,0,Sunday,6,,,Rs2.35 Cr,Rs1.7 Cr,Rs0.0 Cr,Rs1.0 Cr,,T20_World_Cup_2024_India_Vs_Pakistan_2024,Alpha (2026 film),
T20 World Cup 2024: India Vs South Africa (Hindi),2024,Hindi,post_covid,1.409999966621399,ok,True,"Screening, Sports",Screening,,,False,,29 Jun 2024,False,,,,0,1.8349694559593086,343,,,0,Saturday,6,,,Rs1.94 Cr,Rs1.41 Cr,₹0.00 Cr,Rs1.0 Cr,,T20_World_Cup_2024_India_Vs_South_Africa_2024,South Africa,
I Want To Talk,2024,Hindi,post_covid,1.300000011920929,ok,True,"Drama, Family",Drama,UA,UA,True,122.0,22 Nov 2024,False,Abhishek Bachchan; Ahilya Bamroo,Shoojit Sircar,Rising Sun Films,1,3.209272997486421,4,1.4187,1.5254,0,Friday,11,6.9,7.0,Rs2.51 Cr,Rs2.14 Cr,Rs0.0 Cr,Rs1.0 Cr,,I_Want_To_Talk_2024,I Want to Talk,1263031.0
Kuch Khattaa Ho Jaay,2024,Hindi,post_covid,1.2000000178813934,ok,True,"Comedy, Drama, Romantic",Comedy,UA,UA,True,125.0,16 Feb 2024,False,,,,0,2.186461733128463,273,1.3205,0.8186,0,Friday,2,3.0,1.0,Rs1.69 Cr,Rs1.47 Cr,Rs0.0 Cr,Rs1.0 Cr,,Kuch_Khattaa_Ho_Jaay_2024,Kuch Khattaa Ho Jaay,1032706.0
Chhaava,2025,Hindi,post_covid,116.5,ok,True,"Action, Drama, Historical",Action,UA,U/A,True,161.0,14 Feb 2025,False,Akshaye Khanna; Vineet Kumar Singh; Vicky Kaushal; Ashutosh Rana; Rashmika Mandanna; Divya Dutta,Laxman Utekar,Maddock Films,1,3.524660487529726,9,2.7656,2.6327,0,Friday,2,7.048,63.0,Rs807.91 Cr,Rs585.7 Cr,Rs91.0 Cr,Rs130.0 Cr,130.0,Chaava_2024,Chhaava,1196943.0
War 2,2025,Hindi,post_covid,98.0,ok,True,"Action, Spy, Thriller",Action,UA,U/A 16+,True,173.0,14 Aug 2025,True,Anil Kapoor; Hrithik Roshan; NTR Jr.; Ashutosh Rana; Kiara Advani,Ayan Mukerji,Yash Raj Films,1,4.097982285789967,13,2.7656,5.7606,1,Thursday,8,6.0,73.0,Rs364.35 Cr,Rs177.59 Cr,Rs81.75 Cr,Rs400.0 Cr,400.0,War_2_2024,War 2 (film),1109086.0
Housefull 5,2025,Hindi,post_covid,87.5,ok,True,Comedy,Comedy,UA,U/A,True,165.0,06 Jun 2025,False,Abhishek Bachchan; Shreyas Talpade; Dino Morea; Chunky Pandey; Akshay Kumar; Sanjay Dutt; Nana Patekar; Johnny Lever; Riteish Deshmukh; Fardeen Khan; +7 more,Tarun Mansukhani,Nadiadwala Grandson Entertainment,1,2.4171517068331507,6,2.5409,2.5321,1,Friday,6,5.173,49.0,Rs288.67 Cr,Rs183.38 Cr,Rs70.25 Cr,Rs250.0 Cr,250.0,Housefull_5_2024,Housefull 5,1146210.0
Sky Force,2025,Hindi,post_covid,62.25,ok,True,"Action, Thriller, War",Action,UA,U/A,True,125.0,24 Jan 2025,False,Akshay Kumar; Veer Pahariya; Sara Ali Khan; Nimrat Kaur; Divya Dutta,Sandeep Kewlani,Maddock Films,1,3.691848869730833,25,2.5409,1.7099,0,Friday,1,6.604,48.0,Rs150.01 Cr,Rs113.62 Cr,Rs14.5 Cr,Rs125.0 Cr,125.0,Sky_Force_2024,Sky Force (film),1143407.0
Sitaare Zameen Par,2025,Hindi,post_covid,57.60000038146973,ok,True,"Comedy, Drama, Sports",Comedy,UA,U/A 13+,True,158.0,20 Jun 2025,False,Brijendra Kala; Aamir Khan; Dolly Ahluwalia; Genelia Deshmukh,R.S. Prasanna,Aamir Khan Productions,1,4.025165771022866,5,2.9518,6.3856,0,Friday,6,6.875,56.0,Rs267.52 Cr,Rs166.19 Cr,Rs66.75 Cr,Rs120.0 Cr,120.0,Sitaare_Zameen_Par_2025,Sitaare Zameen Par,1190511.0
Jolly LLB 3,2025,Hindi,post_covid,53.5,ok,True,"Comedy, Drama",Comedy,UA,U/A,True,157.0,19 Sep 2025,False,Saurabh Shukla; Gajraj Rao; Akshay Kumar; Arshad Warsi; Huma Qureshi; Amrita Rao,Subhash Kapoor,Star Studios,1,4.049525455749917,26,2.5409,2.2599,1,Friday,9,6.56,50.0,Rs171.64 Cr,Rs117.5 Cr,Rs31.5 Cr,Rs120.0 Cr,120.0,Jolly_LLB_2024,Jolly LLB 3,1015981.0
Raid 2,2025,Hindi,post_covid,52.0,ok,True,"Crime, Thriller",Crime,UA,U/A 13+,True,138.0,01 May 2025,False,Riteish Deshmukh; Ajay Devgn; Saurabh Shukla; Vaani Kapoor,Raj Kumar Gupta,T-Series,1,4.0693338412993665,16,2.4951,2.3225,1,Thursday,5,6.45,60.0,Rs237.46 Cr,Rs173.44 Cr,Rs31.0 Cr,Rs120.0 Cr,120.0,Raid_2_2025,Raid 2 (film),1227128.0
Tere Ishk Mein,2025,Hindi,post_covid,49.75,ok,True,"Action, Drama, Romantic",Action,UA,U/A,True,169.0,28 Nov 2025,False,Dhanush; Prakash Raj; Kriti Sanon,Anand L Rai,T-Series,1,3.0043127825424807,21,2.0295,2.0485,0,Friday,11,5.435,23.0,Rs161.96 Cr,Rs110.37 Cr,Rs23.0 Cr,Rs1.0 Cr,78.8938738,Tere_Ishk_Mein_2024,Tere Ishk Mein,1142921.0
Thamma,2025,Hindi,post_covid,35.44999980926514,ok,True,"Comedy, Horror",Comedy,UA,U/A 16+,True,149.0,21 Oct 2025,True,Varun Dhawan; Nawazuddin Siddiqui; Ayushmann Khurrana; Paresh Rawal; Rashmika Mandanna,Aditya Sarpotdar,Maddock Films,1,3.5279173665373125,11,1.8039,2.8506,0,Tuesday,10,6.563,56.0,Rs187.59 Cr,Rs133.88 Cr,Rs26.5 Cr,Rs125.0 Cr,125.0,Thama_2025,Thamma,1196364.0
De De Pyaar De 2,2025,Hindi,post_covid,34.75,ok,True,"Comedy, Romantic",Comedy,UA,U/A 13+,True,146.0,14 Nov 2025,False,R. Madhavan; Javed Jaffrey; Ajay Devgn; Meezaan Jaffrey; Ishita Dutta; Gautami Kapoor; Rakul Preet Singh,Anshul Sharma,T-Series,1,4.172539396871994,18,2.4951,2.7571,1,Friday,11,6.632,19.0,Rs111.77 Cr,Rs74.23 Cr,Rs23.15 Cr,Rs1.0 Cr,,De_De_Pyaar_De_2_2025,De De Pyaar De 2,1214835.0
Sikandar,2025,Hindi,post_covid,33.5,ok,True,"Action, Drama",Action,UA,U/A 13+,True,135.0,30 Mar 2025,True,Sharman Joshi; Prateik Babbar; Salman Khan; Sathyaraj; Rashmika Mandanna; Kajal Aggarwal,AR Murugadoss,Salman Khan Films,1,3.939853934620025,15,6.2148,3.491,0,Sunday,3,4.884,69.0,Rs184.89 Cr,Rs110.36 Cr,Rs54.0 Cr,Rs200.0 Cr,200.0,Sikandar_2025,Sikandar (2025 film),1257960.0
Baaghi 4,2025,Hindi,post_covid,31.25,ok,True,Action,Action,A,A,True,157.0,05 Sep 2025,False,Sanjay Dutt; Upendra Limaye; Tiger Shroff; Shreyas Talpade; Saurabh Sachdeva; Harnaaz Kaur Sandhu; Sheeba Akashdeep Sabir; Sonam Bajwa,A Harsha,Nadiadwala Grandson Entertainment,1,3.6107739593177235,9,1.9231,2.352,1,Friday,9,3.609,23.0,Rs77.67 Cr,Rs53.38 Cr,Rs14.8 Cr,Rs1.0 Cr,72.4839332,Baaghi_4_2021,Baaghi 4,758923.0
Jaat,2025,Hindi,post_covid,30.75,ok,True,"Action, Drama, Thriller",Action,UA,U/A 16+,True,153.0,10 Apr 2025,False,Randeep Hooda; Vineet Kumar Singh; Jagapathi Babu; Sunny Deol; Saiyami Kher; Regina Cassandra,Gopichand Malineni,Zee Studio,1,3.5780290303990014,11,1.3698,2.6789,0,Thursday,4,6.3,36.0,Rs118.85 Cr,Rs88.72 Cr,Rs14.0 Cr,Rs1.0 Cr,97.6470515,Jaat_2025,Jaat (film),1306845.0
Bhool Chuk Maaf,2025,Hindi,post_covid,28.0,ok,True,"Comedy, Romantic",Comedy,UA,U/A 13+,True,121.0,23 May 2025,False,Rajkummar Rao; Sanjay Mishra; Raghubir Yadav; Zakir Hussain; Wamiqa Gabbi; Seema Pahwa,Karan Sharma,Maddock Films,1,2.471840051154462,17,1.8158,1.1401,0,Friday,5,6.118,38.0,Rs88.95 Cr,Rs72.73 Cr,Rs3.3 Cr,Rs1.0 Cr,,Bhool_Chuk_Maaf_2025,Bhool Chuk Maaf,1301632.0
Param Sundari,2025,Hindi,post_covid,26.75,ok,True,"Comedy, Romantic",Comedy,UA,U/A 13+,True,136.0,29 Aug 2025,False,Sidharth Malhotra; Manjot Singh; Siddhartha Shankar; Renji Panicker; Sanjay Kapoor; Janhvi Kapoor; Inayat Verma,Tushar Jalota,Maddock Films,1,3.8192496195066123,6,1.6528,1.3402,0,Friday,8,5.522,23.0,Rs84.29 Cr,Rs51.31 Cr,Rs23.0 Cr,Rs1.0 Cr,,Param_Sundari_2025,Param Sundari (film),1226354.0
Son of Sardaar 2,2025,Hindi,post_covid,24.75,ok,True,"Comedy, Drama",Comedy,UA,U/A 13+,True,147.0,01 Aug 2025,False,Ajay Devgn; Sanjay Mishra; Chunky Pandey; Mukul Dev; Ravi Kishan; Deepak Dobriyal; Vindu Dara Singh; Mrunal Thakur; Neeru Bajwa; Kubbra Sait; +1 more,Vijay Kumar Arora,Jio Studios,1,3.5180942369047776,17,2.4951,2.0623,1,Friday,8,4.367,15.0,Rs66.01 Cr,Rs47.03 Cr,Rs9.75 Cr,Rs1.0 Cr,,Son_of_Sardaar_2025,Son of Sardaar 2,1311649.0
Deva,2025,Hindi,post_covid,19.15000009536743,ok,True,"Action, Thriller",Action,UA,U/A,True,156.0,31 Jan 2025,False,Shahid Kapoor; Pavail Gulati; Pooja Hegde,Rosshan Andrrews,Zee Studio,1,3.6454498961866,5,2.3117,2.2508,0,Friday,1,6.2,68.0,Rs56.32 Cr,Rs34.37 Cr,Rs15.5 Cr,Rs1.0 Cr,48.8206,Deva_2024,Deva (2025 film),1195430.0
Ek Deewane Ki Deewaniyat,2025,Hindi,post_covid,18.75,ok,True,"Drama, Romantic",Drama,A,A,True,141.0,21 Oct 2025,True,Harshvardhan Rane; Sachin Khedekar; Shaad Randhawa; Sonam Bajwa,Milap Milan Zaveri,Play DMF,1,4.433788569232471,7,0.9485,2.1317,0,Tuesday,10,5.773,22.0,Rs110.28 Cr,Rs78.99 Cr,Rs16.5 Cr,Rs30.0 Cr,30.0,Ek_Deewane_Ki_Deewaniyat_2025,Ek Deewane Ki Deewaniyat,1434543.0
Maa,2025,Hindi,post_covid,17.65000009536743,ok,True,"Horror, Thriller",Horror,UA,U/A,True,133.0,27 Jun 2025,False,Ronit Roy; Jitin Gulati; Indraneil Sengupta; Kajol; Kherin Sharma,Vishal Furia,Jio Studios,1,2.7502733042529495,8,2.359,1.9179,0,Friday,6,6.761,67.0,Rs49.96 Cr,Rs36.27 Cr,Rs6.5 Cr,Rs1.0 Cr,,Maa_2025,Maa (2025 film),1389158.0
Metro... In Dino,2025,Hindi,post_covid,16.75,ok,True,"Drama, Romantic",Drama,UA,U/A 16+,True,159.0,04 Jul 2025,False,Pankaj Tripathi; Aditya Roy Kapur; Saswata Chatterjee; Anupam Kher; Ali Fazal; Neena Gupta; Fatima Sana Shaikh; Sara Ali Khan; Konkona Sen Sharma,Anurag Basu,T-Series,1,2.963494005221014,9,1.3205,1.3507,0,Friday,7,6.4,24.0,Rs69.68 Cr,Rs53.37 Cr,Rs6.0 Cr,Rs1.0 Cr,,Metro_In_Dino_2024,Metro... In Dino,1065426.0
Tu Meri Main Tera Main Tera Tu Meri,2025,Hindi,post_covid,15.75,ok,True,"Drama, Romantic",Drama,UA,U/A 16+,True,145.0,25 Dec 2025,True,Tiku Talsania; Kartik Aaryan; Jackie Shroff; Ananya Pandey; Aruna Irani; Neena Gupta,Sameer Vidwans,Namah Pictures,1,3.6328159519065397,10,1.5251,1.9869,0,Thursday,12,4.5,14.0,Rs49.5 Cr,Rs32.95 Cr,Rs10.15 Cr,Rs90.0 Cr,90.0,Tu_Meri_Main_Tera_Main_Tera_Tu_Meri_2026,Tu Meri Main Tera Main Tera Tu Meri,1407523.0
The Diplomat,2025,Hindi,post_covid,13.300000190734863,ok,True,"Drama, Thriller",Drama,UA,U/A 13+,True,137.0,14 Mar 2025,True,Kumud Mishra; John Abraham; Sharib Hashmi; Sadia Khateeb; Revathi,Shivam Nair,Wakaoo Films,1,3.12096685668655,11,2.0226,2.6016,0,Friday,3,6.543,46.0,Rs51.46 Cr,Rs38.97 Cr,Rs5.5 Cr,Rs1.0 Cr,19.92,The_Diplomat_2024,The Diplomat (2025 film),1147546.0
Dhadak 2,2025,Hindi,post_covid,11.400000095367432,ok,True,"Romantic, Thriller",Romantic,UA,U/A 16+,True,146.0,01 Aug 2025,False,Zakir Hussain; Siddhant Chaturvedi; Saurabh Sachdeva; Vipin Sharma; Tripti Dimri; Deeksha Joshi,Shazia Iqbal,Zee Studio,1,2.2205745472940936,3,1.2124,2.0587,1,Friday,8,6.976,21.0,Rs32.61 Cr,Rs23.42 Cr,Rs4.6 Cr,Rs1.0 Cr,,Dhadak_2_2024,Dhadak 2,1213777.0
Emergency,2025,Hindi,post_covid,10.349999904632568,ok,True,"Biopic, Drama",Biopic,UA,U/A,True,146.0,17 Jan 2025,False,Anupam Kher; Milind Soman; Shreyas Talpade; Satish Kaushik; Mahima Chaudhry; Kangana Ranaut,Kangana Ranaut,Zee Studio,1,3.8666071363089483,11,1.3205,2.7278,0,Friday,1,4.8,8.0,Rs23.81 Cr,Rs18.4 Cr,Rs2.1 Cr,Rs1.0 Cr,,Emergency_2022,Emergency (2025 film),1000438.0
Haq,2025,Hindi,post_covid,8.949999809265137,ok,True,"Drama, Reality",Drama,UA,U/A,True,136.0,07 Nov 2025,False,Danish Husain; Emraan Hashmi; Vartika Singh; Yami Gautam; Sheeba Chaddha,Suparn S Varma,Junglee Pictures,1,2.8628840731029532,5,1.5579,2.337,0,Friday,11,7.5,30.0,Rs29.0 Cr,Rs19.86 Cr,Rs5.4 Cr,Rs1.0 Cr,,Haq_2025,Haq (2025 film),1417941.0
Mastiii 4,2025,Hindi,post_covid,8.5,ok,True,Comedy,Comedy,A,A,True,141.0,21 Nov 2025,False,Vivek Oberoi; Aftab Shivdasani; Tusshar Kapoor; Shaad Randhawa; Riteish Deshmukh; Arshad Warsi; Ruhi Singh; Nargis Fakhri; Elnaaz Norouzi; Genelia Deshmukh,Milap Milan Zaveri,Waveband Productions,1,3.285772618695008,6,1.1659,2.0624,1,Friday,11,5.8,13.0,Rs19.32 Cr,Rs14.97 Cr,Rs1.65 Cr,Rs1.0 Cr,,Masti_4_2025,Mastiii 4,1228827.0
The Bengal Files,2025,Hindi,post_covid,6.75,ok,True,Reality,Reality,A,A,True,204.0,05 Sep 2025,False,Anupam Kher; Sourav Das; Saswata Chatterjee; Eklavya Sood; Mithun Chakraborty; Darshan Kumar; Puneet Issar; Rajesh Khera; Pallavi Joshi; Simrat Kaur,Vivek Ranjan Agnihotri,I Am Buddha,1,2.2111409977457166,13,1.3205,1.6711,0,Friday,9,5.9,10.0,Rs23.44 Cr,Rs17.06 Cr,Rs3.25 Cr,Rs1.0 Cr,,The_Delhi_Files_2022,The Bengal Files,900838.0
Fateh,2025,Hindi,post_covid,6.75,ok,True,"Action, Thriller",Action,A,A,True,127.0,10 Jan 2025,False,Vijay Raaz; Sonu Sood; Naseeruddin Shah; Jacqueline Fernandez,Sonu Sood,Zee Studio,1,3.0063475052988653,6,1.2199,1.5829,0,Friday,1,6.026,19.0,Rs19.06 Cr,Rs13.36 Cr,Rs3.25 Cr,Rs1.0 Cr,24.402,Fateh_2025,Fateh (2025 film),955496.0
Badass Ravikumar,2025,Hindi,post_covid,6.149999976158142,ok,True,"Action, Drama",Action,,,False,142.0,07 Feb 2025,False,Manish Wadhwa; Sanjay Mishra; Johnny Lever; Himesh Reshammiya; Prabhu Deva; Saurabh Sachdeva; Sunny Leone; Kirti Kulhari,Keith Gomes,Himesh Reshammiya Melodies,1,4.911772151153108,7,,,0,Friday,2,,,Rs11.17 Cr,Rs8.55 Cr,Rs1.0 Cr,Rs1.0 Cr,,Badass_Ravikumar_2025,Badass Ravi Kumar,
The Taj Story,2025,Hindi,post_covid,5.75,ok,True,Drama,Drama,UA,U/A 13+,True,165.0,31 Oct 2025,False,Zakir Hussain; Paresh Rawal; Amruta Khanvilkar,Tushar Amrish Goel,Swarnim Global Services Pvt. Ltd.,1,2.5286810936081108,11,0.933,1.5166,0,Friday,10,5.333,9.0,Rs25.33 Cr,Rs20.33 Cr,Rs1.15 Cr,Rs1.0 Cr,,The_Taj_Story_2025,The Taj Story,1531858.0
Ground Zero,2025,Hindi,post_covid,5.200000047683716,ok,True,"Action, Historical, Thriller",Action,UA,UA,True,134.0,25 Apr 2025,False,Emraan Hashmi; Mukesh Tiwari; Sai Tamhankar; Zoya Hussain,Tejas Prabha Vijay Deoskar,Talisman Films,1,4.550397140799354,4,1.5579,1.0913,0,Friday,4,6.727,11.0,Rs8.39 Cr,Rs7.76 Cr,Rs0.0 Cr,Rs1.0 Cr,,Ground_Zero_2025,Ground Zero (2025 film),1221198.0
Loveyapa,2025,Hindi,post_covid,4.549999952316284,ok,True,"Comedy, Drama, Romantic",Comedy,UA,U/A 16+,True,138.0,07 Feb 2025,False,Ashutosh Rana; Junaid Khan; Khushi Kapoor,Advait Chandan,Phantom Films,1,1.891898792219598,3,2.7656,1.3328,0,Friday,2,4.917,12.0,Rs9.56 Cr,Rs7.49 Cr,Rs0.75 Cr,Rs1.0 Cr,,Loveyapa_2025,Loveyapa,1213866.0
Mere Husband Ki Biwi,2025,Hindi,post_covid,4.450000047683716,ok,True,"Comedy, Romantic",Comedy,UA,U/A 13+,True,142.0,21 Feb 2025,False,Arjun Kapoor; Kanwaljit Singh; Shakti Kapoor; Bhumi Pednekar; Rakul Preet Singh,Mudassar Aziz,Pooja Entertainment,1,2.753577600824321,8,1.5911,1.3716,0,Friday,2,5.944,9.0,Rs12.85 Cr,Rs10.35 Cr,Rs0.75 Cr,Rs1.0 Cr,,Mere_Husband_Ki_Biwi_2025,Mere Husband Ki Biwi,1196942.0
Crazxy,2025,Hindi,post_covid,3.75,ok,True,"Drama, Thriller",Drama,UA,U/A 13+,True,93.0,28 Feb 2025,False,Sohum Shah; Tinnu Anand,Girish Kohli,Sohum Shah Films,1,2.455306167732641,1,1.0864,0.836,0,Friday,2,5.563,24.0,Rs14.95 Cr,Rs12.72 Cr,Rs0.0 Cr,Rs1.0 Cr,,Crazxy_2025,Crazxy,1370264.0
Ek Chatur Naar,2025,Hindi,post_covid,2.150000035762787,ok,True,"Comedy, Thriller",Comedy,,,False,131.0,12 Sep 2025,False,Neil Nitin Mukesh; Rajneesh Duggal; Zakir Hussain; Sushant Singh; Chhaya Kadam; Divya Khosla Kumar,Umesh Shukla,Merry Go Round Studios,1,4.526516495057917,4,0.9268,0.995,0,Friday,9,5.455,11.0,Rs3.12 Cr,Rs2.67 Cr,Rs0.0 Cr,Rs1.0 Cr,,Ek_Chatur_Naar_2025,Ek Chatur Naar,1525484.0
Ramayana: The Legend of Prince Rama,2025,Hindi,post_covid,2.0099999606609344,ok,True,"Adventure, Drama",Adventure,U,U,True,135.0,24 Jan 2025,False,,,,0,1.551122416628446,439,0.3364,2.3005,0,Friday,1,8.2,58.0,Rs4.6 Cr,Rs3.43 Cr,Rs0.0 Cr,Rs1.0 Cr,43.4444078,Ramayana_The_Legend_of_Prince_Rama_2025,Ramayana: The Legend of Prince Rama,84092.0
Tanvi: The Great,2025,Hindi,post_covid,1.5999999940395355,ok,True,Drama,Drama,U,U,True,160.0,18 Jul 2025,False,Iain Glen; Arvind Swami; Anupam Kher; Boman Irani; Jackie Shroff; Karan Tacker; Pallavi Joshi; Shubhangi Dutt,Anupam Kher,NFDC,1,2.3157767939966143,12,3.4156,0.975,0,Friday,7,6.2,4.0,Rs2.75 Cr,Rs2.38 Cr,Rs0.0 Cr,Rs1.0 Cr,,Tanvi_The_Great_2025,Tanvi the Great,1282557.0
Heer Express,2025,Hindi,post_covid,1.5799999833106997,ok,True,"Comedy, Drama, Family",Comedy,UA,U/A 13+,True,140.0,12 Sep 2025,False,Gulshan Devaiah; Sanjay Mishra; Ashutosh Rana; Prit Kamani; Meghna Malik; Divita Juneja,Umesh Shukla,Tulip Entertainment,1,2.6390450866331916,10,2.7656,0.5999,0,Friday,9,5.333,3.0,Rs4.8 Cr,Rs4.05 Cr,Rs0.0 Cr,Rs1.0 Cr,,Heer_Express_2025,Heer Express,1525636.0
Homebound,2025,Hindi,post_covid,1.4000000357627869,ok,True,Drama,Drama,UA,U/A 16+,True,122.0,26 Sep 2025,False,Vishal Jethwa; Vijay Vikram Singh; Ishaan Khattar; Chandan K Anand; Harshika Parmar; Janhvi Kapoor; Shalini Vatsa; Reem Shaikh,Neeraj Ghaywan,Dharma Productions,1,2.8631461050706823,3,1.084,3.1546,0,Friday,9,7.739,67.0,Rs5.6 Cr,Rs4.85 Cr,Rs0.0 Cr,Rs1.0 Cr,,Homebound_2025,Homebound (2025 film),1227739.0
Sholay: The Final Cut,2025,Hindi,post_covid,1.4000000357627869,ok,True,"Action, Adventure, Comedy, Drama",Action,U,U,True,204.0,12 Dec 2025,False,Dharmendra; Sanjeev Kumar; Amitabh Bachchan; Hema Malini; Jaya Bachchan,Ramesh Sippy,,1,2.9627789685620898,14,1.3777,6.6668,0,Friday,12,7.061,330.0,Rs2.51 Cr,Rs2.15 Cr,Rs0.0 Cr,Rs1.0 Cr,16.6,Sholay_The_Final_Cut_2025,Sholay,12259.0
Baahubali 2  The Conclusion,2017,Telugu,pre_covid,123.0,ok,True,"Action, Drama, Fantasy",Action,UA,U/A,True,171.0,28 Apr 2017,False,Sathyaraj; Nassar; Prabhas; Rana Daggubati; Anushka Shetty; Ramya Krishnan; Tamanna Bhatia,S. S. Rajamouli,Dharma Productions,1,4.550397140799354,1,12.5964,6.9524,1,Friday,4,7.496,883.0,Rs1788.06 Cr,Rs338.8 Cr,Rs371.16 Cr,Rs250.0 Cr,250.0,Baahubali_2_The_Conclusion,Baahubali 2: The Conclusion,350312.0
RRR,2022,Telugu,post_covid,216.22999954223633,ok,True,"Action, Period",Action,UA,U/A,True,182.0,25 Mar 2022,False,Ajay Devgn; NTR Jr.; Ram Charan; Alia Bhatt; Olivia Morris,S. S. Rajamouli,DVV Entertainments,1,3.822098297900159,8,2.6143,10.1374,0,Friday,3,7.714,1693.0,Rs1230.0 Cr,Rs431.01 Cr,Rs314.15 Cr,Rs550.0 Cr,550.0,RRR_2020,RRR,579974.0
Bheemla Nayak,2022,Telugu,post_covid,77.22000122070312,ok,True,"Action, Thriller",Action,UA,UA,True,145.0,25 Feb 2022,False,Rana Daggubati; Pawan Kalyan; Nithya Menen; Samyuktha Menon,Saagar K Chandra,Sithara Entertainments,1,4.307437751994612,1,12.5964,1.5805,0,Friday,2,5.8,22.0,Rs158.5 Cr,Rs112.62 Cr,Rs28.0 Cr,Rs80.0 Cr,80.0,PSPK_Rana_Movie_2022,Bheemla Nayak,811942.0
Sarkaru Vaari Paata,2022,Telugu,post_covid,56.900001525878906,ok,True,"Action, Drama",Action,UA,UA,True,161.0,12 May 2022,False,Vennela Kishore; Mahesh Manjrekar; Samuthirakani; Krishna Murali Posani; Mahesh Babu; Subbaraju; Keerthi Suresh; Zareena Moidu,Parasuram,Mythri Movie Makers,1,3.5244100382137806,13,1.6677,1.5475,0,Thursday,5,5.1,28.0,Rs188.5 Cr,Rs137.95 Cr,Rs26.5 Cr,Rs100.0 Cr,100.0,Sarkaru_Vari_Pata_2021,Sarkaru Vaari Paata,784696.0
Acharya,2022,Telugu,post_covid,52.3999981880188,ok,True,"Action, Historical",Action,UA,UA,True,154.0,29 Apr 2022,False,Ram Charan; Chiranjeevi Konidala; Sonu Sood; Kajal Aggarwal; Pooja Hegde,Koratala Siva,Matinee Entertainments,1,4.601527497930861,3,2.5059,1.0841,0,Friday,4,3.88,25.0,Rs73.5 Cr,Rs56.14 Cr,Rs11.25 Cr,Rs140.0 Cr,140.0,Acharya_2020,Acharya (2022 film),679919.0
F3: Fun and Frustration,2022,Telugu,post_covid,42.75000095367432,ok,True,Comedy,Comedy,U,U,True,148.0,27 May 2022,False,Venkatesh; Varun Tej; Tamanna Bhatia; Mehreen Pirzada; Sonal Chauhan,Anil Ravipudi,Sri Venkateswara Creations,1,1.941615211774002,1,4.9487,1.1875,0,Friday,5,4.175,20.0,Rs90.0 Cr,Rs67.34 Cr,Rs14.9 Cr,Rs70.0 Cr,70.0,F3_2021,F3 (film),802065.0
Bangarraju,2022,Telugu,post_covid,32.19999980926514,ok,True,"Comedy, Drama, Horror, Thriller",Comedy,U,U,True,160.0,14 Jan 2022,True,Vennela Kishore; Nagarjuna Akkineni; Brahmaji; Naga Chaitanya; Rao Ramesh; Ramya Krishnan; Krithi Shetty,Kalyan Krishna Kurasala,Zee Studio,1,2.8537405667451123,11,1.6045,1.6439,0,Friday,1,6.1,16.0,Rs61.8 Cr,Rs49.61 Cr,Rs3.5 Cr,Rs1.0 Cr,,Bangaraju_2022,Bangarraju,865497.0
Godfather,2022,Telugu,post_covid,24.13000011444092,ok,True,"Action, Thriller",Action,,,False,157.0,05 Oct 2022,False,Satyadev Kancharana; Puri Jagannadh; Chiranjeevi Konidala; Salman Khan; Samuthirakani; Nayanthara,Mohan Raja,Super Good Films,1,3.9778107120339166,1,4.8816,58.4855,0,Wednesday,10,8.7,23552.0,Rs107.0 Cr,Rs65.57 Cr,Rs20.0 Cr,Rs100.0 Cr,100.0,Chiru_153_2022,Godfather (2022 film),238.0
Ante Sundaraniki,2022,Telugu,post_covid,17.009999752044678,ok,True,Comedy,Comedy,U,U,True,176.0,10 Jun 2022,False,Nani; Naresh; Rahul Ramakrishna; Nazriya Nazim; Zareena Moidu; Rohini,Vivek Athreya,Mythri Movie Makers,1,3.4660531703512145,2,4.0686,2.1418,0,Friday,6,7.104,48.0,Rs36.5 Cr,Rs21.33 Cr,Rs11.0 Cr,Rs1.0 Cr,,Ante_Sundaraniki_2021,Ante Sundaraniki,834654.0
Hit: The 2nd Case,2022,Telugu,post_covid,16.84999990463257,ok,True,"Mystery, Thriller",Mystery,A,A,True,,02 Dec 2022,False,Adivi Sesh; Tanikella Bharani; Rao Ramesh; Meenakshii Chaudhary; Komalee Prasad,Dr Sailesh Kolanu,Wall Poster Cinema,1,2.6836357781079707,5,2.1457,1.1645,0,Friday,12,6.84,50.0,Rs41.85 Cr,Rs25.92 Cr,Rs11.5 Cr,Rs15.0 Cr,15.0,HIT_The_Second_Case,Nani filmography,811945.0
Karthikeya 2,2022,Telugu,post_covid,13.829999923706056,ok,True,"Mystery, Thriller",Mystery,UA,U/A 7+,True,145.0,13 Aug 2022,False,Anupam Kher; Nikhil Siddharth; Adithya Menon; Anupama Parameswaran,Chandoo Mondeti,People Media Factory,1,3.004624788928847,3,1.1595,1.4487,1,Saturday,8,6.317,30.0,Rs117.87 Cr,Rs55.4 Cr,Rs15.5 Cr,Rs15.0 Cr,15.0,Karthikeya_2_2021,Karthikeya 2,894762.0
Khiladi,2022,Telugu,post_covid,12.519999980926514,ok,True,"Action, Drama",Action,UA,UA,True,154.0,11 Feb 2022,False,Arjun Sarja; Sachin Khedekar; Ravi Teja; Unni Mukundan; Rao Ramesh; Mukesh Rishi; Murali Sharma; Dimple Hayathi; Meenakshi Chaudhary,Ramesh Varma,Pen India Limited,1,2.6002144232672366,2,1.9377,1.1455,0,Friday,2,5.3,13.0,Rs23.5 Cr,Rs19.93 Cr,Rs1.8 Cr,Rs40.0 Cr,40.0,Khiladi_2020,Khiladi (2022 film),794417.0
The Warriorr,2022,Telugu,post_covid,10.799999952316284,ok,True,"Action, Thriller",Action,UA,UA,True,155.0,14 Jul 2022,False,Aadhi Pinisetty; Ram Pothineni; Krithi Shetty; Akshara Gowda,N. Lingusamy,Srinivasaa Silver Screen,1,3.3447006193237074,2,1.4972,1.2263,0,Thursday,7,4.933,15.0,Rs31.5 Cr,Rs24.07 Cr,Rs1.5 Cr,Rs1.0 Cr,,The_Warriorr_2022,The Warriorr,927909.0
DJ Tillu,2022,Telugu,post_covid,10.50000023841858,ok,True,"Comedy, Romantic",Comedy,UA,U/A,True,124.0,12 Feb 2022,False,Brahmaji; Siddhu Jonnalagadda; Prince Cecil; Neha Shetty,Vimal Krishna,Sithara Entertainments,1,2.63020388975423,2,0.9702,1.1302,0,Saturday,2,6.233,15.0,Rs30.5 Cr,Rs23.31 Cr,Rs3.2 Cr,Rs1.0 Cr,,DJ_Tillu,DJ Tillu,937036.0
Pakka Commercial,2022,Telugu,post_covid,8.199999809265137,ok,True,"Action, Thriller",Action,UA,UA,True,152.0,01 Jul 2022,False,Sathyaraj; Tottempudi Gopichand; Raashi Khanna,Maruthi Dasari,UV Creations,1,3.3591600347750536,5,2.1457,0.7914,0,Friday,7,4.045,11.0,Rs8.1 Cr,Rs11.5 Cr,Rs1.0 Cr,Rs1.0 Cr,31.3048029,Pakka_Commercial_2021,Pakka Commercial,891473.0
Aadavallu Meeku Johaarlu,2022,Telugu,post_covid,6.690000057220459,ok,True,"Drama, Romantic",Drama,U,U,True,141.0,04 Mar 2022,False,Sharwanand; Vennela Kishore; Raadhika Sarathkumar; Rashmika Mandanna; Urvashi; Khushbu Sundar,Tirumala Kishore,Sri Lakshmi Venkateswara Cinemas,1,2.9078080086978044,12,2.0837,1.8425,0,Friday,3,3.9,15.0,Rs6.2 Cr,Rs9.57 Cr,Rs1.0 Cr,Rs1.0 Cr,,Aadaalloo_Meeku_Johaarlu_2021,Aadavallu Meeku Johaarlu (2022 film),888299.0
Liger,2022,Telugu,post_covid,6.140000104904175,ok,True,Action,Action,UA,UA,True,138.0,25 Aug 2022,False,Vijay Deverakonda; Ronit Roy; Mike Tyson; Ramya Krishnan; Ananya Pandey,Puri Jagannadh,Dharma Productions,1,3.858780527327356,3,1.5251,1.9528,0,Thursday,8,4.2,36.0,Rs56.18 Cr,Rs21.0 Cr,Rs7.6 Cr,Rs125.0 Cr,125.0,Liger_2021,Liger (film),787163.0
Thank You,2022,Telugu,post_covid,6.090000033378601,ok,True,"Comedy, Drama, Romantic",Comedy,UA,UA,True,129.0,22 Jul 2022,False,Naga Chaitanya; Malavika Nair; Avika Gor; Raashi Khanna,Vikram Kumar,Sri Venkateswara Creations,1,3.1390449093637187,2,1.464,0.7786,0,Friday,7,5.6,11.0,Rs3.5 Cr,Rs9.43 Cr,Rs0.8 Cr,Rs1.0 Cr,,Thank_You_(Telugu)_2021,Thank You (2022 film),902552.0
Ghani,2022,Telugu,post_covid,5.96999990940094,ok,True,Action,Action,,,False,152.0,08 Apr 2022,False,Varun Tej; Upendra; Naveen Chandra; Jagapathi Babu; Tanikella Bharani; Sunil Shetty; Naresh; Saiee Manjrekar; Zareena Moidu,Kiran Korrapati,,1,0.7839015427397401,1,1.3504,0.81,0,Friday,4,5.6,8.0,Rs9.15 Cr,Rs7.16 Cr,Rs0.7 Cr,Rs1.0 Cr,,Ghani_2021,Ghani (2022 film),790993.0
Ramarao On Duty,2022,Telugu,post_covid,5.699999988079071,ok,True,"Action, Thriller",Action,UA,UA,True,146.0,29 Jul 2022,False,Nassar; Ravi Teja; Naresh; Venu Thottempudi; Rahul Ramakrishna; Divyansha Kaushik; Rajisha Vijayan,Sarath Mandava,Sri Lakshmi Venkateswara Cinemas,1,3.2743444953742156,3,1.9377,1.2125,0,Friday,7,5.5,4.0,Rs8.6 Cr,Rs6.47 Cr,Rs1.0 Cr,Rs1.0 Cr,,RT68_2021,Ramarao on Duty,850161.0
Oke Oka Jeevitham,2022,Telugu,post_covid,5.139999985694885,ok,True,"Drama, Musical, Sci-Fi",Drama,U,U,True,157.0,09 Sep 2022,False,Sharwanand; Nassar; Vennela Kishore; Amala Akkineni; Ritu Varma,Shree Karthick,Dream Warrior Pictures,1,2.908847876317022,16,1.0713,0.9916,0,Friday,9,7.333,12.0,Rs21.8 Cr,Rs11.26 Cr,Rs7.0 Cr,Rs15.0 Cr,15.0,Oke_Oka_Jeevitham_2021,Oke Oka Jeevitham,888319.0
Gaalodu,2022,Telugu,post_covid,3.3399999737739563,ok,True,"Action, Drama, Romantic",Action,UA,UA,True,125.0,18 Nov 2022,False,Sudigali Sudheer; Prudhvi Raj; Shakalaka Shankar; Saptagiri; Gehna Sippy; Satya Krishna,P Rajasekhar Reddy,Samskruthi Films,1,1.0647107390477608,1,0.6465,0.9647,0,Friday,11,0.0,0.0,Rs9.2 Cr,Rs7.7 Cr,Rs0.2 Cr,Rs3.0 Cr,3.0,Gaalodu_2022,Gaalodu,1046083.0
Happy Birthday,2022,Telugu,post_covid,2.200000077486038,ok,True,"Action, Comedy",Action,,,False,,08 Jul 2022,False,Satya Akkala; Rahul Ramakrishna; Naresh Agastya; Vennela Kishore; Lavanya Tripathi,Ritesh Rana,Mythri Movie Makers,1,2.527099170104814,3,1.4238,1.2949,0,Friday,7,0.0,0.0,₹0.00 Cr,Rs3.03 Cr,₹0.00 Cr,Rs1.0 Cr,,Happy_Birthday_2022,Happy Birthday (2022 Indian film),1010403.0
Chor Bazaar,2022,Telugu,post_covid,1.6199999451637268,ok,True,"Action, Drama, Romantic",Action,UA,UA,True,,24 Jun 2022,False,Akash Puri; Sunil Varma; Subbaraju; Bhanu Prakash,B. Jeevan Reddy,IV Productions,1,1.6956155955511942,1,0.8647,1.3558,0,Friday,6,0.0,0.0,₹0.00 Cr,Rs2.58 Cr,₹0.00 Cr,Rs1.0 Cr,,Chor_Bazaar,Chor Bazaar (film),895245.0
Gurtundha Seetakalam,2022,Telugu,post_covid,1.409999996423721,ok,True,"Comedy, Romantic",Comedy,UA,UA,True,,09 Dec 2022,False,,,,0,2.4308574657456936,235,4.9487,1.9589,0,Friday,12,5.3,7.0,₹0.00 Cr,Rs2.71 Cr,₹0.00 Cr,Rs1.0 Cr,,Gurtundha_Seetakalam_2022,,804916.0
Godse,2022,Telugu,post_covid,1.2100000083446505,ok,True,"Action, Thriller",Action,UA,UA,True,,17 Jun 2022,False,Satya Dev; Nagendra Babu; Brahmaji; Tanikella Bharani; Aishwarya Lekshmi,Gopi Ganesh Pattabhi,CK Screens,1,2.5675849452032384,3,1.5169,0.7279,0,Friday,6,4.6,10.0,₹0.00 Cr,Rs1.51 Cr,₹0.00 Cr,Rs1.0 Cr,,Godse_2021,Godse (film),804277.0
"Like, Share and Subscribe",2022,Telugu,post_covid,0.8900000005960464,ok,True,"Adventure, Comedy",Adventure,,,False,134.0,04 Nov 2022,False,Santosh Shoban; Mime Gopi; Brahmaji; Sudharshan; Faria Abdullah; Dayanand Reddy,Merlapaka Gandhi,Niharika Entertainment,1,2.333086587118533,5,,,0,Friday,11,,,₹0.00 Cr,Rs1.49 Cr,₹0.00 Cr,Rs1.0 Cr,,"Like,_Share_and_Subscribe_2022","Like, Share & Subscribe",
Good Luck Sakhi,2022,Telugu,post_covid,0.8699999898672104,ok,True,"Comedy, Romantic, Sports",Comedy,UA,UA,True,118.0,28 Jan 2022,False,Aadhi Pinisetty; Jagapathi Babu; Keerthi Suresh,Nagesh Kukunoor,,1,3.249384052717975,5,1.0767,1.0054,0,Friday,1,4.4,9.0,Rs1.02 Cr,Rs1.48 Cr,Rs0.0 Cr,Rs1.0 Cr,,Good_Luck_Sakhi_2021,Good Luck Sakhi,802166.0
Salaar: Cease Fire - Part 1,2023,Telugu,post_covid,136.0,ok,True,"Action, Thriller",Action,A,A,True,175.0,22 Dec 2023,False,Prabhas; Jagapathi Babu; Madhu Guruswamy; Prithviraj Sukumaran; Shruthi Haasan,Prashanth Neel,Hombale Films,1,4.666836996666843,7,,,1,Friday,12,,,Rs617.75 Cr,Rs218.3 Cr,Rs130.0 Cr,Rs200.0 Cr,200.0,Salaar_2022,Salaar: Part 1 – Ceasefire,
Waltair Veerayya,2023,Telugu,post_covid,69.29999923706055,ok,True,"Action, Thriller",Action,UA,UA,True,160.0,13 Jan 2023,True,Ravi Teja; Bobby Simha; Chiranjeevi Konidala; Shruthi Haasan; Catherine Tresa,Bobby,Mythri Movie Makers,1,3.600936534071687,5,1.9377,1.432,0,Friday,1,5.333,33.0,Rs219.0 Cr,Rs159.68 Cr,Rs29.0 Cr,Rs140.0 Cr,140.0,Mega_154_2023,Waltair Veerayya,989017.0
Bro,2023,Telugu,post_covid,63.99999809265137,ok,True,"Drama, Fantasy",Drama,U,U,True,133.0,28 Jul 2023,False,Pawan Kalyan; Sai Dharam Tej; Vennela Kishore; Priya Prakash Varrier; Ketika Sharma,Samuthirakani,Zee Studio,1,4.333481568464001,23,1.2938,1.3122,0,Friday,7,6.294,17.0,Rs114.0 Cr,Rs82.68 Cr,Rs16.8 Cr,Rs1.0 Cr,,PKSDT_2023,Bro (2023 film),1090486.0
Kushi,2023,Telugu,post_covid,33.39999961853027,ok,True,"Comedy, Romantic",Comedy,UA,U/A 16+,True,165.0,01 Sep 2023,False,Vennela Kishore; Vijay Deverakonda; Rahul Ramakrishna; Sachin Khedekar; Saranya Ponvannan; Samantha Ruth Prabhu,Shiva Nirvana,Mythri Movie Makers,1,2.542391476204455,24,1.3437,1.7341,0,Friday,9,5.0,25.0,Rs76.0 Cr,Rs43.88 Cr,Rs19.0 Cr,Rs1.0 Cr,52.29,Kushi_2022,Kushi (2023 film),965489.0
Dasara,2023,Telugu,post_covid,31.90999984741211,ok,True,Action,Action,UA,UA,True,159.0,30 Mar 2023,False,Dheekshith Shetty; Nani; Samuthirakani; Shine Tom Chacko; Keerthi Suresh,Srikanth Odela,Sri Lakshmi Venkateswara Cinemas,1,2.947384632384575,6,2.3949,1.8338,0,Thursday,3,6.484,31.0,Rs118.5 Cr,Rs75.81 Cr,Rs22.0 Cr,Rs65.0 Cr,65.0,Dasara_2022,Dasara (film),885184.0
Veera Simha Reddy,2023,Telugu,post_covid,30.800000190734863,ok,True,"Action, Thriller",Action,UA,UA,True,172.0,12 Jan 2023,False,Balakrishna Nandamuri; Duniya Vijay; Lal; Shruthi Haasan; Honey Rose; Varalaxmi Sarathkumar,Gopichand Malineni,Mythri Movie Makers,1,3.5395089919230966,2,1.2276,1.1949,0,Thursday,1,4.5,24.0,Rs130.0 Cr,Rs97.64 Cr,Rs15.0 Cr,Rs100.0 Cr,100.0,NBK107_2022,Veera Simha Reddy,896669.0
Bholaa Shankar,2023,Telugu,post_covid,26.40000009536743,ok,True,"Action, Drama",Action,UA,UA,True,160.0,11 Aug 2023,False,Chiranjeevi Konidala; Tamanna Bhatia; Keerthy Suresh,Meher Ramesh,Creative Commercials,1,3.8182149520357895,3,4.9487,1.1261,0,Friday,8,3.5,6.0,Rs42.25 Cr,Rs30.63 Cr,Rs6.25 Cr,Rs1.0 Cr,,Bholaa_Shankar_2022,Bhola Shankar,864221.0
Bhagavanth Kesari,2023,Telugu,post_covid,23.40000057220459,ok,True,"Action, Drama, Thriller",Action,UA,UA,True,163.0,19 Oct 2023,False,Balakrishna Nandamuri; Arjun Rampal; Kajal Aggarwal; Sreeleela,Anil Ravipudi,Shine Screens,1,3.49948764385359,3,1.8257,1.099,0,Thursday,10,5.0,15.0,Rs114.5 Cr,Rs84.78 Cr,Rs14.8 Cr,Rs1.0 Cr,,NBK_108_2023,Bhagavanth Kesari,979669.0
Hi Nanna,2023,Telugu,post_covid,19.12000012397766,ok,True,Drama,Drama,U,U,True,155.0,07 Dec 2023,False,Jayaram; Nani; Angad Bedi; Mrunal Thakur; Kiara Khanna,Shouryuv,Vyra Entertainments,1,3.0839826138681135,4,2.7025,2.8441,0,Thursday,12,7.966,74.0,Rs76.35 Cr,Rs47.2 Cr,Rs18.5 Cr,Rs1.0 Cr,64.8977,Nani_30_2023,Hi Nanna,1068452.0
Skanda,2023,Telugu,post_covid,17.079999923706055,ok,True,"Action, Drama, Thriller",Action,UA,UA,True,167.0,28 Sep 2023,False,Ram Pothineni; Shree Leela,Boyapati Srinu,Zee Studio,1,2.75854707879256,3,1.5674,1.4382,0,Thursday,9,3.0,9.0,Rs53.0 Cr,Rs41.09 Cr,Rs4.25 Cr,Rs1.0 Cr,,Skanda_2023,Skanda (film),1031973.0
Baby (2023),2023,Telugu,post_covid,14.850000381469728,ok,True,"Drama, Romantic",Drama,,,False,175.0,14 Jul 2023,False,Anand Deverakonda; Nagendra Babu; Seetha; Mounika Reddy; Vaishnavi Chaitanya,Sai Rajesh Neelam,Mass Movie Makers,1,0.7929925193055214,1,,,0,Friday,7,,,Rs81.05 Cr,Rs64.12 Cr,Rs6.0 Cr,Rs1.0 Cr,,Baby_2023,Baby (2023 film),
Tiger Nageswara Rao,2023,Telugu,post_covid,14.700000047683716,ok,True,Biopic,Biopic,UA,UA,True,182.0,20 Oct 2023,False,Ravi Teja; Mandava Sai Kumar; Anupam Kher; Nupur Sanon; Gayatri Bhardwaj,Vamsi Krishna Naidu,Abhishek Agarwal Arts,1,2.811772789810876,9,1.9377,1.4369,0,Friday,10,5.2,17.0,Rs49.0 Cr,Rs35.72 Cr,Rs4.5 Cr,Rs1.0 Cr,,Tiger_Nageswara_Rao_2022,Tiger Nageswara Rao,893653.0
Ravanasura,2023,Telugu,post_covid,12.900000095367432,ok,True,"Action, Crime, Thriller",Action,A,A,True,140.0,07 Apr 2023,False,Ravi Teja; Sushanth; Anu Emmanuel; Megha Akash; Fariah Abdullah,Sudheer Varma,RT Teamworks,1,4.163559634209902,6,1.9377,1.3909,0,Friday,4,4.9,18.0,Rs23.1 Cr,Rs17.12 Cr,Rs3.0 Cr,Rs35.0 Cr,35.0,Ravanasura_2022,Ravanasura,892269.0
Agent,2023,Telugu,post_covid,8.300000071525574,ok,True,"Action, Thriller",Action,,,False,156.0,28 Apr 2023,False,Dino Morea; Vikramjeet Virk; Akhil Akkineni; Mammootty; Sakshi Vaidya,Surender Reddy,Surender 2 Cinema,1,3.0726933323507546,1,3.5787,6.0833,0,Friday,4,6.267,281.0,Rs13.4 Cr,Rs9.85 Cr,Rs1.65 Cr,Rs40.0 Cr,40.0,Agent_2021,Agent (film),846956.0
Devil: The British Secret Agent,2023,Telugu,post_covid,8.25,ok,True,"Historical, Mystery",Historical,,,False,144.0,29 Dec 2023,False,Kalyan Ram; Edward Sonnenblick; Elnaaz Norouzi; Samyuktha Menon,Abhishek Nama,Abhishek Pictures,1,1.8999867508097616,2,0.8529,0.9095,0,Friday,12,7.0,5.0,Rs22.8 Cr,Rs17.65 Cr,Rs2.0 Cr,Rs1.0 Cr,,Devil_2022,Devil: The British Secret Agent,894200.0
Maa Oori Polimera 2,2023,Telugu,post_covid,7.999999761581421,ok,True,"Crime, Thriller",Crime,A,A,True,98.0,03 Nov 2023,False,Baladitya; Rakendu Mouli; Satyam Rajesh; Ravi Varma; Kamakshi Bhaskarla; Sahithi Dasari,Anil Viswanath,Shree Krishna Creations,1,,0,0.7131,0.759,1,Friday,11,5.9,5.0,Rs21.8 Cr,Rs16.5 Cr,Rs2.5 Cr,Rs1.0 Cr,3.984,Maa_Oori_Polimera_2_2023,Maa Oori Polimera,1180236.0
Spy,2023,Telugu,post_covid,6.490000128746033,ok,True,"Action, Spy, Thriller",Action,UA,UA,True,135.0,29 Jun 2023,False,Makrand Deshpande; Nikhil Siddharth; Jisshu Sengupta; Abhinav Gomatam; Rana Daggubati; Sanya Thakur; Iswarya Menon,Garry Bh,ED Entertainments,1,2.9523027330567335,2,3.0104,6.3892,0,Thursday,6,7.212,678.0,Rs21.0 Cr,Rs14.3 Cr,Rs3.5 Cr,Rs1.0 Cr,41.5,Spy_2023,Spy (2023 film),1062807.0
Das Ka Dhamki,2023,Telugu,post_covid,6.25,ok,True,Drama,Drama,UA,UA,True,151.0,22 Mar 2023,False,Rao Ramesh; Vishwak Sen; Tharun Bhascker; Nivetha Pethuraj,Vishwak Sen,Vishwaksen Cinemas,1,2.5481499447174363,7,2.1457,0.8065,0,Wednesday,3,4.944,9.0,Rs22.8 Cr,Rs17.72 Cr,Rs2.7 Cr,Rs10.0 Cr,10.0,Das_Ka_Dhamki_2023,Das Ka Dhamki,1043665.0
Custody,2023,Telugu,post_covid,5.800000071525574,ok,True,"Action, Thriller",Action,UA,U/A,True,148.0,12 May 2023,False,R. Sarathkumar; Arvind Swamy; Vennela Kishore; Naga Chaitanya; Sampath Raj; Krithi Shetty; Priyamani,Venkat Prabhu,Srinivasaa Silver Screen,1,2.5306044932437213,21,1.7093,0.9823,0,Friday,5,5.208,12.0,Rs13.2 Cr,Rs8.49 Cr,Rs2.4 Cr,Rs1.0 Cr,,Custody_2023,Custody (2023 film),965203.0
Extra Ordinary Man,2023,Telugu,post_covid,5.5,ok,True,"Action, Drama, Thriller",Action,,,False,157.0,08 Dec 2023,False,Sudev Nair; Nithiin; Rao Ramesh; Dr. Rajasekhar; Sreeleela; Pavitra Lokesh,Vakkantham Vamsi,Shresht Movies,1,2.644158721034243,8,,,0,Friday,12,,,Rs12.5 Cr,Rs9.7 Cr,Rs1.0 Cr,Rs1.0 Cr,,Extra_2023,Extra Ordinary Man,
Keedaa Cola,2023,Telugu,post_covid,5.049999952316284,ok,True,"Comedy, Crime",Comedy,UA,U/A 13+,True,,03 Nov 2023,False,Chaitanya Rao; Vishnu Oi; Brahmanandam; Rag Mayur; Raghu Ram; Ravindra Vijay,Tharun Bhascker,VG Sainma,1,,0,2.0522,1.1489,0,Friday,11,6.8,7.0,Rs15.75 Cr,Rs8.31 Cr,Rs6.0 Cr,Rs1.0 Cr,,Keedaa_Cola_2023,Keedaa Cola,994333.0
Ramabanam,2023,Telugu,post_covid,4.9999998807907104,ok,True,"Action, Thriller",Action,UA,UA,True,139.0,05 May 2023,False,Nassar; Jagapathi Babu; Tottempudi Gopichand; Sachin Khedekar; Kushboo; Dimple Hayathi,Sriwass,People Media Factory,1,2.243080706631531,8,1.5321,0.9051,0,Friday,5,3.7,7.0,Rs8.3 Cr,Rs6.82 Cr,Rs0.3 Cr,Rs1.0 Cr,,Ramabanam_2023,Ramabanam,1074641.0
Samajavaragamana,2023,Telugu,post_covid,4.949999928474426,ok,True,"Comedy, Drama",Comedy,U,U,True,140.0,29 Jun 2023,False,Rajiv Kanakala; Vennela Kishore; Gemini Suresh; Sree Vishnu; Naresh Vijay Krishna; Reba Monica John,Ram Abbaraju,Hasya Movies,1,3.2865344733420154,22,1.0298,1.16,0,Thursday,6,6.55,10.0,Rs32.0 Cr,Rs19.32 Cr,Rs9.35 Cr,Rs1.0 Cr,,Samajavaragamana_2023,Samajavaragamana (film),1031218.0
Shaakuntalam,2023,Telugu,post_covid,4.549999952316284,ok,True,Mythology,Mythology,UA,UA,True,142.0,14 Apr 2023,False,Sachin Khedekar; Prakash Raj; Jayadev Mohan; Mohan Babu; Jisshu Sengupta; Aditi Balan; Allu Arha; Madhoo; Samantha Ruth Prabhu,Gunasekhar,Sri Venkateswara Creations,1,2.9749318031802106,14,1.0867,0.9949,0,Friday,4,4.2,6.0,Rs11.0 Cr,Rs5.7 Cr,Rs2.4 Cr,Rs60.0 Cr,60.0,Shaakuntalam_2021,Shaakuntalam,913046.0
Bedurulanka 2012,2023,Telugu,post_covid,4.350000023841858,ok,True,"Comedy, Drama",Comedy,,,False,149.0,25 Aug 2023,False,Kartikeya Gummakonda; Ajay Ghosh; Neha Shetty; Satya Akkala,Clax,Loukya Entertainments,1,2.7172156595210857,2,0.8858,0.9889,0,Friday,8,6.6,5.0,Rs16.0 Cr,Rs11.97 Cr,Rs2.0 Cr,Rs1.0 Cr,,Bedurulanka_2012_2023,Bedurulanka 2012,1055200.0
Kotabommali PS,2023,Telugu,post_covid,3.399999976158142,ok,True,"Crime, Political, Thriller",Crime,,,False,138.0,24 Nov 2023,False,,,,0,2.3084566796579677,253,1.3437,0.7265,0,Friday,11,7.0,3.0,Rs8.0 Cr,Rs5.9 Cr,Rs1.0 Cr,Rs1.0 Cr,,Kotabommali_PS_2023,Kota Bommali PS,1205282.0
Simhadri 4K,2023,Telugu,post_covid,3.1200000941753387,ok,True,"Action, Drama",Action,,,False,175.0,20 May 2023,False,Mukesh Rishi; NTR Jr.; Nassar; Bhumika Chawla; Ankitha Jhaveri,S. S. Rajamouli,VMC Productions,1,5.380956697961563,9,,,0,Saturday,5,,,Rs5.2 Cr,Rs3.59 Cr,Rs1.0 Cr,Rs1.0 Cr,,Simhadri_2003,Simhadri (2003 film),
Okkadu (Rerelease),2023,Telugu,post_covid,2.449999988079071,ok,True,"Action, Romantic",Action,,,False,,07 Jan 2023,False,Prakash Raj; Mahesh Babu; Bhumika Chawla,Gunasekhar,Sumanth Art Productions,1,3.9533601688976345,12,,,0,Saturday,1,,,Rs3.5 Cr,Rs3.0 Cr,Rs0.0 Cr,Rs1.0 Cr,,Okkadu_2023,,
Peddha Kapu: Part 1,2023,Telugu,post_covid,0.5999999940395355,ok,True,"Action, Drama, Political",Action,,,False,147.0,29 Sep 2023,False,Virat Karrna; Pragathi Shrivatsav,Srikanth Addala,Dwaraka Creations,0,,0,,,1,Friday,9,,,Rs1.5 Cr,Rs1.29 Cr,Rs0.0 Cr,Rs1.0 Cr,,Peddha_Kapu_Part_1_2023,Peddha Kapu 1,
Devara - Part 1,2024,Telugu,post_covid,128.5,ok,True,"Action, Drama, Thriller",Action,UA,U/A,True,178.0,27 Sep 2024,False,Murali Sharma; NTR Jr.; Saif Ali Khan; Prakash Raj; Shine Tom Chacko; Janhvi Kapoor,Koratala Siva,Yuvasudha Arts,1,3.3984049420905444,16,3.0886,5.2533,1,Friday,9,6.847,225.0,Rs428.0 Cr,Rs220.99 Cr,Rs77.0 Cr,Rs1.0 Cr,263.6412,NTR_30_2022,Devara: Part 1,811941.0
Pushpa: The Rule - Part 2,2024,Telugu,post_covid,106.75000190734865,ok,True,"Action, Thriller",Action,UA,U/A,True,200.0,05 Dec 2024,False,Sunil Varma; Ajay Ghosh; Fahadh Faasil; Allu Arjun; Jagadeesh Prathap Bandari; Rao Ramesh; Rashmika Mandanna; Anasuya Bharadwaj,Sukumar,Sukumar Writings,1,2.2902193600617498,11,2.1457,3.8528,1,Thursday,12,6.2,164.0,Rs1742.1 Cr,Rs341.48 Cr,Rs271.0 Cr,Rs400.0 Cr,400.0,Pushpa_The_Rule_2021,Pushpa 2: The Rule,857598.0
Kalki 2898 AD,2024,Telugu,post_covid,101.6999969482422,ok,True,"Action, Sci-Fi, Thriller",Action,UA,U/A,True,181.0,27 Jun 2024,False,Amitabh Bachchan; Kamal Haasan; Prabhas; Deepika Padukone; Disha Patani,Nag Ashwin,Vyjayanthi Movies,1,4.717465782499099,12,1.9821,4.0722,0,Thursday,6,6.447,198.0,Rs1042.25 Cr,Rs286.78 Cr,Rs275.0 Cr,Rs600.0 Cr,600.0,Project_K_2024,Kalki 2898 AD,801688.0
Guntur Kaaram,2024,Telugu,post_covid,69.14999961853027,ok,True,Action,Action,UA,UA,True,159.0,12 Jan 2024,False,Mahesh Babu; Jayaram; Jagapathi Babu; Sreeleela; Ramya Krishnan; Meenakshii Chaudhary,Trivikram Srinivas,Haarika & Hassine Creations,1,3.048364855127732,9,1.8959,1.1789,0,Friday,1,5.286,35.0,Rs181.38 Cr,Rs127.41 Cr,Rs31.0 Cr,Rs1.0 Cr,199.7478,SSMB28_2022,Guntur Kaaram,868660.0
Tillu Square,2024,Telugu,post_covid,33.89999961853027,ok,True,"Comedy, Romantic",Comedy,,,False,123.0,29 Mar 2024,False,Siddhu Jonnalagadda; Murali Sharma; Anupama Parameswaran,Malik Ram,Sithara Entertainments,1,2.4423470561012546,15,1.3437,0.7552,0,Friday,3,6.441,17.0,Rs126.75 Cr,Rs83.39 Cr,Rs30.0 Cr,Rs1.0 Cr,,Tillu_Square_2023,Tillu Square,1039482.0
Hanuman,2024,Telugu,post_covid,24.05999994277954,ok,True,Superhero,Superhero,UA,UA,True,159.0,12 Jan 2024,False,Vinay Rai; Raj Deepak Shetty; Teja Sajja; Amritha Aiyer; Varalaxmi Sarathkumar,Prasanth Varma,Primeshow Entertainment,1,1.7602654193666347,5,1.1656,1.9795,0,Friday,1,6.477,43.0,Rs295.29 Cr,Rs145.54 Cr,Rs57.0 Cr,Rs1.0 Cr,39.9181528,Hanu-Man_2022,Hanuman Junction (film),869760.0
Saripodhaa Sanivaaram,2024,Telugu,post_covid,22.589999675750732,ok,True,"Action, Drama",Action,UA,UA,True,175.0,29 Aug 2024,False,P. Sai Kumar; S. J. Suryah; Nani; Priyanka Arulmohan; Abhirami,Vivek Athreya,DVV Entertainments,1,3.0675289613731804,7,2.3949,1.6538,0,Thursday,8,6.721,43.0,Rs98.2 Cr,Rs59.58 Cr,Rs25.5 Cr,Rs1.0 Cr,53.9824613,Saripodhaa_Sanivaaram_2023,Saripodhaa Sanivaaram,1194915.0
Eagle,2024,Telugu,post_covid,15.669999599456789,ok,True,"Action, Thriller",Action,,,False,156.0,09 Feb 2024,False,Navdeep; Ravi Teja; Vinay Rai; Kavya Thapar; Anupama Parameswaran; Madhoo,Karthik Gattamneni,People's Media Factory,1,2.8045087805084465,8,4.6575,3.27,0,Friday,2,7.1,123.0,Rs31.41 Cr,Rs23.68 Cr,Rs3.1 Cr,Rs1.0 Cr,,Eagle_2024,Eagle (2024 film),55157.0
Lucky Baskhar,2024,Telugu,post_covid,13.890000343322754,ok,True,"Crime, Thriller",Crime,UA,UA,True,151.0,31 Oct 2024,True,Ramki; Dulquer Salmaan; Meenakshii Chaudhary,Venky Atluri,Sithara Entertainments,1,1.8758331840450253,6,1.8123,4.2879,0,Thursday,10,7.704,103.0,Rs113.64 Cr,Rs40.21 Cr,Rs27.1 Cr,Rs1.0 Cr,,Lucky_Baskhar_2024,Lucky Baskhar,1239511.0
The Family Star,2024,Telugu,post_covid,11.400000095367432,ok,True,"Action, Drama, Family",Action,,,False,157.0,05 Apr 2024,False,Vijay Deverakonda; Ajay Ghosh; Divyansha Kaushik; Mrunal Thakur; Marissa Rose Gordon,Parasuram,Sri Venkateswara Creations,1,2.738701946405176,4,1.623,1.1943,0,Friday,4,4.579,19.0,Rs31.39 Cr,Rs20.57 Cr,Rs9.5 Cr,Rs1.0 Cr,,Family_Star_2024,The Family Star,1141320.0
Gangs of Godavari,2024,Telugu,post_covid,10.899999856948853,ok,True,"Action, Crime, Drama",Action,UA,UA,True,146.0,31 May 2024,False,Vishwak Sen; Nassar; Anjali; Neha Shetty,Krishna Chaitanya,Sithara Entertainments,1,1.89320693362406,12,1.3269,0.7661,0,Friday,5,6.0,4.0,Rs19.84 Cr,Rs17.96 Cr,Rs2.25 Cr,Rs1.0 Cr,,Gangs_of_Godavari_2024,Gangs of Godavari,1171693.0
KA (2024),2024,Telugu,post_covid,10.349999904632568,ok,True,"Drama, Suspense",Drama,,,False,,31 Oct 2024,True,Kiran Abbavaram; Ajay; Achyuth Kumar; Tanvi Raam; Saranya Pradeep,Sujeeth,Srichakraas Entertainments,1,2.0118492705149364,4,,,0,Thursday,10,,,Rs37.97 Cr,Rs26.94 Cr,Rs6.75 Cr,Rs1.0 Cr,,KA_2024,KA (film),
Gaami,2024,Telugu,post_covid,9.25,ok,True,"Adventure, Drama",Adventure,A,A,True,144.0,08 Mar 2024,False,Vishwak Sen; Mohammad Samad; Abhinaya; Chandini Chowdary,Vidyadhar Kagita,VR Global Media,1,1.7948216607932104,5,0.9026,1.0948,0,Friday,3,6.571,7.0,Rs21.0 Cr,Rs13.57 Cr,Rs5.25 Cr,Rs1.0 Cr,,Gaami_2024,Gaami,886385.0
Mathu Vadalara 2,2024,Telugu,post_covid,8.75,ok,True,"Comedy, Crime, Thriller",Comedy,,,False,130.0,13 Sep 2024,False,Sri Simha Koduri; Satya Akkala; Faria Abdullah,Ritesh Rana,Mythri Movie Makers,1,1.4816045355056113,1,4.0686,0.7846,1,Friday,9,7.0,7.0,Rs32.52 Cr,Rs19.95 Cr,Rs9.5 Cr,Rs1.0 Cr,,Mathu_Vadalara_2_2024,Mathu Vadalara,1249902.0
Ooru Peru Bhairavakona,2024,Telugu,post_covid,8.5,ok,True,"Adventure, Fantasy, Thriller",Adventure,UA,U/A 16+,True,136.0,16 Feb 2024,False,Sundeep Kishan; Vennela Kishore; Varsha Bollamma; Kavya Thapar,Vi Anand,Hasya Movies,1,2.5822180792878813,25,1.0251,0.9581,0,Friday,2,6.2,4.0,Rs22.47 Cr,Rs17.37 Cr,Rs2.25 Cr,Rs1.0 Cr,,Ooru_Peru_Bhairavakona_2024,Ooru Peru Bhairavakona,1030109.0
Naa Saami Ranga,2024,Telugu,post_covid,7.9999998807907104,ok,True,"Action, Drama",Action,UA,UA,True,146.0,14 Jan 2024,True,Allari Naresh; Nagarjuna Akkineni; Raj Tarun; Ashika Ranganath; Mirnaa Menon; Rukshar Dhillon,Vijay Binni,Srinivasaa Silver Screen,1,2.7625366195599845,5,1.6045,1.1138,0,Sunday,1,6.65,10.0,Rs37.32 Cr,Rs30.34 Cr,Rs1.5 Cr,Rs1.0 Cr,,Naa_Saami_Ranga_2024,Naa Saami Ranga,1171096.0
Saindhav,2024,Telugu,post_covid,6.929999858140945,ok,True,"Action, Thriller",Action,UA,UA,True,138.0,13 Jan 2024,True,Venkatesh; Nawazuddin Siddiqui; Arya Cethirakath; Shraddha Srinath; Ruhani Sharma,Dr Sailesh Kolanu,Niharika Entertainment,1,3.234619707487917,9,1.3124,1.1618,0,Saturday,1,5.273,11.0,Rs18.51 Cr,Rs15.62 Cr,Rs1.75 Cr,Rs1.0 Cr,,Saindhav_2023,Saindhav,1089737.0
Om Bheem Bush,2024,Telugu,post_covid,6.599999904632568,ok,True,"Comedy, Drama",Comedy,,,False,142.0,22 Mar 2024,False,Rahul Ramakrishna; Priyadarshi Pullikonda; Sree Vishnu,Sree Harsha Konuganti,V Celluloid,1,2.0482410154724913,8,1.5664,1.0352,0,Friday,3,6.125,8.0,Rs18.35 Cr,Rs12.89 Cr,Rs3.5 Cr,Rs1.0 Cr,,Om_Bheem_Bush_2024,Om Bheem Bush,1248487.0
Bhimaa,2024,Telugu,post_covid,6.5000001192092896,ok,True,"Action, Drama, Thriller",Action,UA,UA,True,141.0,08 Mar 2024,False,Nassar; Tottempudi Gopichand; Vennela Kishore; Priya Bhavani Shankar; Malvika Sharma,A Harsha,Sri Sathya Sai Arts,1,2.497704279912792,27,1.3269,0.8473,0,Friday,3,4.5,4.0,Rs15.72 Cr,Rs13.48 Cr,Rs1.25 Cr,Rs1.0 Cr,,Bhimaa_2024,Bhimaa,1226886.0
Viswam,2024,Telugu,post_covid,5.650000095367432,ok,True,"Action, Comedy, Drama",Action,UA,U/A,True,154.0,11 Oct 2024,False,Jisshu Sengupta; Tottempudi Gopichand; Kavya Thapar,Srinu Vaitla,People Media Factory,1,2.0732059747649347,4,0.9296,1.0681,0,Friday,10,3.0,4.0,Rs15.58 Cr,Rs14.61 Cr,Rs0.55 Cr,Rs1.0 Cr,,Viswam_2024,Viswam (film),1273448.0
SWAG,2024,Telugu,post_covid,4.649999976158142,ok,True,"Comedy, Thriller",Comedy,UA,U/A 13+,True,159.0,04 Oct 2024,False,Sree Vishnu; Sunil Varma; Ritu Varma,Hasith Goli,People Media Factory,1,2.209454997054082,8,0.9814,0.9647,0,Friday,10,6.0,5.0,Rs7.6 Cr,Rs6.86 Cr,Rs0.9 Cr,Rs1.0 Cr,,SWAG_2024,Swag (film),1252542.0
Mechanic Rocky,2024,Telugu,post_covid,4.549999952316284,ok,True,"Action, Comedy, Drama",Action,UA,U/A 13+,True,156.0,22 Nov 2024,False,Vishwak Sen; Sunil Varma; Naresh; Meenakshii Chaudhary; Shraddha Srinath,Ravi Teja Mullapudi,SRT Entertainments,1,2.9312852526850808,10,1.0237,0.9003,0,Friday,11,5.857,7.0,Rs7.54 Cr,Rs7.32 Cr,Rs0.4 Cr,Rs1.0 Cr,,Mechanic_Rocky_2024,Mechanic Rocky,1102353.0
Operation Valentine,2024,Telugu,post_covid,4.150000095367432,ok,True,"Action, Drama, Thriller",Action,UA,UA,True,130.0,01 Mar 2024,False,Navdeep; Mir Sarwar; Varun Tej; Manushi Chhillar; Ruhani Sharma,Shakti Pratap Singh,Sony Pictures Films India,1,2.813610672734915,3,1.0582,0.9701,0,Friday,3,5.2,6.0,Rs10.3 Cr,Rs6.91 Cr,Rs0.5 Cr,Rs1.0 Cr,,Operation_Valentine_2024,Operation Valentine (film),1034158.0
Aay (Telugu),2024,Telugu,post_covid,4.100000023841858,ok,True,"Comedy, Romantic",Comedy,,,False,139.0,15 Aug 2024,True,,,,0,1.7871738735081053,356,,,0,Thursday,8,,,Rs15.73 Cr,Rs13.9 Cr,Rs1.2 Cr,Rs1.0 Cr,,Aay_2024,Aay (film),
Double iSmart,2024,Telugu,post_covid,3.899999976158142,ok,True,"Action, Drama, Thriller",Action,A,A,True,162.0,15 Aug 2024,True,Ram Pothineni; Sanjay Dutt; Kavya Thapar,Puri Jagannadh,Puri Connects,1,3.6697218398562272,5,1.4434,1.1145,0,Thursday,8,3.577,13.0,Rs20.24 Cr,Rs13.84 Cr,Rs2.6 Cr,Rs1.0 Cr,,Double_iSmart_2024,Double iSmart,1127824.0
Committee Kurrollu,2024,Telugu,post_covid,3.5000000596046448,ok,True,Drama,Drama,UA,U/A 13+,True,,09 Aug 2024,False,,,,0,1.7879713283348273,355,0.9093,1.0697,0,Friday,8,6.6,4.0,Rs15.7 Cr,Rs12.41 Cr,Rs1.25 Cr,Rs1.0 Cr,,Committee_Kurrollu_2024,Committee Kurrollu,1327213.0
Aa Okkati Adakku,2024,Telugu,post_covid,3.399999976158142,ok,True,"Comedy, Drama, Romantic",Comedy,UA,UA,True,131.0,03 May 2024,False,Vennela Kishore; Allari Naresh; Faria Abdullah,Malli Ankam,Chilaka Productions,1,2.4804613783600793,28,1.2375,0.9115,0,Friday,5,5.0,1.0,Rs9.35 Cr,Rs7.59 Cr,Rs0.65 Cr,Rs1.0 Cr,,Aa_Okkati_Adakku_2024,Aa Okkati Adakku (2024 film),1282465.0
Love Me,2024,Telugu,post_covid,3.369999997317791,ok,True,"Horror, Romantic, Thriller",Horror,,,False,92.0,25 May 2024,False,Ashish Reddy; Vaishnavi Chaitanya,Arun Bhimavarapu,Vfx Shashwat,1,,0,4.9703,3.0442,0,Saturday,5,5.945,82.0,Rs8.59 Cr,Rs7.05 Cr,Rs0.5 Cr,Rs1.0 Cr,20.75,Love_Me_2024,Love Me (2024 American film),881415.0
Mr. Bachchan - The Only Hope,2024,Telugu,post_covid,3.0500000715255737,ok,True,"Action, Drama, Thriller",Action,,,False,124.0,15 Aug 2024,True,Jagapathi Babu; Ravi Teja; Sachin Khedekar; Bhagyashri Borse,Harish Shankar,People Media Factory,1,2.805520101866943,10,,,0,Thursday,8,,,Rs14.38 Cr,Rs10.73 Cr,Rs2.15 Cr,Rs1.0 Cr,,Mr_Bachchan__The_Only_Hope_2024,Mili (1975 film),
Harom Hara - The Revolt,2024,Telugu,post_covid,3.049999952316284,ok,True,"Action, Crime, Drama",Action,,,False,154.0,14 Jun 2024,False,Sunil Varma; Sudheer Babu; V. Jayaprakash; Malvika Sharma,Gnanasagar Dwaraka,Sree Subramanyam Cinemas,1,2.325274729583995,7,,,0,Friday,6,,,Rs5.11 Cr,Rs5.74 Cr,Rs0.25 Cr,Rs1.0 Cr,,Harom_Hara__The_Revolt_2024,Harom Hara,
Bhaje Vaayu Vegam,2024,Telugu,post_covid,2.700000047683716,ok,True,"Action, Thriller",Action,UA,UA,True,134.0,31 May 2024,False,,,,0,1.8985728160807622,326,0.8759,1.1064,0,Friday,5,6.2,6.0,Rs7.19 Cr,Rs5.57 Cr,Rs0.8 Cr,Rs1.0 Cr,,Bhaje_Vaayu_Vegam_2024,Bhaje Vaayu Vegam,962108.0
Gam Gam Ganesha,2024,Telugu,post_covid,2.5000000596046448,ok,True,"Comedy, Crime, Thriller",Comedy,UA,UA,True,132.0,31 May 2024,False,Vennela Kishore; Raj Arjun; Anand Deverakonda; Pragathi Srivasthava,Uday Shetty,Hylife Entertainments,1,2.76316952439078,29,1.0251,0.6735,0,Friday,5,6.2,4.0,Rs5.86 Cr,Rs4.87 Cr,Rs0.3 Cr,Rs1.0 Cr,,Gam_Gam_Ganesha_2024,Gam Gam Ganesha,956704.0
Bachhala Malli,2024,Telugu,post_covid,2.1399999856948853,ok,True,"Action, Drama",Action,UA,U/A 16+,True,,20 Dec 2024,False,,,,0,1.6069388677302787,418,4.0686,1.0274,0,Friday,12,4.3,3.0,Rs0.9 Cr,Rs3.6 Cr,Rs0.08 Cr,Rs1.0 Cr,,Bachhala_Malli_2024,Bachchala Malli,1399790.0
Yatra 2,2024,Telugu,post_covid,2.049999952316284,ok,True,"Biography, Drama",Biography,,,False,130.0,08 Feb 2024,False,Mammootty; Subhalekha Sudhakar; Jiiva; Mahesh Manjrekar; Suzanne Bernert,Mahi v Raghav,V Celluloid,1,2.2404224480702917,9,2.2354,0.6439,1,Thursday,2,0.0,0.0,Rs8.0 Cr,Rs6.17 Cr,Rs0.75 Cr,Rs1.0 Cr,,Yatra_2_2024,Yatra 2,1238535.0
Matka,2024,Telugu,post_covid,1.9300000071525576,ok,True,"Action, Drama, Period",Action,UA,U/A 16+,True,159.0,14 Nov 2024,False,Ajay Ghosh; Kishore; Varun Tej; Naveen Chandra; Meenakshii Chaudhary; Nora Fatehi,Karuna Kumar,Vyra Entertainments,1,2.126626508101757,4,1.4715,1.449,0,Thursday,11,4.9,11.0,Rs0.2 Cr,Rs4.02 Cr,₹0.00 Cr,Rs1.0 Cr,,Matka_2024,Matka (film),1233327.0
Krishnamma,2024,Telugu,post_covid,1.8700000047683716,ok,True,"Action, Drama",Action,,,False,130.0,10 May 2024,False,Satya Dev; Athira Raj,V.V. Gopala Krishna,Arunachala Creations,1,1.5528927844337208,3,0.9949,0.7469,0,Friday,5,4.0,1.0,Rs1.38 Cr,Rs4.75 Cr,Rs0.18 Cr,Rs1.0 Cr,,Krishnamma_2024,Krishnamma (film),1001632.0
Zebra,2024,Telugu,post_covid,1.720000058412552,ok,True,"Action, Comedy, Crime, Thriller",Action,UA,U/A 13+,True,164.0,22 Nov 2024,False,,,,0,1.6317201482644241,407,1.2116,0.9515,0,Friday,11,7.5,6.0,Rs0.65 Cr,Rs4.49 Cr,₹0.00 Cr,Rs1.0 Cr,,Zebra_2024,Zebra (film),1035998.0
35 (2024),2024,Telugu,post_covid,1.64000004529953,ok,True,"Comedy, Drama, Family",Comedy,,,False,89.0,06 Sep 2024,False,,,,0,1.7616479221820145,366,2.2945,0.751,0,Friday,9,7.313,8.0,Rs4.1 Cr,Rs3.63 Cr,₹0.00 Cr,Rs1.0 Cr,,35_2024,Immaculate (2024 film),1194184.0
Satyabhama,2024,Telugu,post_covid,1.350000023841858,ok,True,"Action, Drama, Thriller",Action,UA,UA,True,132.0,07 Jun 2024,False,Naveen Chandra; Prakash Raj; Kajal Aggarwal,Suman Chikkala,Aurum Arts Official,1,2.890856210912642,15,1.8959,0.922,0,Friday,6,5.5,6.0,Rs0.12 Cr,Rs2.6 Cr,₹0.00 Cr,Rs1.0 Cr,,Satyabhama_2024,Satyabhama (2024 film),1177157.0
Shivam Bhaje,2024,Telugu,post_covid,1.330000013113022,ok,True,"Action, Thriller",Action,UA,UA,True,124.0,01 Aug 2024,False,,,,0,1.7962361237271935,352,1.3437,1.1041,0,Thursday,8,7.0,1.0,Rs0.29 Cr,Rs3.04 Cr,₹0.00 Cr,Rs1.0 Cr,,Shivam_Bhaje_2024,Shivam Bhaje,1324173.0
Razakar - Silent Genocide of Hyderabad,2024,Telugu,post_covid,1.1899999976158142,ok,True,"Drama, Historical",Drama,,,False,,15 Mar 2024,False,Raj Arjun; Bobby Simha; Makrand Deshpande; Anasuya Bharadwaj; Vedhika,Yaata Satyanarayana,Samarveer Creations,1,3.6736017044142835,3,1.1239,0.9105,0,Friday,3,4.0,3.0,Rs1.92 Cr,Rs4.19 Cr,₹0.00 Cr,Rs1.0 Cr,9.96,Razakar__Silent_Genocide_of_Hyderabad_2024,Razakar (film),1210466.0
Pottel,2024,Telugu,post_covid,1.090000003576279,ok,True,"Action, Drama, Thriller",Action,UA,UA,True,160.0,25 Oct 2024,False,Yuva Chandraa; Ajay; Ananya Nagalla,Sahit Mothkhuri,Sahit Mothkhuri Writingss,1,3.2865344733420154,1,0.7239,0.654,0,Friday,10,6.0,1.0,Rs0.13 Cr,Rs2.13 Cr,₹0.00 Cr,Rs1.0 Cr,,Pottel_2024,Pottel,1375013.0
Sundaram Master,2024,Telugu,post_covid,1.090000003576279,ok,True,"Comedy, Drama",Comedy,,,False,121.0,23 Feb 2024,False,,,,0,2.175544458706919,275,0.9345,0.78,0,Friday,2,9.0,1.0,Rs0.93 Cr,Rs2.14 Cr,Rs0.0 Cr,Rs1.0 Cr,,Sundaram_Master_2024,Sundaram Master (film),1247498.0
Appudo Ippudo Eppudo,2024,Telugu,post_covid,1.080000013113022,ok,True,"Drama, Thriller",Drama,UA,U/A 13+,True,122.0,08 Nov 2024,False,,,,0,1.6515173155063292,400,2.3737,0.6719,0,Friday,11,4.0,5.0,Rs0.14 Cr,Rs1.86 Cr,₹0.00 Cr,Rs1.0 Cr,,Appudo_Ippudo_Eppudo_2024,Appudo Ippudo Eppudo,1380109.0
Darling,2024,Telugu,post_covid,1.0699999928474426,ok,True,"Comedy, Romantic",Comedy,,,False,161.0,19 Jul 2024,False,Brahmanandam; Priyadarshi Pullikonda; Nabha Natesh,Aswin Raam,Primeshow Entertainment,1,1.8000582641611442,3,23.6318,8.3761,0,Friday,7,6.858,1024.0,Rs0.09 Cr,Rs2.13 Cr,₹0.00 Cr,Rs1.0 Cr,33.2,Darling_2024,Darling (2024 film),1029281.0
Geethanjali Malli Vachindhi,2024,Telugu,post_covid,1.020000010728836,ok,True,"Comedy, Horror",Comedy,,,False,144.0,11 Apr 2024,True,,,,0,2.0077983302488276,305,0.8775,0.7562,0,Thursday,4,7.3,2.0,Rs0.84 Cr,Rs4.37 Cr,₹0.00 Cr,Rs1.0 Cr,,Geethanjali_Malli_Vachindhi_2024,Geethanjali Malli Vachindi,1250852.0
Devaki Nandana Vasudeva,2024,Telugu,post_covid,1.0,ok,True,"Action, Drama",Action,UA,UA,True,,22 Nov 2024,False,,,,0,1.6317201482644241,407,0.8581,1.0266,0,Friday,11,6.2,6.0,Rs0.14 Cr,Rs1.69 Cr,₹0.00 Cr,Rs1.0 Cr,,Devaki_Nandana_Vasudeva_2024,Devaki Nandana Vasudeva,1390695.0
Game Changer,2025,Telugu,post_covid,60.40000009536743,ok,True,Action,Action,UA,U/A 13+,True,165.0,10 Jan 2025,False,Ram Charan; Brahmanandam; S. J. Suryah; Vennela Kishore; Nassar; Murali Sharma; Kiara Advani,S. Shankar,Sri Venkateswara Creations,1,4.393621902631879,8,2.5059,1.4315,0,Friday,1,4.984,31.0,Rs186.28 Cr,Rs89.37 Cr,Rs30.25 Cr,Rs1.0 Cr,390.1,RC15_2022,Game Changer (film),811944.0
Sankranthiki Vasthunam,2025,Telugu,post_covid,53.10000038146973,ok,True,"Comedy, Drama, Romantic",Comedy,UA,UA,True,144.0,14 Jan 2025,True,Venkatesh; Aishwarya Rajesh; Meenakshii Chaudhary,Anil Ravipudi,Sri Venkateswara Creations,1,2.9436280350553994,4,2.5068,1.2397,0,Tuesday,1,5.656,16.0,Rs255.48 Cr,Rs186.97 Cr,Rs35.4 Cr,Rs50.0 Cr,50.0,Sankranthiki_Vasthunam_2025,Sankranthiki Vasthunam,1380920.0
They Call Him OG,2025,Telugu,post_covid,53.10000038146973,ok,True,"Action, Thriller",Action,A,A,True,154.0,25 Sep 2025,False,Prakash Raj; Arjun Das; Pawan Kalyan; Emraan Hashmi; Priyanka Arul Mohan; Sriya Reddy,Sujeeth,DVV Entertainments,1,4.046141364434749,20,1.8959,2.4016,0,Thursday,9,6.0,37.0,Rs295.22 Cr,Rs189.25 Cr,Rs65.25 Cr,Rs1.0 Cr,,OG_2024,They Call Him OG,1080365.0
Akhanda 2: Thaandavam,2025,Telugu,post_covid,51.25000095367432,ok,True,"Action, Drama",Action,UA,U/A,True,170.0,12 Dec 2025,False,Balakrishna Nandamuri; Kabir Duhan Singh; Aadhi Pinisetty; Saswata Chatterjee; Harshaali Malhotra; Samyuktha Menon,Boyapati Srinu,IVY Entertainment,1,3.433774330733349,4,1.0904,2.757,1,Friday,12,6.1,16.0,Rs123.8 Cr,Rs90.91 Cr,Rs12.35 Cr,Rs1.0 Cr,,Akhanda_2_2026,Akhanda 2: Thaandavam,1372588.0
Thandel,2025,Telugu,post_covid,35.75,ok,True,"Action, Drama, Fantasy",Action,UA,U/A 13+,True,151.0,07 Feb 2025,False,Rao Ramesh; Naga Chaitanya; Prakash Belawadi; Divya Pillai; Sai Pallavi,Chandoo Mondeti,Geetha Arts,1,3.3375473664431063,9,1.8535,1.4403,0,Friday,2,6.188,16.0,Rs88.89 Cr,Rs64.96 Cr,Rs11.5 Cr,Rs1.0 Cr,53.12,Thandel_2024,Thandel,1208735.0
Mirai,2025,Telugu,post_covid,35.64999961853027,ok,True,"Action, Sci-Fi, Thriller",Action,UA,U/A,True,169.0,12 Sep 2025,False,Jagapathi Babu; Teja Sajja; Manoj Manchu; Jayaram; Ritika Nayak; Shriya Saran,Karthik Gattamneni,People Media Factory,1,2.4703253411866495,12,2.2139,4.3314,0,Friday,9,7.157,886.0,Rs144.21 Cr,Rs76.17 Cr,Rs32.8 Cr,Rs60.0 Cr,60.0,Mirai_2025,Mirai (2025 film),475215.0
Kuberaa,2025,Telugu,post_covid,33.89999961853027,ok,True,"Action, Drama, Social, Thriller",Action,UA,U/A 13+,True,181.0,20 Jun 2025,False,Nagarjuna Akkineni; Jim Sarbh; Dhanush; Dalip Tahil; Rashmika Mandanna,Sekhar Kammula,Sree Venkateswara Cinemas,1,2.9338028334728254,6,1.9061,2.359,0,Friday,6,6.7,27.0,Rs138.1 Cr,Rs67.68 Cr,Rs31.6 Cr,Rs120.0 Cr,120.0,Kuberaa_2025,Kuberaa,1171101.0
Daaku Maharaaj,2025,Telugu,post_covid,33.52000045776367,ok,True,"Action, Drama",Action,UA,U/A 16+,True,148.0,12 Jan 2025,False,Bobby Deol; Prakash Raj; Balakrishna Nandamuri; Pragya Jaiswal; Urvashi Rautela; Shraddha Srinath,Bobby,Srikara Studios,1,3.533780832877976,17,1.5472,1.7797,0,Sunday,1,5.5,20.0,Rs126.11 Cr,Rs90.75 Cr,Rs18.1 Cr,Rs100.0 Cr,100.0,Daaku_Maharaaj_2025,Daaku Maharaaj,1202235.0
Hari Hara Veera Mallu,2025,Telugu,post_covid,27.309999465942383,ok,True,"Action, Drama, Period",Action,UA,U/A 16+,True,161.0,24 Jul 2025,False,Pawan Kalyan; Bobby Deol; Sathyaraj; Jisshu Sengupta; Sunil Varma; Nora Fatehi; Nidhhi Agerwal; Nargis Fakhri,A. M. Jyothi Krishna,Mega Surya Production,1,4.280450125826604,12,1.5472,3.1171,0,Thursday,7,6.125,8.0,Rs116.88 Cr,Rs86.53 Cr,Rs14.5 Cr,Rs300.0 Cr,300.0,PSPK_27_2022,Hari Hara Veera Mallu,727121.0
Mad Square,2025,Telugu,post_covid,25.25,ok,True,"Comedy, Drama",Comedy,UA,U/A 13+,True,127.0,28 Mar 2025,False,Narne Nithin; Subhalekha Sudhakar; Sangeeth Shobhan; Muralidhar Goud; Ram Nithin; Priyanka Jawalkar,Kalyan Shankar,Sithara Entertainments,1,1.8946168546677629,2,1.8265,1.9477,0,Friday,3,7.0,10.0,Rs72.0 Cr,Rs50.12 Cr,Rs13.5 Cr,Rs1.0 Cr,,Mad_Square_2025,Mad Square,1359490.0
Kingdom,2025,Telugu,post_covid,21.049999713897705,ok,True,"Action, Drama, Thriller",Action,,,False,160.0,31 Jul 2025,False,Satya Dev; Vijay Deverakonda; Ayyappa P Sharma; Bhagyashri Borse,Gowtam Tinnanuri,Srikara Studios,1,2.694500853184523,5,6.397,7.901,0,Thursday,7,7.7,6467.0,Rs82.05 Cr,Rs48.02 Cr,Rs21.25 Cr,Rs1.0 Cr,132.8,Kingdom_2025,Kingdom (2025 film),83666.0
Court: State vs A Nobody,2025,Telugu,post_covid,14.800000190734863,ok,True,"Drama, Thriller",Drama,UA,U/A 13+,True,149.0,14 Mar 2025,True,P. Sai Kumar; Priyadarshi Pullikonda; Rohini,Ram Jagadeesh,Wall Poster Cinema,1,2.4136500608401636,4,0.9456,1.3667,0,Friday,3,7.389,36.0,Rs57.51 Cr,Rs40.7 Cr,Rs10.2 Cr,Rs1.0 Cr,,Court_State_vs_A_Nobody_2025,Court: State vs a Nobody,1424217.0
Andhra King Taluka,2025,Telugu,post_covid,10.37000012397766,ok,True,"Action, Comedy, Drama, Romantic",Action,UA,U/A 13+,True,163.0,27 Nov 2025,False,VTV Ganesh; Rao Ramesh; Upendra; Murali Sharma; Ram Pothineni; Bhagyashri Borse,Mahesh Babu Pachigolla,,1,2.452970096644152,14,2.1457,1.9956,0,Thursday,11,5.8,10.0,Rs32.46 Cr,Rs23.38 Cr,Rs5.0 Cr,Rs1.0 Cr,,Andhra_King_Taluka_2025,Andhra King Taluka,1407437.0
Mass Jathara,2025,Telugu,post_covid,7.769999891519547,ok,True,"Action, Comedy, Drama",Action,UA,U/A 16+,True,160.0,01 Nov 2025,False,Naveen Chandra; Ravi Teja; Rajendra Prasad; Naresh; Sree Leela,Bhanu Bogavarapu,Srikara Studios,1,2.6648397815581566,10,1.9377,2.3882,0,Saturday,11,4.5,8.0,Rs21.79 Cr,Rs18.22 Cr,Rs1.35 Cr,Rs1.0 Cr,,Mass_Jathara_2025,Mass Jathara,1381405.0
Kishkindhapuri,2025,Telugu,post_covid,7.550000190734863,ok,True,"Horror, Mystery, Thriller",Horror,,,False,125.0,12 Sep 2025,False,Tanikella Bharani; Hyper Aadi; Makrand Deshpande; Bellamkonda Sreenivas; Anupama Parameswaran,Koushik Pegallapati,Shine Screens,1,2.4987682085386203,5,1.1595,1.3472,0,Friday,9,6.125,12.0,Rs22.46 Cr,Rs17.53 Cr,Rs3.15 Cr,Rs1.0 Cr,,Kishkindhapuri_2025,Kishkindhapuri,1439747.0
Arjun S/O Vyjayanthi,2025,Telugu,post_covid,7.450000047683716,ok,True,"Action, Drama, Thriller",Action,UA,UA,True,144.0,18 Apr 2025,False,Sohail Khan; Arjun Rampal; Kalyan Ram; Vijayashanti; Saiee Manjrekar,Pradeep Chilukuri,NTR Arts,1,4.1861638142733275,5,1.8257,0.9229,0,Friday,4,7.3,5.0,Rs16.5 Cr,Rs12.94 Cr,Rs1.25 Cr,Rs1.0 Cr,,Arjun_SO_Vyjayanthi_2025,Arjun Son of Vyjayanthi,1447219.0
Bhairavam,2025,Telugu,post_covid,7.400000095367432,ok,True,"Action, Drama",Action,A,A,True,155.0,30 May 2025,False,Nara Rohith; Vennela Kishore; Bellamkonda Sreenivas; Divya Pillai; Aditi Shankar,Vijay Kanakamedala,Sri Sathya Sai Arts,1,2.4000335482064683,31,1.019,1.3439,0,Friday,5,3.0,1.0,Rs19.65 Cr,Rs15.86 Cr,Rs1.0 Cr,Rs1.0 Cr,,Bhairavam_2025,Bhairavam,1388451.0
Little Hearts,2025,Telugu,post_covid,7.350000023841858,ok,True,"Comedy, Romantic",Comedy,UA,U/A 7+,True,128.0,05 Sep 2025,False,Mouli Tanuj Prasanth; S.S. Kaanchi; Rajeev Kanakala; Satya Krishnan; Shivani Nagaram; Anitha Chowdary,Sai Marthand,,1,,0,1.2438,2.1733,0,Friday,9,6.667,18.0,Rs40.17 Cr,Rs26.49 Cr,Rs9.35 Cr,Rs1.0 Cr,,Little_Hearts_2025,Little Hearts (2025 film),1440700.0
Robinhood,2025,Telugu,post_covid,7.199999809265137,ok,True,"Action, Crime, Thriller",Action,UA,U/A 13+,True,156.0,28 Mar 2025,False,Rajendra Prasad; David Warner; Shine Tom Chacko; Nithiin; Vennela Kishore; Sreeleela,Venky Kudumula,Mythri Movie Makers,1,2.6395081876519897,7,1.5674,2.2564,0,Friday,3,5.269,13.0,Rs16.0 Cr,Rs12.28 Cr,Rs1.55 Cr,Rs1.0 Cr,,Robinhood_2025,Robinhood (2025 film),1120762.0
The Girlfriend,2025,Telugu,post_covid,6.129999876022339,ok,True,"Drama, Romantic",Drama,UA,U/A 13+,True,138.0,07 Nov 2025,False,Rao Ramesh; Dheekshith Shetty; Anu Emmanuel; Rashmika Mandanna; Rohini,Rahul Ravindran,Mass Movie Makers,1,3.493776558318728,13,4.0686,1.8173,0,Friday,11,6.553,19.0,Rs29.22 Cr,Rs18.14 Cr,Rs7.2 Cr,Rs1.0 Cr,,The_Girlfriend_2025,The Girlfriend (2025 film),1196348.0
K-Ramp,2025,Telugu,post_covid,5.930000007152557,ok,True,"Drama, Romantic",Drama,A,A,True,141.0,18 Oct 2025,True,Vennela Kishore; Kiran Abbavaram; P. Sai Kumar; Yukti Thareja,Jains Nani,Rudransh Celluloid,1,2.5002400336563095,32,1.0251,1.026,0,Saturday,10,3.7,9.0,Rs24.75 Cr,Rs19.8 Cr,Rs2.6 Cr,Rs1.0 Cr,,K_Ramp_2025,K-Ramp,1428278.0
Raju Weds Rambai,2025,Telugu,post_covid,5.800000071525574,ok,True,"Drama, Romantic",Drama,UA,U/A 16+,True,135.0,21 Nov 2025,False,Sivaji Raja; Chaitu Jonnalagadda; Tejaswini Rao; Anitha Chowdary,Saailu Kampati,Dolamukhi Subaltern Films,1,,0,0.8657,2.6574,0,Friday,11,4.1,10.0,Rs22.2 Cr,Rs18.42 Cr,Rs0.75 Cr,Rs1.0 Cr,,Raju_Weds_Rambai_2025,Raju Weds Rambai,1580640.0
Telusu Kada,2025,Telugu,post_covid,5.599999904632568,ok,True,"Drama, Romantic",Drama,UA,U/A,True,136.0,17 Oct 2025,False,Siddhu Jonnalagadda; Harsha Chemudu; Srinidhi Shetty; Raashi Khanna,Neeraja Kona,,1,2.558002229974683,3,1.464,1.1098,0,Friday,10,4.3,10.0,Rs11.2 Cr,Rs9.35 Cr,Rs0.75 Cr,Rs0.0 Cr,,telusu_kada_2025,Telusu Kada,1229947.0
Champion,2025,Telugu,post_covid,4.950000047683716,ok,True,"Action, Drama, Period, Sports",Action,UA,U/A 16+,True,166.0,25 Dec 2025,True,Roshann Meka; Edward Sonnenblick; Kay Kay Menon; Murali Sharma; Anaswara Rajan; Avantika Vandanapu,Pradeep Advaitham,Swapna Cinema,1,2.6679570892282873,2,3.4149,2.9539,0,Thursday,12,6.8,6.0,Rs17.0 Cr,Rs12.4 Cr,Rs2.4 Cr,Rs1.0 Cr,,Champion_2025,Champion (2025 film),1448170.0
Ghaati,2025,Telugu,post_covid,4.889999985694885,ok,True,"Action, Thriller",Action,,,False,155.0,05 Sep 2025,False,Vikram Prabhu; Jisshu Sengupta; Chaitanya Rao; Jagapathi Babu; Anushka Shetty; Ramya Krishnan; Larissa Bonesi,Krish Jagarlamudi,UV Creations,1,1.9897751763629394,4,2.0467,0.9891,0,Friday,9,4.8,4.0,Rs9.0 Cr,Rs7.06 Cr,Rs0.7 Cr,Rs1.0 Cr,,Ghaati_2025,Ghaati,1249926.0
Kaantha,2025,Telugu,post_covid,4.700000047683716,ok,True,"Drama, Period",Drama,UA,U/A 13+,True,163.0,14 Nov 2025,False,Rana Daggubati; Dulquer Salmaan; Samuthirakani; Bijesh Nagesh; Bhagyashri Borse,Selvamani Selvaraj,Wayfarer Films,1,3.3614492568536543,11,12.5964,2.2896,0,Friday,11,6.759,27.0,Rs35.44 Cr,Rs6.8 Cr,Rs8.45 Cr,Rs1.0 Cr,,Kaantha_2024,Kaantha,1250508.0
Junior (Telugu),2025,Telugu,post_covid,4.599999904632568,ok,True,"Action, Drama, Family",Action,,,False,154.0,18 Jul 2025,False,Ravichandran Veeraswamy; Kireeti Reddy; Achyuth Kumar; Rao Ramesh; Sreeleela; Genelia Deshmukh,Radhakrishna Reddy,Vaarahi Chalana Chitram,1,1.827176816486961,6,,,0,Friday,7,,,Rs12.45 Cr,Rs8.09 Cr,Rs0.6 Cr,Rs1.0 Cr,,Junior_2025,Junior (2025 film),
Thammudu,2025,Telugu,post_covid,4.25,ok,True,"Action, Drama",Action,A,A,True,154.0,04 Jul 2025,False,Nithiin; Saurabh Sachdeva; Swasika; Sapthami Gowda; Varsha Bollamma,Venu Sriram,Sri Venkateswara Creations,1,2.4896874122077124,5,0.9521,1.064,0,Friday,7,5.125,8.0,Rs8.33 Cr,Rs6.97 Cr,Rs1.0 Cr,Rs1.0 Cr,,Thammudu_2025,Thammudu (2025 film),1263029.0
Dilruba,2025,Telugu,post_covid,3.850000023841858,ok,True,"Drama, Romantic",Drama,UA,U/A 16+,True,152.0,14 Mar 2025,True,Dayanand Reddy; Kiran Abbavaram; Satya Akkala; Rukshar Dhillon,Vishwa Karun,Yoodlee Films,1,2.0918640616783932,5,1.1046,1.1189,0,Friday,3,0.0,0.0,Rs12.15 Cr,Rs7.1 Cr,Rs4.0 Cr,Rs1.0 Cr,,Dilruba_2025,Dilruba (film),1099485.0
Shambhala,2025,Telugu,post_covid,3.799999952316284,ok,True,"Action, Horror, Thriller",Action,,,False,144.0,25 Dec 2025,True,Aadi Pudipeddi; Ravi Varma; Swasika; Archana Iyer,Ugandhar Muni,Shining Pictures,1,1.6582280766035324,2,0.7843,1.7312,0,Thursday,12,6.0,5.0,Rs20.7 Cr,Rs15.2 Cr,Rs2.85 Cr,Rs1.0 Cr,,Shambhala_2025,Shambhala (2025 film),1558468.0
Mazaka,2025,Telugu,post_covid,3.75,ok,True,"Comedy, Family, Romantic",Comedy,,,False,149.0,26 Feb 2025,False,Sundeep Kishan; Rao Ramesh; Ajay; Anshu; Ritu Varma,Trinadha Rao Nakkina,Zee Studio,1,2.5293991484449077,10,2.1457,0.8516,0,Wednesday,2,7.0,6.0,Rs11.66 Cr,Rs9.6 Cr,Rs1.0 Cr,Rs1.0 Cr,,Mazaka_2025,Mazaka,1418436.0
Eesha,2025,Telugu,post_covid,3.350000023841858,ok,True,"Horror, Thriller",Horror,A,A,True,,25 Dec 2025,True,Prithviraj Ballireddy; Siri Hanmanth; Thrigun; Hebah Patel,Manne Srinivas,HVR Productions,1,1.2809338520848026,1,2.132,1.9172,0,Thursday,12,2.5,2.0,Rs9.5 Cr,Rs8.1 Cr,Rs0.0 Cr,Rs1.0 Cr,,Eesha_2025,Eesha (film),1601310.0
Jack,2025,Telugu,post_covid,3.1899999380111694,ok,True,"Action, Thriller",Action,UA,U/A 16+,True,,10 Apr 2025,False,Siddhu Jonnalagadda; Prakash Raj; Vaishnavi Chaitanya,Bommarillu Bhaskar,Sri Venkateswara Cine Chitra,1,2.9974169371896355,18,1.8959,1.6325,0,Thursday,4,6.0,9.0,Rs9.3 Cr,Rs7.91 Cr,Rs0.0 Cr,Rs1.0 Cr,,Jack_2025,Jack (2025 film),1241725.0
Laila,2025,Telugu,post_covid,2.600000023841858,ok,True,"Action, Comedy, Romantic",Action,,,False,136.0,14 Feb 2025,False,Abhimanyu Singh; Prithviraj Ballireddy; Vishwak Sen; Vineet Kumar; Akanksha Sharma,Ram Narayan,Shine Screens,1,1.9364652896016914,8,0.9026,5.0746,0,Friday,2,5.2,8.0,Rs4.86 Cr,Rs3.8 Cr,Rs0.5 Cr,Rs1.0 Cr,,Laila_2025,Laila (2025 film),1403735.0
Jatadhara,2025,Telugu,post_covid,2.449999988079071,ok,True,"Action, Adventure, Fantasy, Mystery",Action,A,A,True,,07 Nov 2025,False,Ravi Prakash; Rajeev Kanakala; Sudheer Babu; Subhalekha Sudhakar; Sonakshi Sinha; Shilpa Shirodkar; Indira Krishnan,Abhishek Jaiswal,Zee Studio,1,2.1222615417180766,4,1.3741,1.5711,0,Friday,11,4.0,5.0,Rs7.33 Cr,Rs4.25 Cr,Rs0.65 Cr,Rs1.0 Cr,,Jatadhara_2025,Jatadhara,1444973.0
Odela 2,2025,Telugu,post_covid,2.25,ok,True,Thriller,Thriller,A,A,True,150.0,17 Apr 2025,False,Murali Sharma; Vasishta N. Simha; Hebah Patel; Tamanna Bhatia,Ashok Teja,Sampath Nandi Teamworks,1,2.4572714301589205,18,4.9487,1.4636,1,Thursday,4,6.0,15.0,Rs7.0 Cr,Rs5.38 Cr,Rs0.3 Cr,Rs1.0 Cr,,Odela_2_2025,Odela 2,1257693.0
Subham,2025,Telugu,post_covid,2.189999997615814,ok,True,"Comedy, Horror",Comedy,UA,U/A,True,125.0,09 May 2025,False,,,,0,1.4230999861858615,504,0.6662,1.4895,0,Friday,5,6.688,16.0,Rs7.6 Cr,Rs6.8 Cr,₹0.00 Cr,Rs1.0 Cr,,Subham_2025,Subham,1449364.0
Sarangapani Jathakam,2025,Telugu,post_covid,1.6899999976158142,ok,True,Drama,Drama,UA,U/A 13+,True,,25 Apr 2025,False,,,,0,1.4375803318641889,494,1.0251,0.8796,0,Friday,4,5.7,3.0,Rs3.25 Cr,Rs2.75 Cr,Rs0.0 Cr,Rs1.0 Cr,,Sarangapani_Jathakam_2025,Sarangapani Jathakam,1354069.0
12A Railway Colony,2025,Telugu,post_covid,1.649999976158142,ok,True,"Horror, Thriller",Horror,,,False,125.0,21 Nov 2025,False,Sai Kumar; Getup Srinu; Getup Srinu; Saikumar Pudipeddi; Allari Naresh; Allari Naresh; Viva Harsha; Kamakshi Bhaskarla,Nani Kasaragadda,Srinivasaa Silver Screen,1,2.0135688147181843,1,1.2375,2.6094,0,Friday,11,5.0,2.0,Rs3.18 Cr,Rs2.82 Cr,Rs0.0 Cr,Rs1.0 Cr,,12A_Railway_Colony_2025,12A Railway Colony,1450340.0
Mowgli (2025),2025,Telugu,post_covid,1.4799999874085188,ok,True,"Action, Adventure, Drama, Romantic",Action,,,False,160.0,13 Dec 2025,False,Bandi Saroj Kumar; Harsha Chemudu; Roshan Kanakala; Sakshi Mhadolkar,Sandeep Raj,People Media Factory,1,1.8870696345827689,1,1.1773,1.1725,0,Saturday,12,5.5,2.0,Rs3.98 Cr,Rs3.02 Cr,Rs0.5 Cr,Rs1.0 Cr,,Mowgli_2025,Mowgli (2025 film),1417743.0
Jaabilamma Neeku Antha Kopama,2025,Telugu,post_covid,1.280000001192093,ok,True,"Comedy, Romantic",Comedy,UA,U/A 13+,True,,21 Feb 2025,False,,,,0,1.505614441730864,460,0.9213,2.19,0,Friday,2,6.0,10.0,Rs2.13 Cr,Rs1.89 Cr,₹0.00 Cr,Rs1.0 Cr,14.3786544,Jaabilamma_Neeku_Antha_Kopama_2025,,1222049.0
Sundarakanda,2025,Telugu,post_covid,1.2199999690055847,ok,True,"Comedy, Drama, Romantic",Comedy,UA,U/A,True,137.0,27 Aug 2025,False,Nara Rohith; Satya Akkala; Raghu Babu; Sridevi Vijaykumar; Virti Vaghani,Venkatesh Nimmalapudi,Sandeep Picture Palace,1,2.1282317172025333,3,0.787,1.0243,0,Wednesday,8,5.333,6.0,Rs6.75 Cr,Rs5.78 Cr,Rs0.0 Cr,Rs1.0 Cr,,Sundarakanda_2025,Sundarakanda (2025 film),1277726.0
Brahma Anandam,2025,Telugu,post_covid,1.1899999976158142,ok,True,"Comedy, Drama",Comedy,,,False,148.0,14 Feb 2025,False,,,,0,1.5084173495198074,456,2.0522,1.1508,0,Friday,2,5.8,2.0,Rs2.1 Cr,Rs1.87 Cr,₹0.00 Cr,Rs1.0 Cr,,Brahma_Anandam_2025,Brahma Anandam,1418578.0
Oh Bhama Ayyo Rama,2025,Telugu,post_covid,1.0,ok,True,"Drama, Romantic",Drama,UA,U/A 13+,True,155.0,11 Jul 2025,False,Mohammad Ali; Suhas Pagolu; Malavika Manoj,Ramu Godhala,V Arts,1,,0,1.376,0.5821,0,Friday,7,3.0,1.0,Rs2.0 Cr,Rs1.72 Cr,Rs0.0 Cr,Rs1.0 Cr,,Oh_Bhama_Ayyo_Rama_2025,Oh Bhama Ayyo Rama,1439068.0
Premante,2025,Telugu,post_covid,0.949999988079071,ok,True,"Comedy, Drama, Romantic",Comedy,UA,U/A 13+,True,137.0,21 Nov 2025,False,Vennela Kishore; Priyadarshi Pulikonda; Suma Kanakala; Anandhi,Navaneeth Sriram,Sree Venkateswara Cinemas,1,2.3777312583586965,33,1.0251,1.9254,0,Friday,11,6.0,3.0,Rs2.42 Cr,Rs1.98 Cr,Rs0.15 Cr,Rs1.0 Cr,,Premante_2025,Premante,1425233.0
2.0,2018,Tamil,pre_covid,46.0,ok,True,Sci-Fi,Sci-Fi,UA,U/A,True,149.0,29 Nov 2018,False,Rajinikanth; Akshay Kumar; Amy Jackson,S. Shankar,Lyca Productions,1,3.7143710248874315,7,2.5409,2.3871,1,Thursday,11,5.835,188.0,Rs691.0 Cr,Rs134.78 Cr,Rs172.0 Cr,Rs543.0 Cr,543.0,2.0,2.0 (film),373449.0
Nerkonda Paarvai,2019,Tamil,pre_covid,36.26000022888184,ok,True,"Crime, Drama",Crime,UA,UA,True,157.0,08 Aug 2019,False,,,,0,2.6737700699937443,194,1.8613,0.9504,0,Thursday,8,6.95,30.0,Rs126.7 Cr,Rs86.1 Cr,Rs25.0 Cr,Rs50.0 Cr,50.0,Ner_Konda_Paarvai,Nerkonda Paarvai,586291.0
Vikram,2022,Tamil,post_covid,83.75,ok,True,"Action, Thriller",Action,UA,UA,True,174.0,03 Jun 2022,False,Fahadh Faasil; Narain; Kamal Haasan; Vijay Sethupathi; Gayathrie Shankar,Lokesh Kanagaraj,Raaj Kamal Films International,1,2.653241964607215,2,1.9184,2.8375,0,Friday,6,7.615,183.0,Rs414.43 Cr,Rs212.9 Cr,Rs125.0 Cr,Rs120.0 Cr,120.0,Vikram_2021,Vikram (2022 film),743563.0
Ponniyin Selvan - Part 1,2022,Tamil,post_covid,79.70000076293945,ok,True,"Drama, Historical",Drama,UA,UA,True,167.0,30 Sep 2022,False,Karthik Sivakumar; Ravi Mohan; Vikram Kennedy; Vikram Prabhu; Aishwarya Rai Bachchan; Sobhita Dhulipala; Sara Arjun; Trisha Krishnan; Aishwarya Lekshmi,Mani Ratnam,Madras Talkies,1,2.8497539946928487,3,2.4555,1.9712,1,Friday,9,7.1,97.0,Rs488.36 Cr,Rs221.22 Cr,Rs175.0 Cr,Rs250.0 Cr,250.0,Ponniyin_Selvan_2022,Ponniyin Selvan: I,660046.0
Valimai,2022,Tamil,post_covid,46.24999904632568,ok,True,"Action, Thriller",Action,UA,U/A,True,178.0,24 Feb 2022,False,Ajith Kumar; Kartikeya Gummakonda; Huma Qureshi; Bani J,H. Vinoth,Zee Studio,1,3.8784662218993033,1,1.8613,1.4155,0,Thursday,2,5.5,34.0,Rs164.5 Cr,Rs102.02 Cr,Rs41.0 Cr,Rs150.0 Cr,150.0,Valimai_2021,Valimai,640484.0
Beast,2022,Tamil,post_covid,40.30000019073486,ok,True,"Action, Thriller",Action,,,False,115.0,13 Apr 2022,False,Yogi Babu; Shine Tom Chacko; Selvaraghavan; Vijay Chandrasekhar; Pooja Hegde,Nelson Dilipkumar,Sun Pictures,1,2.8390784579315715,5,4.5515,9.032,0,Wednesday,4,6.533,1809.0,Rs216.58 Cr,Rs119.98 Cr,Rs65.0 Cr,Rs150.0 Cr,150.0,Thalapathy_65_2022,The Sea Beast (2022 film),760741.0
Thiruchitrambalam,2022,Tamil,post_covid,29.09999942779541,ok,True,"Comedy, Romantic",Comedy,UA,UA,True,133.0,18 Aug 2022,False,Dhanush; Prakash Raj; Raashi Khanna; Nithya Menen; Priya Bhavani Shankar,Mithran Jawahar,Sun Pictures,1,3.0350739061755956,11,1.9061,1.2647,0,Thursday,8,7.4,70.0,Rs117.2 Cr,Rs75.88 Cr,Rs26.9 Cr,Rs35.0 Cr,35.0,Thiruchitrambalam_2022,Thiruchitrambalam,858067.0
Viruman,2022,Tamil,post_covid,23.65000009536743,ok,True,Drama,Drama,UA,UA,True,151.0,12 Aug 2022,False,Prakash Raj; Karthik Sivakumar; Soori Muthuchamy; Aditi Shankar,M. Muthaiah,2D Entertainment,1,3.018103606357399,10,1.8959,1.0053,0,Friday,8,5.5,12.0,Rs63.77 Cr,Rs47.24 Cr,Rs8.5 Cr,Rs1.0 Cr,,Viruman_2022,Viruman,870769.0
Etharkkum Thunindhavan,2022,Tamil,post_covid,19.770000457763672,ok,True,"Action, Thriller",Action,UA,U/A,True,150.0,10 Mar 2022,False,Sathyaraj; Rajkiran; Suriya; Vinay Rai; Saranya Ponvannan; Priyanka Arulmohan,Pandiraj,Sun Pictures,1,4.0751410955524685,3,3.5161,1.454,0,Thursday,3,5.793,41.0,Rs71.4 Cr,Rs45.58 Cr,Rs14.0 Cr,Rs60.0 Cr,60.0,Suriya_40_2021,Etharkkum Thunindhavan,855397.0
Kaathuvaakula Rendu Kaadhal,2022,Tamil,post_covid,15.240000009536743,ok,True,"Drama, Romantic",Drama,UA,UA,True,170.0,28 Apr 2022,False,Vijay Sethupathi; S. Sreesanth; Samantha Ruth Prabhu; Nayanthara,Vignesh ShivN,Seven Screen Studio,1,2.882586395655581,5,2.3217,1.2555,0,Thursday,4,5.4,29.0,Rs52.5 Cr,Rs40.33 Cr,Rs10.0 Cr,Rs35.0 Cr,35.0,Kaathu_Vaakula_Rendu_Kaadhal_2021,Kaathuvaakula Rendu Kaadhal,752943.0
Sardar,2022,Tamil,post_covid,13.050000190734863,ok,True,"Action, Thriller",Action,UA,U/A,True,165.0,21 Oct 2022,False,Avinash; Karthik Sivakumar; Chunky Pandey; Murali Sharma; Rajisha Vijayan; Raashi Khanna,P. S. Mithran,Red Giant Movies,1,3.9932342524118174,4,1.464,2.6922,0,Friday,10,6.75,28.0,Rs84.5 Cr,Rs42.35 Cr,Rs20.0 Cr,Rs30.0 Cr,30.0,Sardar_(Tamil)_2021,Sardar (2022 film),858080.0
Cobra,2022,Tamil,post_covid,11.910000324249268,ok,True,Thriller,Thriller,UA,UA,True,183.0,31 Aug 2022,False,Irfan Pathan; Vikram Kennedy; Srinidhi Shetty; Miya George,R. Ajay Gnanamuthu,Seven Screen Studio,1,,0,1.2459,1.2793,0,Wednesday,8,5.607,28.0,Rs58.86 Cr,Rs37.69 Cr,Rs8.0 Cr,Rs90.0 Cr,90.0,Cobra_2021,Cobra (2022 film),793032.0
Naane Varuvean,2022,Tamil,post_covid,6.900000095367432,ok,True,Action,Action,UA,UA,True,122.0,29 Sep 2022,False,Dhanush; Selvaraghavan; Indhuja Ravichandran; Elli Avram,Selvaraghavan,V Creations,1,3.7208625045852646,3,1.9061,1.0037,0,Thursday,9,5.86,25.0,Rs35.6 Cr,Rs24.42 Cr,Rs6.0 Cr,Rs30.0 Cr,30.0,Naane_Varuven_2021,Naane Varuvean,785664.0
Laththi,2022,Tamil,post_covid,5.71999990940094,ok,True,"Action, Drama, Thriller",Action,UA,UA,True,144.0,22 Dec 2022,False,Prabhu Ganesan; Vishal Krishna; Thalaivasal Vijay; Sunaina; Misha Ghoshal,A. Vinoth Kumar,Rana Productions,1,1.9590572663119044,3,1.5089,1.0958,0,Thursday,12,6.4,7.0,₹0.00 Cr,Rs11.25 Cr,₹0.00 Cr,Rs1.0 Cr,,Laththi_2022,Laththi,915501.0
Veerame Vaagai Soodum,2022,Tamil,post_covid,5.080000042915344,ok,True,"Action, Thriller",Action,UA,UA,True,166.0,04 Feb 2022,False,Vishal Krishna; Yogi Babu; Dimple Hayathi,Thu Pa Saravanan,Vishal Film Factory,1,2.510821027817565,4,1.4121,1.158,0,Friday,2,5.773,11.0,Rs8.5 Cr,Rs9.22 Cr,Rs0.55 Cr,Rs1.0 Cr,,Vishal_31_2021,Veeramae Vaagai Soodum,828827.0
Gulu Gulu,2022,Tamil,post_covid,5.079999923706055,ok,True,"Comedy, Drama",Comedy,UA,UA,True,149.0,29 Jul 2022,False,Sai Dheena; Santhanam; Pradeep Rawat; Athulya Chandra; Namitha Krishnamurthy; Mariyam George,Rathna Kumar,Circle Box Entertainment,1,1.0858269861946732,3,1.3443,1.125,0,Friday,7,3.8,4.0,Rs2.1 Cr,Rs7.61 Cr,Rs0.2 Cr,Rs1.0 Cr,,Gulu_Gulu_2022,Gulu Gulu,968081.0
FIR,2022,Tamil,post_covid,4.75,ok,True,"Action, Thriller",Action,UA,UA,True,155.0,11 Feb 2022,False,Gautham Vasudev Menon; Vishnu Vishal; Manjima Mohan; Reba Monica John,Manu Anand,VV Studioz,1,1.6863989491550697,1,0.9605,0.9449,0,Friday,2,5.933,15.0,Rs10.5 Cr,Rs8.55 Cr,Rs1.5 Cr,Rs10.0 Cr,10.0,FIR_2022,FIR (2022 film),667255.0
Veetla Vishesham,2022,Tamil,post_covid,3.650000035762787,ok,True,"Comedy, Drama",Comedy,U,U,True,,17 Jun 2022,False,Sathyaraj; RJ Balaji; Urvashi; Aparna Balamurali,N.J. Saravanan,Zee Studio,1,3.8147332366462705,4,1.2116,0.7755,0,Friday,6,7.0,6.0,Rs9.6 Cr,Rs7.4 Cr,Rs1.0 Cr,Rs1.0 Cr,,Veetla_Vishesham_2022,Veetla Vishesham,927602.0
Maamanithan,2022,Tamil,post_covid,3.149999976158142,ok,True,"Drama, Romantic",Drama,U,U,True,124.0,24 Jun 2022,False,Vijay Sethupathi; Gayathrie,Seenu Ramasamy,YSR Productions,1,2.8667348855997794,6,1.9184,0.902,0,Friday,6,5.0,3.0,₹0.00 Cr,Rs5.03 Cr,₹0.00 Cr,Rs1.0 Cr,,Maamanithan_2021,Maamanithan (2022 film),752877.0
Gatta Kusthi,2022,Tamil,post_covid,2.649999976158142,ok,True,"Drama, Sports",Drama,UA,UA,True,,02 Dec 2022,False,Vishnu Vishal; Karunas; Aishwarya Lekshmi,Chella Ayyavu,VV Studioz,1,1.749199854809259,1,1.5169,3.0783,0,Friday,12,5.774,31.0,Rs14.58 Cr,Rs8.61 Cr,Rs3.0 Cr,Rs5.0 Cr,5.0,Gatta_Kusthi_2022,Gatta Kusthi,959163.0
Hey Sinamika,2022,Tamil,post_covid,2.259999990463257,ok,True,"Comedy, Drama, Romantic",Comedy,U,U,True,148.0,03 Mar 2022,False,Dulquer Salmaan; Kajal Aggarwal; Aditi Rao Hydari,Brindha,Jio Studios,1,2.446685432839342,4,1.8123,1.2853,0,Thursday,3,5.731,26.0,Rs3.75 Cr,Rs3.87 Cr,Rs0.0 Cr,Rs1.0 Cr,,Hey_Sinamika_2021,Hey Sinamika,803736.0
Manmatha Leelai,2022,Tamil,post_covid,2.240000009536743,ok,True,"Comedy, Romantic",Comedy,A,A,True,,01 Apr 2022,False,Ashok Selvan; Smruthi Venkat; Riya Suman; Samyuktha Hegde,Venkat Prabhu,Rockfort Entertainment,1,,0,0.7722,1.9312,0,Friday,4,5.0,8.0,Rs3.0 Cr,Rs3.05 Cr,Rs0.2 Cr,Rs1.0 Cr,,Manmatha_Leelai_2022,Manmadha Leelai (2022 film),864754.0
Coffee With Kaadhal,2022,Tamil,post_covid,1.9399999976158144,ok,True,"Comedy, Romantic",Comedy,,,False,147.0,04 Nov 2022,False,Redin Kingsley; Jiiva; Aishwarya Dutta; Amritha Aiyer; Samyuktha Shanmuganathan; Raiza Wilson; Dhivyadharshini; Malvika Sharma,Sundar C.,Red Giant Movies,1,1.3639264223802243,2,0.8935,0.7429,0,Friday,11,6.8,3.0,Rs0.7 Cr,Rs2.42 Cr,Rs0.0 Cr,Rs1.0 Cr,,Coffee_With_Kaadhal_2022,Coffee with Kadhal,984631.0
Diary,2022,Tamil,post_covid,1.7500000298023224,ok,True,"Crime, Drama, Thriller",Crime,UA,UA,True,132.0,26 Aug 2022,False,V. Jayaprakash; Arulnithi Tamilarasu; Kishore Kumar G.,Innasi Pandiyan,FiveStar Creations,1,0.9881850435937701,2,0.9307,1.3759,0,Friday,8,7.0,7.0,Rs4.5 Cr,Rs3.3 Cr,Rs0.63 Cr,Rs1.0 Cr,,Diary_2022,Diary (2022 film),807598.0
Natchathiram Nagargiradhu,2022,Tamil,post_covid,1.419999986886978,ok,True,"Drama, Political, Romantic",Drama,A,A,True,170.0,31 Aug 2022,False,Kalaiyarasan; Shabeer Kallarakkal; Charles Vinoth; Kalidas Jayaram; Sindhuja Viji; Dushara Vijayan,Pa. Ranjith,Yaazhi Films,1,,0,2.5448,0.9123,0,Wednesday,8,6.9,9.0,Rs3.94 Cr,Rs2.94 Cr,Rs0.5 Cr,Rs1.0 Cr,,Natchathiram_Nagargiradhu_2022,Natchathiram Nagargiradhu,856007.0
My Dear Bootham,2022,Tamil,post_covid,0.9900000244379044,ok,True,"Comedy, Drama",Comedy,,,False,,15 Jul 2022,False,,,,0,2.5330159267168453,222,1.2278,1.7704,0,Friday,7,6.0,1.0,₹0.00 Cr,Rs1.38 Cr,₹0.00 Cr,Rs1.0 Cr,,My_Dear_Bootham_2022,My Dear Bootham (film),923003.0
Pattathu Arasan,2022,Tamil,post_covid,0.9000000059604645,ok,True,Drama,Drama,U,U,True,137.0,25 Nov 2022,False,,,,0,2.45898597612974,231,2.63,0.7511,0,Friday,11,5.0,2.0,₹0.00 Cr,Rs1.64 Cr,₹0.00 Cr,Rs1.0 Cr,,Pattathu_Arasan_2022,Pattathu Arasan,1046902.0
Maha,2022,Tamil,post_covid,0.870000034570694,ok,True,"Crime, Mystery, Thriller",Crime,UA,UA,True,171.0,22 Jul 2022,False,T.R. Silambarasan; Srikanth Krishnamachari; Thambi Ramaiah; Hansika Motwani,U.R.Jameel,Etcetera Entertaiments,1,2.1931338283095148,2,1.0348,1.6422,0,Friday,7,6.0,2.0,₹0.00 Cr,Rs1.33 Cr,₹0.00 Cr,Rs1.0 Cr,,Maha_2022,Maha (film),567460.0
Varalaru Mukkiyam,2022,Tamil,post_covid,0.6899999976158142,ok,True,"Comedy, Romantic",Comedy,UA,UA,True,,09 Dec 2022,False,,,,0,2.4308574657456936,235,0.8935,1.1787,0,Friday,12,5.333,3.0,₹0.00 Cr,Rs1.24 Cr,₹0.00 Cr,Rs1.0 Cr,,Varalaru_Mukkiyam_2022,Varalaru Mukkiyam,926172.0
Kuruthi Aattam,2022,Tamil,post_covid,0.6099999994039536,ok,True,"Action, Thriller",Action,UA,UA,True,,05 Aug 2022,False,,,,0,2.516070919631015,224,2.63,0.7607,0,Friday,8,6.0,3.0,₹0.00 Cr,Rs1.01 Cr,₹0.00 Cr,Rs1.0 Cr,,Kuruthi_Aattam_2022,Kuruthi Aattam,886447.0
Leo,2023,Tamil,post_covid,92.98999977111816,ok,True,"Action, Drama",Action,,,False,164.0,19 Oct 2023,False,Sanjay Dutt; Gautham Vasudev Menon; Vijay Chandrasekhar; Priya Anand; Trisha Krishnan,Lokesh Kanagaraj,Seven Screen Studio,1,3.7778979302582867,7,4.9595,6.407,0,Thursday,10,7.345,1400.0,Rs605.9 Cr,Rs271.11 Cr,Rs204.0 Cr,Rs250.0 Cr,250.0,Thalapathy_67_2023,Leo (2023 Indian film),1075794.0
Jailer,2023,Tamil,post_covid,83.45000076293945,ok,True,"Action, Drama, Thriller",Action,UA,UA,True,169.0,10 Aug 2023,False,Mohanlal; Sunil Varma; Jackie Shroff; Yogi Babu; Rajinikanth; Shivarajkumar; Vasanth Ravi; Tamanna Bhatia; Ramya Krishnan,Nelson Dilipkumar,Sun Pictures,1,3.5289302108249037,7,1.8497,2.7754,0,Thursday,8,6.531,127.0,Rs604.5 Cr,Rs268.87 Cr,Rs196.0 Cr,Rs200.0 Cr,200.0,Thalaivar_169_2023,Jailer (2023 Tamil film),937020.0
Ponniyin Selvan - Part 2,2023,Tamil,post_covid,61.920000076293945,ok,True,"Action, Drama, Period",Action,U,U,True,165.0,28 Apr 2023,False,Vikram Kennedy; Ravi Mohan; Karthik Sivakumar; Trisha Krishnan; Sobhita Dhulipala; Sara Arjun; Aishwarya Rai Bachchan,Mani Ratnam,Madras Talkies,1,3.4743704073523034,5,2.4555,1.6929,1,Friday,4,6.2,63.0,Rs344.63 Cr,Rs143.46 Cr,Rs130.0 Cr,Rs1.0 Cr,244.85,Ponniyin_Selvan_Part_2_2022,Ponniyin Selvan: II,858082.0
Varisu,2023,Tamil,post_covid,36.34999942779541,ok,True,"Action, Drama, Thriller",Action,U,U,True,175.0,11 Jan 2023,False,Vijay Chandrasekhar; Prakash Raj; Prabhu Ganesan; Shaam; R. Sarathkumar; Yogi Babu; Rashmika Mandanna; Khushbu Sundar,Vamsi Paidipally,Sri Venkateswara Creations,1,3.8304196082581297,13,2.6364,1.8279,0,Wednesday,1,5.037,67.0,Rs297.55 Cr,Rs149.24 Cr,Rs89.0 Cr,Rs200.0 Cr,200.0,Thalapathy_66_2022,Varisu,835017.0
Thunivu,2023,Tamil,post_covid,30.649999618530273,ok,True,"Action, Drama, Thriller",Action,UA,U/A 13+,True,146.0,11 Jan 2023,False,Chirag Jani; Samuthirakani; Ajith Kumar; Ajay; Manju Warrier,H. Vinoth,Zee Studio,1,3.8669594278277355,5,1.8613,1.2218,0,Wednesday,1,5.733,43.0,Rs200.0 Cr,Rs118.35 Cr,Rs55.9 Cr,Rs200.0 Cr,200.0,Thunivu_2023,Thunivu,904557.0
Maaveeran,2023,Tamil,post_covid,25.5,ok,True,"Action, Drama, Thriller",Action,UA,UA,True,166.0,14 Jul 2023,False,Sunil Varma; Mysskin; Sivakarthikeyan; Yogi Babu; Aditi Shankar,Madonne Ashwin,Shanthi Talkies,1,3.078811275013202,3,1.12,1.4294,0,Friday,7,7.135,52.0,Rs78.4 Cr,Rs49.73 Cr,Rs15.5 Cr,Rs1.0 Cr,33.2,Maaveeran_2023,Maaveeran (2023 film),987895.0
Mark Antony,2023,Tamil,post_covid,24.800000190734863,ok,True,"Action, Thriller",Action,UA,UA,True,150.0,15 Sep 2023,False,S. J. Suryah; Sunil Varma; Vishal Krishna; K. Selvaraghavan; Ritu Varma; MG Abhinaya,Adhik Ravichandran,Mini Studios,1,2.6980105839025446,5,1.6616,1.4493,0,Friday,9,6.094,32.0,Rs104.3 Cr,Rs64.9 Cr,Rs19.0 Cr,Rs1.0 Cr,,Mark_Antony_2022,Mark Antony (2023 film),922087.0
Maamannan,2023,Tamil,post_covid,19.90000009536743,ok,True,Thriller,Thriller,UA,UA,True,155.0,29 Jun 2023,False,Udhayanidhi Stalin; Fahadh Faasil; Vadivelu; Keerthy Suresh,Mari Selvaraj,Red Giant Movies,1,2.127825805944315,6,2.4234,1.0464,0,Thursday,6,5.983,30.0,Rs73.8 Cr,Rs50.39 Cr,Rs12.8 Cr,Rs1.0 Cr,,Maamannan_2022,Maamannan,906223.0
Vaathi/SIR,2023,Tamil,post_covid,18.84999990463257,ok,True,"Action, Drama",Action,U,U,True,148.0,17 Feb 2023,False,P. Sai Kumar; Dhanush; Tanikella Bharani; Samuthirakani; Samyuktha Menon,Venky Atluri,Srikara Studios,1,2.87583059289398,4,1.9061,1.3096,0,Friday,2,6.771,35.0,Rs116.2 Cr,Rs40.17 Cr,Rs25.0 Cr,Rs35.0 Cr,35.0,Vaathi_2022,Vaathi,918864.0
Jigarthanda Double X,2023,Tamil,post_covid,13.849999904632568,ok,True,"Action, Drama, Thriller",Action,UA,UA,True,170.0,10 Nov 2023,True,S. J. Suryah; Naveen Chandra; Raghavendra Lawrence; Shine Tom Chacko; Nimisha Sajayan,Karthik Subbaraj,Stone Bench Films,1,2.8361015627570074,4,1.6616,1.3355,0,Friday,11,7.6,57.0,Rs64.55 Cr,Rs40.68 Cr,Rs12.3 Cr,Rs1.0 Cr,,Jigarthanda_Double_X_2023,Jigarthanda DoubleX,1007074.0
Viduthalai Part - 1,2023,Tamil,post_covid,12.700000047683716,ok,True,"Crime, Drama, Thriller",Crime,A,A,True,150.0,31 Mar 2023,False,Soori Muthuchamy; Vijay Sethupathi; Gautham Vasudev Menon; Bhavani Sre,Vetrimaaran,RS Infotainment,1,3.2047769043575602,9,3.9093,1.3444,1,Friday,3,7.858,53.0,Rs53.0 Cr,Rs35.88 Cr,Rs9.25 Cr,Rs1.0 Cr,39.84,Viduthalai_Part_1_2023,Viduthalai Part 1,786345.0
Pichaikkaran 2,2023,Tamil,post_covid,8.849999904632568,ok,True,"Action, Thriller",Action,UA,UA,True,160.0,19 May 2023,False,John Vijay; Hareesh Peradi; Kavya Thapar,Vijay Antony,Vijay Anthony Film Corporation,1,1.79342476679546,1,1.2212,1.1185,1,Friday,5,4.4,12.0,Rs41.45 Cr,Rs18.34 Cr,Rs1.2 Cr,Rs1.0 Cr,,Bichagadu_2_2023,Pichaikkaran 2,748917.0
Japan,2023,Tamil,post_covid,7.75,ok,True,"Action, Drama, Thriller",Action,UA,UA,True,154.0,10 Nov 2023,True,Karthik Sivakumar; K. S. Ravikumar; Vagai Chandrasekhar; Sunil Varma; Vijay Milton; Anu Emmanuel,Raju Murugan,Dream Warrior Pictures,1,3.2874145095943823,6,1.2592,1.1429,0,Friday,11,3.333,9.0,Rs26.55 Cr,Rs13.01 Cr,Rs5.25 Cr,Rs1.0 Cr,,Japan_2023,Japan (2023 film),1010805.0
Pathu Thala,2023,Tamil,post_covid,7.350000023841858,ok,True,"Action, Thriller",Action,UA,UA,True,152.0,30 Mar 2023,False,T.R. Silambarasan; Gautham Karthik; Gautham Vasudev Menon; Priya Bhavani Shankar; Anu Sithara,Obeli N. Krishna,Studio Green,1,1.9500747536870682,5,1.0348,1.1594,0,Thursday,3,6.1,15.0,Rs30.0 Cr,Rs21.6 Cr,Rs4.5 Cr,Rs1.0 Cr,,Pathu_Thala_2023,Pathu Thala,882392.0
Por Thozhil,2023,Tamil,post_covid,6.199999988079071,ok,True,"Crime, Thriller",Crime,UA,UA,True,147.0,09 Jun 2023,False,Ashok Selvan; R. Sarathkumar; Nikhila Vimal,Vignesh Raja,With Applause Entertainment Ltd.,1,1.5848427955979478,2,0.9426,1.5718,0,Friday,6,7.173,49.0,Rs38.2 Cr,Rs28.1 Cr,Rs5.0 Cr,Rs1.0 Cr,,Por_Thozhil_2023,Por Thozhil,1115239.0
Agilan,2023,Tamil,post_covid,5.010000109672546,ok,True,"Action, Drama, Thriller",Action,UA,UA,True,131.0,10 Mar 2023,False,Hareesh Peradi; Chirag Jani; Ravi Mohan; Harish Uthaman; Priya Bhavani Shankar; Tanya Ravichandran,N. Kalyanakrishnan,Screen Scene,1,4.390738584729924,2,1.1668,0.8224,0,Friday,3,4.0,11.0,Rs2.25 Cr,Rs9.15 Cr,Rs0.4 Cr,Rs1.0 Cr,,Agilan_2023,Agilan,937702.0
Kathar Basha Endra Muthuramalingam,2023,Tamil,post_covid,3.640000104904175,ok,True,"Action, Crime, Drama",Action,UA,UA,True,153.0,02 Jun 2023,False,Arya Cethirakath; Siddhi Idnani,M. Muthaiah,Zee Studios,1,3.5953926110204724,2,1.5089,0.966,0,Friday,6,5.7,3.0,Rs1.3 Cr,Rs6.22 Cr,Rs0.0 Cr,Rs1.0 Cr,,Kathar_Basha_Endra_Muthuramalingam_2023,Kathar Basha Endra Muthuramalingam,1033880.0
80s Buildup,2023,Tamil,post_covid,2.9999999403953552,ok,True,"Comedy, Fantasy",Comedy,U,U,True,,24 Nov 2023,False,Mottai Rajendran; Santhanam; Aadukalam Naren; Munishkanth; Radhika Preethi,Kalyaan,Studio Green,1,2.4069451083182885,5,1.3443,0.8612,0,Friday,11,5.2,2.0,Rs3.5 Cr,Rs5.72 Cr,Rs0.0 Cr,Rs1.0 Cr,,80s_Buildup_2023,80s Buildup,1195516.0
LGM - Let's Get Married,2023,Tamil,post_covid,2.75,ok,True,"Comedy, Romantic",Comedy,U,U,True,151.0,28 Jul 2023,False,Yogi Babu; Harish Kalyan; Nadiya Moidu; Ivana,Ramesh Thamilmani,Dhoni Entertainment,1,2.3420737080625673,9,1.4972,0.7675,0,Friday,7,4.6,5.0,Rs4.7 Cr,Rs4.03 Cr,Rs0.0 Cr,Rs1.0 Cr,,LGM_Lets_Get_Married_2023,Let's Get Married (2023 film),1079221.0
Annapoorani - The Goddess of Food,2023,Tamil,post_covid,2.399999976158142,ok,True,Drama,Drama,UA,UA,True,146.0,01 Dec 2023,False,Jai Sampath; Sathyaraj; Nayanthara,Nilesh Krishnaa,Zee Studio,1,3.8784662218993033,9,2.3217,1.2479,0,Friday,12,5.286,14.0,Rs5.35 Cr,Rs4.55 Cr,Rs0.0 Cr,Rs1.0 Cr,,Annapoorani__The_Goddess_of_Food_2023,Annapoorani: The Goddess of Food,1111580.0
The Greatest of All Time,2024,Tamil,post_covid,81.69999885559082,ok,True,"Action, Drama, Thriller",Action,UA,U/A,True,183.0,05 Sep 2024,False,Ajmal Ameer; Yogi Babu; Prabhu Deva; Prashanth; Vijay Chandrasekhar; Sneha; Meenakshii Chaudhary,Venkat Prabhu,AGS Entertainment,1,3.0353905141515525,14,2.6364,2.0298,0,Thursday,9,4.7,50.0,Rs457.12 Cr,Rs225.01 Cr,Rs160.25 Cr,Rs1.0 Cr,298.8,The_Greatest_of_All_Time_2024,The Greatest of All Time,1129608.0
Vettaiyan,2024,Tamil,post_covid,64.10000038146973,ok,True,Action,Action,UA,UA,True,163.0,10 Oct 2024,False,Rajinikanth; Rana Daggubati; Amitabh Bachchan; Fahadh Faasil; Ritika Singh; Manju Warrier; Dushara Vijayan,T. J. Gnanavel,Lyca Productions,1,4.252202315100386,13,12.5964,1.4389,0,Thursday,10,6.2,42.0,Rs253.69 Cr,Rs123.89 Cr,Rs82.0 Cr,Rs300.0 Cr,300.0,Vettaiyan_2024,Vettaiyan,1093966.0
Amaran,2024,Tamil,post_covid,51.19999885559082,ok,True,"Action, Drama, Thriller, War",Action,UA,UA,True,169.0,31 Oct 2024,True,Bhuvan Arora; Sivakarthikeyan; Rahul Bose; Sai Pallavi,Rajkumar Periasamy,Sony Pictures Films India,1,3.043657972211605,5,1.8535,2.7105,0,Thursday,10,7.402,264.0,Rs333.67 Cr,Rs167.9 Cr,Rs80.0 Cr,Rs1.0 Cr,122.01,Amaran_2024,Amaran (2024 film),927342.0
Indian 2,2024,Tamil,post_covid,41.55000019073486,ok,True,"Action, Thriller",Action,UA,UA,True,183.0,12 Jul 2024,False,Kamal Haasan; S. J. Suryah; Siddharth; Bobby Simha; Rakul Preet Singh,S. Shankar,Lyca Productions,1,4.535758916739903,5,6.7349,1.2843,1,Friday,7,3.109,32.0,Rs148.9 Cr,Rs56.65 Cr,Rs53.0 Cr,Rs1.0 Cr,,Indian_2,Indian 2,552398.0
Raayan,2024,Tamil,post_covid,37.20000076293945,ok,True,"Action, Drama, Thriller",Action,A,A,True,145.0,26 Jul 2024,False,S. J. Suryah; Kalidas Jayaram; Sundeep Kishan; Dhanush; Prakash Raj; Selvaraghavan; Dushara Vijayan; Aparna Balamurali,Dhanush,Sun Pictures,1,2.965514328226113,6,2.5448,1.4072,0,Friday,7,6.049,41.0,Rs154.0 Cr,Rs80.13 Cr,Rs43.5 Cr,Rs1.0 Cr,98.77,Raayan_2024,Raayan,1136418.0
Captain Miller,2024,Tamil,post_covid,21.450000286102295,ok,True,"Action, Drama, Period",Action,UA,U/A,True,157.0,12 Jan 2024,False,Edward Sonnenblick; Sundeep Kishan; Dhanush; Shivarajkumar; Priyanka Arul Mohan,Arun Matheshwaran,Sathya Jyothi Films,1,2.8983052747809426,5,1.9061,1.3551,0,Friday,1,6.8,83.0,Rs75.08 Cr,Rs42.96 Cr,Rs17.0 Cr,Rs1.0 Cr,49.9328,Captain_Miller_2022,Captain Miller (film),962074.0
Viduthalai Part - 2,2024,Tamil,post_covid,21.199999809265137,ok,True,"Action, Crime, Drama",Action,A,A,True,171.0,20 Dec 2024,False,Soori Muthuchamy; Vijay Sethupathi; Manju Warrier,Vetrimaaran,RS Infotainment,1,2.8564812162714657,13,4.6876,1.0992,1,Friday,12,6.9,21.0,Rs55.0 Cr,Rs36.33 Cr,Rs10.2 Cr,Rs1.0 Cr,53.95,Viduthalai_Part__2_2024,Viduthalai Part 2,1020354.0
Aranmanai 4,2024,Tamil,post_covid,17.450000286102295,ok,True,"Comedy, Horror",Comedy,UA,U/A,True,147.0,03 May 2024,False,Sundar C; Santhosh Prathap; Yogi Babu; Tamanna Bhatia; Raashi Khanna; Kovai Sarala,Sundar C.,Benzz Media (P) Ltd.,1,2.214731295067865,13,4.9487,1.1654,1,Friday,5,4.667,9.0,Rs98.75 Cr,Rs60.23 Cr,Rs20.0 Cr,Rs1.0 Cr,,Aranmanai_4_2024,Aranmanai 4,1140905.0
Maharaja,2024,Tamil,post_covid,17.09999990463257,ok,True,"Action, Drama",Action,UA,UA,True,140.0,14 Jun 2024,False,Vijay Sethupathi; Anurag Kashyap; Mamta Mohandas; Abhirami,Nithilan Swaminathan,The Route,1,2.619045137980904,12,2.3897,3.6664,0,Friday,6,7.709,253.0,Rs199.2 Cr,Rs57.0 Cr,Rs115.7 Cr,Rs1.0 Cr,,Maharaja_2024,Maharaja (2024 film),1118224.0
Kanguva,2024,Tamil,post_covid,16.329999923706055,ok,True,"Action, Drama, Thriller",Action,UA,UA,True,155.0,14 Nov 2024,False,Bobby Deol; Suriya; Yogi Babu; Disha Patani,Siva,UV Creations,1,3.76089474406227,15,3.5161,1.685,0,Thursday,11,3.813,32.0,Rs106.64 Cr,Rs39.1 Cr,Rs24.0 Cr,Rs1.0 Cr,312.4701,Suriya_42_2023,Kanguva,622792.0
Thangalaan,2024,Tamil,post_covid,14.900000095367432,ok,True,"Action, Adventure, Historical",Action,UA,U/A,True,156.0,15 Aug 2024,True,Vikram Kennedy; Pasupathy; Malavika Mohanan; Parvathy Thiruvothu,Pa. Ranjith,Studio Green,1,3.7000666387891763,3,1.5554,1.6689,0,Thursday,8,6.9,20.0,Rs69.8 Cr,Rs37.7 Cr,Rs16.5 Cr,Rs1.0 Cr,,Thangalaan_2024,Thangalaan,910784.0
Garudan,2024,Tamil,post_covid,14.599999904632568,ok,True,"Action, Drama",Action,UA,UA,True,133.0,31 May 2024,False,Unni Mukundan; Soori Muthuchamy; M. Sasikumar,Durai Senthil Kumar,Lark Studios,1,2.9110863703361014,3,1.8888,1.0804,0,Friday,5,7.0,19.0,Rs59.5 Cr,Rs43.95 Cr,Rs8.5 Cr,Rs1.0 Cr,,Garudan_2024,Garudan (2024 film),1186312.0
Ayalaan,2024,Tamil,post_covid,13.950000047683716,ok,True,Sci-Fi,Sci-Fi,U,U,True,155.0,12 Jan 2024,False,Sivakarthikeyan; Yogi Babu; Sharad Kelkar; Isha Koppikar; Rakul Preet Singh,R. Ravikumar,KJR Studios,1,3.128394639507946,10,1.1492,1.2501,0,Friday,1,5.471,17.0,Rs76.64 Cr,Rs49.81 Cr,Rs17.85 Cr,Rs1.0 Cr,99.6,Ayalaan_2021,Ayalaan,755388.0
Demonte Colony 2 - Vengeance Of The Unholy,2024,Tamil,post_covid,11.900000095367432,ok,True,"Horror, Thriller",Horror,,,False,144.0,15 Aug 2024,True,Arulnithi Tamilarasu; Priya Bhavani Shankar; Archana Ravichandran,R. Ajay Gnanamuthu,White Nights Entertainment,1,1.252762968495368,3,,,1,Thursday,8,,,Rs47.5 Cr,Rs33.33 Cr,Rs6.0 Cr,Rs1.0 Cr,,Demonte_Colony_2__Vengeance_Of_The_Unholy_2024,Demonte Colony 2,
Meiyazhagan,2024,Tamil,post_covid,11.650000095367432,ok,True,"Comedy, Drama",Comedy,U,U,True,178.0,27 Sep 2024,False,Karthik Sivakumar; Rajkiran; Arvind Swamy; Sri Divya,C. Prem Kumar,2D Entertainment,1,3.127648679705117,7,1.2592,2.1571,0,Friday,9,8.2,63.0,Rs51.43 Cr,Rs26.48 Cr,Rs12.25 Cr,Rs1.0 Cr,,Meiyazhagan_2024,Meiyazhagan,1136423.0
Lal Salaam,2024,Tamil,post_covid,9.150000095367432,ok,True,"Action, Drama, Thriller",Action,,,False,150.0,09 Feb 2024,False,Rajinikanth; Vishnu Vishal; Vikranth,Aishwarya Rajinikanth,Lyca Productions,1,3.890773940009011,3,1.8497,1.1142,0,Friday,2,2.5,2.0,Rs31.25 Cr,Rs16.15 Cr,Rs10.25 Cr,Rs1.0 Cr,8.1755,Lal_Salaam_2023,Lal Salaam (2024 film),1044552.0
Vaazhai,2024,Tamil,post_covid,7.649999976158142,ok,True,Drama,Drama,U,U,True,136.0,23 Aug 2024,False,Kalaiyarasan; Nikhila Vimal; Dhivya Dhuraisamy; Priyanka Nair,Mari Selvaraj,Navvi Studios,1,1.9740810243663252,2,0.7267,1.0166,0,Friday,8,6.941,17.0,Rs39.5 Cr,Rs28.91 Cr,Rs6.1 Cr,Rs1.0 Cr,,Vaazhai_2024,Vaazhai,1051426.0
Siren,2024,Tamil,post_covid,5.649999976158142,ok,True,"Action, Drama",Action,,,False,,16 Feb 2024,False,Yogi Babu; Ravi Mohan; Keerthi Suresh; Anupama Parameswaran,Anthony Bhagyaraj,Home Movie Makers,1,3.033168878162455,11,1.6677,1.019,0,Friday,2,6.2,7.0,Rs19.75 Cr,Rs14.05 Cr,Rs3.45 Cr,Rs1.0 Cr,,Siren_2024,Siren (2024 film),1019232.0
Brother,2024,Tamil,post_covid,5.190000057220459,ok,True,"Comedy, Drama, Family",Comedy,,,False,89.0,31 Oct 2024,True,Ravi Mohan; Natarajan Subramaniam; Priyanka Arulmohan; Bhumika Chawla,M. Rajesh,Screen Scene Media Entertainment,1,2.8054584727464684,5,3.6828,13.9795,0,Thursday,10,7.283,5861.0,Rs8.2 Cr,Rs9.35 Cr,Rs0.0 Cr,Rs1.0 Cr,1062.4,Brother_2024,Brothers (2024 film),10009.0
Lubber Pandhu,2024,Tamil,post_covid,4.25,ok,True,"Drama, Romantic, Sports",Drama,U,U,True,144.0,20 Sep 2024,False,Harish Kalyan; Dinesh; Swasika; Sanjana Krishnamoorthy,Tamizharasan Pachamuthu,Prince Pictures,1,1.3150443362599944,2,2.7087,0.9535,0,Friday,9,7.611,18.0,Rs47.25 Cr,Rs37.56 Cr,Rs4.0 Cr,Rs1.0 Cr,,Lubber_Pandhu_2024,Lubber Pandhu,1097000.0
Bloody Beggar,2024,Tamil,post_covid,4.149999976158142,ok,True,"Comedy, Drama",Comedy,,,False,139.0,31 Oct 2024,True,Kavin Raj; Redin Kingsley; Sunil Sukhada; Anarkali Nazar,Sivabalan Muthukumar,Filament Pictures,1,2.1124304988805225,2,0.9204,1.058,0,Thursday,10,6.2,10.0,Rs9.21 Cr,Rs7.71 Cr,Rs0.0 Cr,Rs1.0 Cr,,Bloody_Beggar_2024,Bloody Beggar,1311073.0
Singapore Saloon,2024,Tamil,post_covid,3.600000023841858,ok,True,"Comedy, Drama",Comedy,,,False,,25 Jan 2024,False,Sathyaraj; RJ Balaji; Lal; Meenakshii Chaudhary,Gokul (director),Vels Film International,1,2.696885041354892,10,1.2116,0.9509,0,Thursday,1,6.2,5.0,Rs9.18 Cr,Rs7.9 Cr,Rs0.0 Cr,Rs1.0 Cr,,Singapore_Saloon_2024,Singapore Saloon,1046924.0
Blue Star,2024,Tamil,post_covid,3.5999999046325684,ok,True,"Drama, Sports",Drama,,,False,166.0,25 Jan 2024,False,,,,0,2.2304900947512913,265,0.7645,0.8368,0,Thursday,1,7.8,8.0,Rs10.32 Cr,Rs8.91 Cr,Rs0.0 Cr,Rs1.0 Cr,,Blue_Star_2024,Blue Star (film),1230097.0
Inga Naan Thaan Kingu,2024,Tamil,post_covid,3.5600000619888306,ok,True,"Comedy, Crime",Comedy,U,U,True,,17 May 2024,False,Santhanam; Thambi Ramaiah; Priyalaya,Anand Narayan,Gopuram Studios,1,1.4747999198028876,7,1.3443,0.8469,0,Friday,5,5.0,1.0,Rs1.26 Cr,Rs6.98 Cr,₹0.00 Cr,Rs1.0 Cr,,Inga_Naan_Thaan_Kingu_2024,Inga Naan Thaan Kingu,1278884.0
Vadakkupatti Ramasamy,2024,Tamil,post_covid,3.3399999737739563,ok,True,Drama,Drama,U,U,True,140.0,02 Feb 2024,False,Santhanam; Mottai Rajendran; Nizhalgal Ravi; Megha Akash,Karthik Yogi,People Media Factory,1,1.8966197272685088,6,1.3443,0.8411,0,Friday,2,6.6,5.0,Rs9.96 Cr,Rs8.58 Cr,Rs0.0 Cr,Rs1.0 Cr,,Vadakkupatti_Ramasamy_2024,Vadakkupatti Ramasamy,1115680.0
Andhagan,2024,Tamil,post_covid,3.049999952316284,ok,True,"Comedy, Thriller",Comedy,,,False,135.0,09 Aug 2024,False,Prashanth Thyagarajan; Samuthirakani; Simran; Priya Anand,Thiagarajan,Staar Movies,1,3.822098297900159,8,2.2743,0.9002,0,Friday,8,7.0,2.0,Rs6.11 Cr,Rs5.82 Cr,Rs0.0 Cr,Rs1.0 Cr,,Andhagan_2024,Andhagan,904704.0
Sorgavaasal,2024,Tamil,post_covid,2.830000042915344,ok,True,"Action, Crime, Drama",Action,A,A,True,135.0,29 Nov 2024,False,,,,0,1.6198823660448418,412,1.1597,1.1864,0,Friday,11,6.714,7.0,Rs0.95 Cr,Rs5.45 Cr,₹0.00 Cr,Rs1.0 Cr,24.9,Sorgavaasal_2024,Sorgavaasal,1323267.0
Lover,2024,Tamil,post_covid,2.790000021457672,ok,True,"Drama, Romantic",Drama,UA,UA,True,,09 Feb 2024,False,Manikandan K.; Nikhila Sankar; Sri Gouri Priya,Prabhu Ram Vyas,MRP Entertainment,1,,0,1.5125,1.1749,0,Friday,2,7.353,17.0,Rs9.44 Cr,Rs8.17 Cr,Rs0.0 Cr,Rs1.0 Cr,,Lover_2024,Lover (2024 film),1219158.0
Romeo,2024,Tamil,post_covid,2.4699999690055847,ok,True,"Comedy, Romantic",Comedy,,,False,150.0,11 Apr 2024,True,,,,0,2.0077983302488276,305,2.1277,1.1001,0,Thursday,4,6.522,89.0,Rs1.36 Cr,Rs8.47 Cr,₹0.00 Cr,Rs1.0 Cr,,Romeo_2024,Romeo (2024 film),1168806.0
Kadaisi Ulaga Por,2024,Tamil,post_covid,2.2899999618530273,ok,True,"Action, Sci-Fi, Thriller, War",Action,,,False,138.0,20 Sep 2024,False,,,,0,1.7445275358161618,371,1.3269,1.111,0,Friday,9,5.8,5.0,Rs1.12 Cr,Rs3.97 Cr,Rs0.0 Cr,Rs1.0 Cr,,Kadaisi_Ulaga_Por_2024,Kadaisi Ulaga Por,1318349.0
Mazhai Pidikatha Manithan,2024,Tamil,post_covid,1.6299999952316284,ok,True,"Action, Drama",Action,,,False,133.0,02 Aug 2024,False,,,,0,1.7935438635274155,353,0.8748,0.8765,0,Friday,8,2.0,1.0,Rs0.06 Cr,Rs2.74 Cr,₹0.00 Cr,Rs1.0 Cr,,Mazhai_Pidikatha_Manithan_2024,Mazhai Pidikkatha Manithan,896954.0
Black,2024,Tamil,post_covid,1.449999988079071,ok,True,"Horror, Thriller",Horror,UA,U/A,True,117.0,11 Oct 2024,False,Jiiva; Priya Bhavani Shankar,KG Balasubramani,Potential Studios LLP,1,1.9049951436279093,4,8.1075,21.0382,0,Friday,10,6.769,7245.0,Rs11.82 Cr,Rs11.23 Cr,Rs0.0 Cr,Rs1.0 Cr,1660.0,Black_2024,Black (2024 film),436270.0
Joshua: Imai Pol Kaakha,2024,Tamil,post_covid,1.4100000262260437,ok,True,"Action, Crime, Thriller",Action,,,False,140.0,01 Mar 2024,False,,,,0,2.14884614141595,279,0.7599,1.5933,0,Friday,3,3.8,5.0,Rs0.78 Cr,Rs2.11 Cr,₹0.00 Cr,Rs1.0 Cr,,Joshua_Imai_Pol_Kaakha_2024,Joshua: Imai Pol Kaakha,652784.0
Miss You,2024,Tamil,post_covid,1.39000004529953,ok,True,"Comedy, Romantic",Comedy,UA,UA,True,,13 Dec 2024,False,,,,0,1.6192116213677297,413,1.2626,0.9477,0,Friday,12,6.1,6.0,Rs0.3 Cr,Rs3.07 Cr,₹0.00 Cr,Rs1.0 Cr,,Miss_You_2024,Miss You (film),1351991.0
Kalvan,2024,Tamil,post_covid,1.350000023841858,ok,True,"Adventure, Drama",Adventure,UA,UA,True,,04 Apr 2024,False,,,,0,2.016441422792482,303,0.7996,0.7687,0,Thursday,4,6.0,1.0,Rs3.7 Cr,Rs3.24 Cr,Rs0.0 Cr,Rs1.0 Cr,,Kalvan_2024,Kalvan (film),1150401.0
Hitler,2024,Tamil,post_covid,1.2899999916553495,ok,True,Drama,Drama,,,False,130.0,27 Sep 2024,False,,,,0,1.7234220835844873,377,0.8326,0.6166,0,Friday,9,2.5,2.0,Rs1.1 Cr,Rs2.28 Cr,₹0.00 Cr,Rs1.0 Cr,,Hitler_2024,Hitler (2024 film),1185591.0
Kottukkaali,2024,Tamil,post_covid,1.0399999916553495,ok,True,"Adventure, Drama",Adventure,UA,UA,True,100.0,23 Aug 2024,False,,,,0,1.7777472288090403,360,1.8888,0.6623,0,Friday,8,7.706,17.0,Rs1.62 Cr,Rs1.44 Cr,₹0.00 Cr,Rs1.0 Cr,,Kottukkaali_2024,The Adamant Girl,1098332.0
Boat,2024,Tamil,post_covid,0.9000000059604645,ok,True,"Adventure, Drama",Adventure,,,False,125.0,02 Aug 2024,False,,,,0,1.7935438635274155,353,4.9049,3.4468,0,Friday,8,7.236,379.0,Rs1.63 Cr,Rs1.46 Cr,₹0.00 Cr,Rs1.0 Cr,332.0,Boat_2024,Boat (2024 film),823452.0
Rebel (2024),2024,Tamil,post_covid,0.8699999898672104,ok,True,"Action, Drama, Thriller",Action,,,False,141.0,22 Mar 2024,False,,,,0,2.059949116484296,294,0.6968,0.4166,0,Friday,3,0.0,0.0,Rs0.21 Cr,Rs1.67 Cr,₹0.00 Cr,Rs1.0 Cr,,Rebel_2024,Rebel (2024 film),1428269.0
Hit list,2024,Tamil,post_covid,0.7700000256299973,ok,True,Drama,Drama,UA,UA,True,,31 May 2024,False,,,,0,1.8985728160807622,326,1.6677,1.3059,0,Friday,5,5.0,1.0,Rs0.56 Cr,Rs1.22 Cr,₹0.00 Cr,Rs1.0 Cr,,Hit_list_2024,Hit List (2024 film),1298116.0
POR,2024,Tamil,post_covid,0.7099999934434891,ok,True,"Action, Drama",Action,A,A,True,147.0,01 Mar 2024,False,,,,0,2.14884614141595,279,1.1046,0.6724,0,Friday,3,0.0,0.0,Rs1.65 Cr,Rs1.46 Cr,₹0.00 Cr,Rs1.0 Cr,,POR_2024,Por Thozhil,1443674.0
Nirangal Moondru,2024,Tamil,post_covid,0.6700000017881393,ok,True,"Crime, Drama, Thriller",Crime,UA,UA,True,120.0,22 Nov 2024,False,,,,0,1.6317201482644241,407,1.0438,0.6699,0,Friday,11,5.7,6.0,Rs0.48 Cr,Rs1.09 Cr,₹0.00 Cr,Rs1.0 Cr,,Nirangal_Moondru_2024,Nirangal Moondru,922360.0
Mission Chapter 1,2024,Tamil,post_covid,0.6500000208616257,ok,True,"Action, Thriller",Action,,,False,144.0,12 Jan 2024,False,,,,0,2.2525095378653957,262,1.2868,0.8824,1,Friday,1,7.0,5.0,Rs6.16 Cr,Rs5.35 Cr,Rs0.0 Cr,Rs1.0 Cr,,Mission_Chapter_1_2024,Mission: Chapter 1,1043311.0
Nandhan,2024,Tamil,post_covid,0.5700000002980232,ok,True,"Drama, Family",Drama,,,False,,20 Sep 2024,False,,,,0,1.7445275358161618,371,0.962,1.1692,0,Friday,9,0.0,0.0,Rs1.18 Cr,Rs1.06 Cr,₹0.00 Cr,Rs1.0 Cr,,Nandhan_2024,Nandhan,1060532.0
J Baby,2024,Tamil,post_covid,0.5199999958276749,ok,True,Drama,Drama,,,False,,08 Mar 2024,False,,,,0,2.120883557528759,284,0.7788,1.4081,0,Friday,3,0.0,0.0,Rs1.37 Cr,Rs1.21 Cr,₹0.00 Cr,Rs1.0 Cr,,J_Baby_2024,J Baby,980517.0
Teenz,2024,Tamil,post_covid,0.5099999979138374,ok,True,"Adventure, Drama, Thriller",Adventure,U,U,True,,12 Jul 2024,False,,,,0,1.8217724500930017,346,0.2732,0.7606,0,Friday,7,5.0,3.0,Rs2.39 Cr,Rs2.15 Cr,₹0.00 Cr,Rs1.0 Cr,,Teenz_2024,Teenz,1313462.0
Ranam Aram Thavarel,2024,Tamil,post_covid,0.4499999955296516,ok,True,"Mystery, Thriller",Mystery,,,False,,23 Feb 2024,False,,,,0,2.175544458706919,275,0.6938,1.1019,0,Friday,2,8.0,1.0,Rs1.58 Cr,Rs1.43 Cr,₹0.00 Cr,Rs1.0 Cr,,Ranam_Aram_Thavarel_2024,Ranam Aram Thavarel,1246021.0
Coolie,2025,Tamil,post_covid,83.54999923706055,ok,True,Action,Action,A,A,True,170.0,14 Aug 2025,True,Rajinikanth; Upendra; Aamir Khan; Nagarjuna Akkineni; Sathyaraj; Soubin Shahir; Shruthi Haasan,Lokesh Kanagaraj,Sun Pictures,1,4.032760593034504,6,1.8497,3.1338,0,Thursday,8,6.153,95.0,Rs518.0 Cr,Rs183.18 Cr,Rs180.5 Cr,Rs350.0 Cr,350.0,Coolie_2025,Coolie (2025 film),1153399.0
Good Bad Ugly,2025,Tamil,post_covid,53.95000076293945,ok,True,"Action, Drama, Thriller",Action,A,A,True,139.0,10 Apr 2025,False,Yogi Babu; Jackie Shroff; Arjun Das; Sunil Varma; Ajith Kumar; Rahul Dev; Tinnu Anand; Sayaji Shinde; Trisha Krishnan; Priya Prakash Varrier,Adhik Ravichandran,Mythri Movie Makers,1,3.5280456285199935,17,6.6159,21.0381,0,Thursday,4,8.468,9939.0,Rs248.25 Cr,Rs147.75 Cr,Rs67.5 Cr,Rs1.0 Cr,9.96,Good_Bad_Ugly_2025,Good Bad Ugly,429.0
Vidaamuyarchi,2025,Tamil,post_covid,35.30000019073486,ok,True,"Action, Mystery, Thriller",Action,UA,U/A,True,150.0,06 Feb 2025,False,Arjun Sarja; Ajith Kumar; Regina Cassandra; Trisha Krishnan,Magizh Thirumeni,Lyca Productions,1,3.7295523307309666,3,1.8613,2.1911,0,Thursday,2,6.0,34.0,Rs135.89 Cr,Rs78.58 Cr,Rs40.15 Cr,Rs1.0 Cr,180.11,Vidaamuyarchi_2025,Vidaamuyarchi,949716.0
Madharasi,2025,Tamil,post_covid,33.39999961853027,ok,True,"Action, Drama",Action,UA,U/A 16+,True,168.0,05 Sep 2025,False,Vidyut Jammwal; Prem Kumar; Sivakarthikeyan; Biju Menon; Vikranth; Monisha Vijay; Rukmini Vasanth,AR Murugadoss,Sri Lakshmi Movies,1,3.195562055670512,6,2.3737,2.2299,0,Friday,9,6.903,31.0,Rs98.75 Cr,Rs57.19 Cr,Rs25.0 Cr,Rs1.0 Cr,199.2,Madharasi_2025,Madharaasi,1297181.0
Dragon,2025,Tamil,post_covid,25.19999933242798,ok,True,"Comedy, Drama, Thriller",Comedy,UA,U/A,True,155.0,21 Feb 2025,False,Pradeep Ranganathan; Mysskin; Gautham Vasudev Menon; Kayadu Lohar; Anupama Parameswaran,Ashwath Marimuthu,AGS Entertainment,1,2.533696813957432,9,5.4669,26.969,0,Friday,2,7.934,3107.0,Rs151.83 Cr,Rs83.76 Cr,Rs33.0 Cr,Rs1.0 Cr,1245.0,Dragon_2025,Dragon (2025 film),1087192.0
Thalaivan Thalaivii,2025,Tamil,post_covid,22.74999952316284,ok,True,"Comedy, Drama, Romantic",Comedy,UA,U/A 13+,True,141.0,25 Jul 2025,False,Yogi Babu; Vijay Sethupathi; Nithya Menen,Pandiraj,Sathya Jyothi Films,1,3.4031054088863666,20,1.9184,1.76,0,Friday,7,6.8,12.0,Rs85.78 Cr,Rs59.36 Cr,Rs18.0 Cr,Rs1.0 Cr,,Thalaivan_Thalaivii_2025,Thalaivan Thalaivii,1434580.0
Dude,2025,Tamil,post_covid,22.0,ok,True,Action,Action,UA,U/A,True,139.0,17 Oct 2025,False,Pradeep Ranganathan; Hridhu Haroon; R. Sarathkumar; Rohini; Mamitha Baiju,Keerthiswaran,Mythri Movie Makers,1,2.899728099622317,6,4.0686,2.4403,0,Friday,10,5.51,51.0,Rs114.3 Cr,Rs56.8 Cr,Rs28.25 Cr,Rs35.0 Cr,35.0,Dude_2025,Dude (2025 film),1321108.0
Retro,2025,Tamil,post_covid,21.800000190734863,ok,True,"Action, Drama, Romantic",Action,UA,U/A,True,168.0,01 May 2025,False,Joju George; Prakash Raj; Suriya; Jayaram; Nassar; Pooja Hegde,Karthik Subbaraj,Stone Bench Films,1,2.9814913367357296,19,3.5161,1.999,0,Thursday,5,6.313,48.0,Rs97.35 Cr,Rs54.55 Cr,Rs26.0 Cr,Rs1.0 Cr,63.08,Retro_2025,Retro (film),1265827.0
Thug Life,2025,Tamil,post_covid,19.09999990463257,ok,True,"Action, Crime, Drama, Thriller",Action,UA,U/A 16+,True,163.0,05 Jun 2025,False,Kamal Haasan; Joju George; Mahesh Manjrekar; Nassar; T.R. Silambarasan; Ashok Selvan; Ali Fazal; Abhirami; Trisha Krishnan; Aishwarya Lekshmi,Mani Ratnam,Raaj Kamal Films International,1,4.2740658976605985,5,1.7151,1.9992,0,Thursday,6,5.0,27.0,Rs97.44 Cr,Rs42.14 Cr,Rs41.2 Cr,Rs1.0 Cr,290.5,Thug_Life_2025,Thug Life (2025 film),1045021.0
Idli Kadai,2025,Tamil,post_covid,16.799999713897705,ok,True,Comedy,Comedy,U,U,True,147.0,01 Oct 2025,False,Arun Vijay; Rajkiran; Dhanush; Sathyaraj; Nithya Menen; Shalini Pandey,Dhanush,Wunderbar Films,1,3.022186259873567,7,1.9061,1.5924,0,Wednesday,10,6.673,26.0,Rs71.86 Cr,Rs47.0 Cr,Rs12.5 Cr,Rs125.0 Cr,125.0,Idly_Kadai_2025,Idli Kadai,1323880.0
Veera Dheera Sooran,2025,Tamil,post_covid,15.25,ok,True,"Action, Thriller",Action,UA,U/A 13+,True,162.0,27 Mar 2025,False,S. J. Suryah; Suraj Venjaramoodu; Vikram Kennedy; Siddique; Dushara Vijayan,S. U. Arun Kumar,HR Pictures,1,3.464231002332844,9,2.5448,1.5416,0,Thursday,3,6.889,27.0,Rs65.36 Cr,Rs40.95 Cr,Rs16.0 Cr,Rs1.0 Cr,53.4682431,Veera_Dheera_Sooran_2025,Veera Dheera Sooran,1198208.0
Madha Gaja Raja,2025,Tamil,post_covid,10.900000095367432,ok,True,"Action, Comedy",Action,,,False,155.0,12 Jan 2025,False,Vishal Krishna; Santhanam; Varalaxmi Sarathkumar; Anjali,Sundar C.,Gemini Film Circuit,1,2.137398984756203,8,1.3443,1.273,0,Sunday,1,4.0,3.0,Rs62.5 Cr,Rs47.57 Cr,Rs6.0 Cr,Rs1.0 Cr,,Madha_Gaja_Raja_2025,Madha Gaja Raja,280951.0
Bison Kaalamaadan,2025,Tamil,post_covid,10.600000143051147,ok,True,"Action, Crime, Drama",Action,UA,U/A,True,168.0,17 Oct 2025,False,Dhruv Vikram; Pasupathy Ramasaamy; Anurag Arora; Ameer Sultan; Rajisha Vijayan; Anupama Parameswaran,Mari Selvaraj,,1,,0,1.2416,2.7013,0,Friday,10,7.35,20.0,Rs63.0 Cr,Rs45.16 Cr,Rs7.25 Cr,Rs1.0 Cr,,bison_kaalamaadan_2025,Bison Kaalamaadan,1257957.0
Devil's Double Next Level,2025,Tamil,post_covid,9.299999952316284,ok,True,"Comedy, Horror",Comedy,UA,U/A 13+,True,133.0,16 May 2025,False,Gautham Vasudev Menon; Santhanam; Selvaraghavan; Geethika Tiwary,Prem Anand,The Show People,1,2.8938626380650336,11,1.3443,1.1084,0,Friday,5,6.429,7.0,Rs23.75 Cr,Rs18.32 Cr,Rs2.5 Cr,Rs1.0 Cr,,Devils_Double_Next_Level_2025,Devil's Double Next Level,1421019.0
Maaman,2025,Tamil,post_covid,8.099999904632568,ok,True,"Drama, Family",Drama,U,U,True,151.0,16 May 2025,False,Soori Muthuchamy; Yogi Babu; Rajkiran; Aishwarya Lekshmi; Swasika,Prasanth Pandiyaraj,Lark Studios,1,2.9173839822752425,19,1.8888,1.0071,0,Friday,5,6.4,5.0,Rs50.75 Cr,Rs40.2 Cr,Rs4.25 Cr,Rs1.0 Cr,,Maaman_2025,Maaman,1403039.0
Kudumbasthan,2025,Tamil,post_covid,6.3500001430511475,ok,True,Drama,Drama,U,U,True,155.0,24 Jan 2025,False,K. Manikandan; Guru Somasundaram; Saanve Megghana,Rajeshwar Kalisamy,Cinemakaaran,1,,0,0.7799,1.48,0,Friday,1,7.2,10.0,Rs29.5 Cr,Rs23.75 Cr,Rs2.0 Cr,Rs1.0 Cr,,Kudumbasthan_2025,Kudumbasthan,1357713.0
Nilavuku Enmel Ennadi Kobam,2025,Tamil,post_covid,4.519999980926514,ok,True,"Comedy, Romantic",Comedy,UA,U/A 13+,True,132.0,21 Feb 2025,False,R. Sarathkumar; Mathew Thomas; Pavish; Anikha Surendran; Priya Prakash Varrier; Saranya Ponvannan,Dhanush,Wunderbar Films,1,1.7145888718540736,3,0.9213,2.19,0,Friday,2,6.0,10.0,Rs9.5 Cr,Rs8.09 Cr,Rs0.0 Cr,Rs1.0 Cr,14.3786544,Nilavuku_Enmel_Ennadi_Kobam_2025,Nilavuku En Mel Ennadi Kobam,1222049.0
3BHK,2025,Tamil,post_covid,4.449999928474426,ok,True,"Drama, Family",Drama,U,U,True,141.0,04 Jul 2025,False,Siddharth; R. Sarathkumar; Devayani,Sri Ganesh,Shanthi Talkies,1,2.0326823631743003,5,1.078,1.0245,0,Friday,7,7.133,15.0,Rs16.5 Cr,Rs10.25 Cr,Rs2.0 Cr,Rs1.0 Cr,,3BHK_2025,3BHK,1293849.0
Aaryan,2025,Tamil,post_covid,4.350000023841858,ok,True,Crime,Crime,UA,U/A 13+,True,134.0,31 Oct 2025,False,Vishnu Vishal; K. Selvaraghavan; Shraddha Srinath; Jeeva Subramanian; Vani Bhojan; Vaani Kapoor,Praveen K.,,1,2.385833592711382,3,3.1715,2.039,0,Friday,10,5.136,11.0,Rs10.5 Cr,Rs6.66 Cr,Rs2.5 Cr,Rs1.0 Cr,,aaryan_2025,Aaryan (film),1318308.0
Ace,2025,Tamil,post_covid,4.320000052452087,ok,True,"Action, Crime, Thriller",Action,UA,U/A 13+,True,154.0,23 May 2025,False,,,,0,1.4113429471495993,514,2.3737,1.2126,0,Friday,5,5.2,9.0,Rs10.55 Cr,Rs8.83 Cr,Rs0.0 Cr,Rs1.0 Cr,,Ace_2025,Ace (film),1132152.0
Padai Thalaivan,2025,Tamil,post_covid,4.259999990463257,ok,True,"Action, Thriller",Action,,,False,134.0,13 Jun 2025,False,Kasthuri Raja; Munishkanth; Rishi Rithvik; A Venkatesh; Shanmuga Pandian; Ramachandra Raju; Aruldoss; Yamini Chander,U. Anbu,,1,1.2883781517089397,2,0.8505,0.6316,0,Friday,6,0.0,0.0,Rs8.75 Cr,Rs7.46 Cr,Rs0.0 Cr,Rs1.0 Cr,,Padai_Thalaivan_2025,Padai Thalaivan,1484999.0
Maargan,2025,Tamil,post_covid,4.099999964237213,ok,True,"Crime, Thriller",Crime,UA,U/A,True,132.0,27 Jun 2025,False,Vijay Antony; Samuthirakani; Deepshikha; Brigida Saga,Leo John Paul,Vijay Antony Film Corporation,1,2.3908865526638925,10,1.6677,1.1244,0,Friday,6,6.188,16.0,Rs14.41 Cr,Rs9.08 Cr,Rs0.0 Cr,Rs1.0 Cr,,Maargan_2025,Maargan,1425641.0
Mask (2025),2025,Tamil,post_covid,4.0,ok,True,"Comedy, Thriller",Comedy,,,False,127.0,21 Nov 2025,False,Kavin M; Charle; Andrea Jeremiah; Ruhani Sharma,Vikarnan Ashok,The Show Must Go On,1,,0,,,0,Friday,11,,,Rs10.97 Cr,Rs8.71 Cr,Rs0.8 Cr,Rs1.0 Cr,,Mask_2025,Mask (2025 film),
Sirai,2025,Tamil,post_covid,3.9999998807907104,ok,True,"Action, Drama, Thriller",Action,UA,U/A 13+,True,124.0,25 Dec 2025,True,LK Akshay Kumar; Vikram Prabhu; Ananda Thambirajah; Anishma Anilkumar,Suresh Rajakumari,Seven Screen Studio,1,1.401437708336708,2,0.8083,2.3219,0,Thursday,12,6.4,10.0,Rs31.65 Cr,Rs24.28 Cr,Rs3.0 Cr,Rs1.0 Cr,,Sirai_2025,Sirai (2025 film),1487142.0
Sakthi Thirumagan,2025,Tamil,post_covid,3.6999999284744263,ok,True,"Action, Drama",Action,,,False,,19 Sep 2025,False,Kannan Arunachalam; Cell Murugan; Vagai Chandrasekhar; Vijay Antony; Sunil Kripalani; Trupthi Ravindra,Arun Prabu,Vijay Anthony Film Corporation,1,2.169053700369523,1,,,0,Friday,9,,,Rs11.15 Cr,Rs8.61 Cr,Rs0.0 Cr,Rs1.0 Cr,,Sakthi_Thirumagan_2025,S. J. Suryah,
Aan Paavam Pollathathu,2025,Tamil,post_covid,3.4499999284744263,ok,True,"Comedy, Drama",Comedy,UA,U/A 13+,True,122.0,31 Oct 2025,False,Jensan Diwakar; Malavika Manoj,Kalaiarasan Thangavel,YSR Films,1,0.6931471805599453,1,1.3704,2.0439,0,Friday,10,5.429,7.0,Rs27.75 Cr,Rs22.06 Cr,Rs2.0 Cr,Rs1.0 Cr,,Aan_Paavam_Pollathathu_2025,Aan Paavam Pollathathu,1435139.0
Vanangaan,2025,Tamil,post_covid,3.049999952316284,ok,True,"Action, Drama, Thriller",Action,UA,UA,True,121.0,10 Jan 2025,False,Arun Vijay; Samuthirakani; Mysskin; Roshni Prakash,Bala (director),V House Productions,1,3.2771447329921766,9,1.6677,0.9208,0,Friday,1,5.5,4.0,Rs10.0 Cr,Rs8.5 Cr,Rs0.0 Cr,Rs1.0 Cr,,Vanangaan_2022,Vanangaan,949380.0
DNA,2025,Tamil,post_covid,2.7500000298023224,ok,True,Drama,Drama,UA,U/A 16+,True,139.0,20 Jun 2025,False,Subramaniam Siva; Ramesh Thilak; Atharvaa; Balaji Sakthivel; Karunakaran; Nimisha Sajayan; Viji Chandrashekhar,Nelson Venkatesan,,1,0.9400072584914712,1,3.1715,1.1537,0,Friday,6,6.2,6.0,Rs9.4 Cr,Rs8.07 Cr,Rs0.0 Cr,Rs1.0 Cr,,DNA_2025,DNA (2025 film),1416501.0
Kingston,2025,Tamil,post_covid,2.649999976158142,ok,True,"Action, Adventure, Fantasy, Thriller",Action,UA,UA,True,,07 Mar 2025,False,Chetan; GV Prakash Kumar; Divyabharathi,Kamal Prakash,Zee Studio,1,,0,0.7996,0.824,0,Friday,3,5.0,3.0,Rs5.5 Cr,Rs3.96 Cr,Rs0.0 Cr,Rs1.0 Cr,,Kingston_2025,Kingston (film),1393676.0
Paranthu Po,2025,Tamil,post_covid,2.599999964237213,ok,True,"Comedy, Drama, Musical",Comedy,U,U,True,140.0,04 Jul 2025,False,Shiva; Mithul Ryan; Grace Antony,Ram,Seven Seas and Seven,1,,0,0.9047,0.7937,0,Friday,7,6.7,7.0,Rs7.59 Cr,Rs7.32 Cr,Rs0.0 Cr,Rs1.0 Cr,,Paranthu_Po_2025,Paranthu Po,1407016.0
Kiss (Tamil),2025,Tamil,post_covid,2.25,ok,True,"Drama, Romantic",Drama,,,False,143.0,19 Sep 2025,False,Rao Ramesh; Prabhu Ganesan; Kavin Raj; VTV Ganesh; Preethi Asrani; Devayani,Sathish Krishnan,Romeo Pictures,1,2.762710518655906,12,,,0,Friday,9,,,Rs4.7 Cr,Rs4.47 Cr,Rs0.0 Cr,Rs1.0 Cr,,Kiss_2025,Kiss (2025 film),
Murmur,2025,Tamil,post_covid,2.040000058710575,ok,True,"Horror, Thriller",Horror,,,False,,07 Mar 2025,False,,,,0,1.4918417543622542,467,0.3127,1.2321,0,Friday,3,0.0,0.0,Rs6.48 Cr,Rs5.76 Cr,₹0.00 Cr,Rs1.0 Cr,,Murmur_2025,Murmur (2025 film),1598634.0
Perusu,2025,Tamil,post_covid,1.7999999523162842,ok,True,"Comedy, Drama",Comedy,A,A,True,119.0,14 Mar 2025,True,,,,0,1.4855820376909368,470,2.4234,1.0288,0,Friday,3,5.4,7.0,Rs3.92 Cr,Rs3.58 Cr,Rs0.0 Cr,Rs1.0 Cr,,Perusu_2025,Perusu (2025 film),1416889.0
Revolver Rita,2025,Tamil,post_covid,1.7500000596046448,ok,True,"Action, Comedy, Crime",Action,UA,U/A 16+,True,140.0,28 Nov 2025,False,Redin Kingsley; Super Subbarayan; Suresh Chakravarthy; John Vijay; Sendrayan; Radhika Sarathkumar; Keerthy Suresh,JK Chandru,,1,1.9431007311807533,4,2.63,1.8462,0,Friday,11,6.429,7.0,Rs4.76 Cr,Rs3.14 Cr,Rs0.0 Cr,Rs1.0 Cr,,Revolver_Rita_2025,Revolver Rita,1074048.0
Gandhi Kannadi,2025,Tamil,post_covid,1.4499999582767489,ok,True,"Comedy, Drama, Romantic",Comedy,,,False,126.0,05 Sep 2025,False,Balaji Sakthivel; Kpy Bala; Namita Krishnamurthy; Archana,Sherief Gows,,1,,0,0.8647,0.7334,0,Friday,9,0.0,0.0,Rs4.84 Cr,Rs4.3 Cr,₹0.00 Cr,Rs1.0 Cr,,Gandhi_Kannadi_2025,Gandhi Kannadi,1506282.0
Aaromaley,2025,Tamil,post_covid,1.4200000166893003,ok,True,"Comedy, Romantic",Comedy,,,False,127.0,07 Nov 2025,False,,,,0,1.3785747758125648,533,0.8382,2.1248,0,Friday,11,6.7,13.0,Rs4.16 Cr,Rs3.75 Cr,Rs0.0 Cr,Rs1.0 Cr,,Aaromaley_2025,Aaromaley,1489510.0
Retta Thala,2025,Tamil,post_covid,1.25,ok,True,"Action, Thriller",Action,UA,U/A 16+,True,113.0,25 Dec 2025,True,Arun Vijay; Yogesh; Siddhi Idnani; Tanya Ravichandran,Kris Thirukumaran,BTG Universal,1,2.565053499933647,5,1.1046,1.7162,0,Thursday,12,2.5,2.0,Rs3.7 Cr,Rs3.17 Cr,Rs0.0 Cr,Rs1.0 Cr,,Retta_Thala_2025,Retta Thala,1413333.0
Sabdham,2025,Tamil,post_covid,1.2399999797344208,ok,True,"Horror, Thriller",Horror,,,False,146.0,28 Feb 2025,False,,,,0,1.4962574211769235,464,2.2743,1.484,0,Friday,2,5.6,7.0,Rs9.25 Cr,Rs4.21 Cr,Rs0.0 Cr,Rs1.0 Cr,20.75,Sabdham_2025,Sabdham,1062715.0
Sweetheart,2025,Tamil,post_covid,1.2399999797344208,ok,True,"Comedy, Drama, Romantic",Comedy,,,False,90.0,14 Mar 2025,True,,,,0,1.4855820376909368,470,0.5938,3.941,0,Friday,3,6.575,80.0,Rs3.5 Cr,Rs3.02 Cr,Rs0.0 Cr,Rs1.0 Cr,,Sweetheart_2025,Sweetheart (2025 film),1510325.0
Kombuseevi,2025,Tamil,post_covid,1.0999999940395355,ok,True,"Action, Crime, Drama",Action,UA,U/A 13+,True,,19 Dec 2025,False,Kaali Venkat; Shanmuga Pandian; R. Sarathkumar; Munishkanth; Tharnika Rao; Anaira Gupta,Ponram,Star Cinemas,1,2.101567086183324,7,0.8748,1.2142,0,Friday,12,0.0,0.0,Rs2.62 Cr,Rs2.26 Cr,Rs0.0 Cr,Rs1.0 Cr,,Kombuseevi_2025,Kombuseevi,1564672.0
Diesel,2025,Tamil,post_covid,1.0099999904632568,ok,True,Action,Action,UA,U/A,True,156.0,17 Oct 2025,False,Karunaas; Sachin Khedekar; Kaali Venkat; Harish Kalyan; Vinay Rai; Athulya Ravi,Shanmugam Muthusamy,Third Eye Entertainment,1,2.2727801470920297,6,1.1656,1.704,0,Friday,10,4.0,4.0,Rs3.88 Cr,Rs3.46 Cr,Rs0.0 Cr,Rs0.0 Cr,,diesel_2025,Diesel (2025 film),985379.0
Middle Class,2025,Tamil,post_covid,0.949999988079071,ok,True,"Drama, Family",Drama,U,U,True,123.0,21 Nov 2025,False,Radha Ravi; Vela Ramamoorthy; Munishkanth; Kaali Venkat; Vijayalakshmi Agathiyan; Malavika Avinash,Kishore Muthuramalingam,,1,1.4122957761181432,3,1.2212,1.5292,0,Friday,11,5.5,2.0,Rs2.79 Cr,Rs2.31 Cr,Rs0.1 Cr,Rs1.0 Cr,,Middle_Class_2025,Middle Class (film),1566666.0
Housemates,2025,Tamil,post_covid,0.9299999922513962,ok,True,"Comedy, Fantasy, Horror",Comedy,,,False,,01 Aug 2025,False,Darshan Kumar; KPY Dheena; Kaali Venkat; Kenrick Ashley; Vinodhini Vaidyanathan; Aarsha Chandini Baiju,T. Rajavel,,1,2.292289824291302,4,0.6137,1.3153,0,Friday,8,0.0,0.0,Rs2.4 Cr,Rs2.13 Cr,₹0.00 Cr,Rs1.0 Cr,,Housemates_2025,Bigg Boss OTT (Hindi season 2),1603958.0
Ten Hours,2025,Tamil,post_covid,0.8599999845027924,ok,True,"Crime, Thriller",Crime,UA,UA,True,114.0,18 Apr 2025,False,,,,0,1.4548226267357272,486,1.8685,1.2153,0,Friday,4,7.5,4.0,Rs1.77 Cr,Rs1.59 Cr,₹0.00 Cr,Rs1.0 Cr,,Ten_Hours_2025,Ten Hours,1465245.0
Kumki 2,2025,Tamil,post_covid,0.8500000089406967,ok,True,"Adventure, Drama, Musical",Adventure,U,U,True,,14 Nov 2025,False,Mathiyazhagan; Arjun Das; Shrita Rao,Prabhu Solomon,Pen Movies,1,3.9986289438187557,2,0.9609,0.6057,1,Friday,11,0.0,0.0,Rs1.66 Cr,Rs1.43 Cr,Rs0.0 Cr,Rs1.0 Cr,,Kumki_2_2025,Kumki 2,1544976.0
Bheeshma Parvam,2022,Malayalam,post_covid,16.09999990463257,ok,True,"Crime, Thriller",Crime,UA,UA,True,144.0,03 Mar 2022,False,Soubin Shahir; Mammootty; Shine Tom Chacko; Anasuya Bharadwaj,Amal Neerad,Amal Neerad Productions,1,2.400056482682564,4,2.2354,1.2075,0,Thursday,3,6.8,33.0,Rs88.2 Cr,Rs43.78 Cr,Rs36.5 Cr,Rs15.0 Cr,15.0,Bheeshma_Parvam_2021,Bheeshma Parvam,804309.0
Thallumaala,2022,Malayalam,post_covid,10.100000143051147,ok,True,"Action, Comedy",Action,UA,UA,True,147.0,12 Aug 2022,False,Tovino Thomas; Shine Tom Chacko; Kalyani Priyadarshan,Khalid Rahman,Plan B Entertainments,1,3.279970481258418,2,1.0958,1.3511,0,Friday,8,6.885,48.0,Rs40.0 Cr,Rs22.78 Cr,Rs13.35 Cr,Rs15.0 Cr,15.0,Thallumaala_2022,Thallumaala,863530.0
Aaraattu,2022,Malayalam,post_covid,9.259999752044678,ok,True,"Action, Comedy",Action,U,U,True,166.0,18 Feb 2022,False,Mohanlal; Siddique; Vijayaraghavan; Nedumudi Venu; Rachana Narayanankutty; Shraddha Srinath,B. Unnikrishnan,RD Illuminations,1,2.1832244976335846,4,1.6832,0.9841,0,Friday,2,3.9,14.0,Rs20.15 Cr,Rs11.24 Cr,Rs7.0 Cr,Rs25.0 Cr,25.0,Aarattu_2021,Aaraattu (2022 film),784647.0
Rorschach,2022,Malayalam,post_covid,8.75,ok,True,"Action, Psychological, Thriller",Action,UA,UA,True,150.0,07 Oct 2022,False,Jagatheesh; Mammootty; Sharafudheen; Bindu Panicker; Grace Antony,Nisam Basheer,Mammootty Kampany,1,2.4878608777323654,5,2.2354,1.464,0,Friday,10,6.641,39.0,Rs39.13 Cr,Rs19.0 Cr,Rs16.71 Cr,Rs15.0 Cr,15.0,Rorschach_2022,Rorschach (film),950284.0
Jana Gana Mana,2022,Malayalam,post_covid,5.699999809265137,ok,True,"Action, Thriller",Action,UA,UA,True,165.0,28 Apr 2022,False,Prithviraj Sukumaran; Suraj Venjaramoodu; Mamta Mohandas; Sri Divya,Dijo Jose Antony,Prithviraj Productions,1,1.9459101490553132,1,1.9225,1.3795,0,Thursday,4,7.299,77.0,Rs48.8 Cr,Rs25.63 Cr,Rs18.7 Cr,Rs20.0 Cr,20.0,Jana_Gana_Mana_2022,Jana Gana Mana (2022 film),792358.0
Nna Thaan Case Kodu,2022,Malayalam,post_covid,5.049999952316284,ok,True,"Crime, Drama",Crime,U,U,True,,11 Aug 2022,False,Kunchacko Boban; Basil Joseph; Gayathrie,Ratheesh Balakrishnan Poduval,STK Frames,1,1.423108328497581,2,1.2328,1.1351,0,Thursday,8,7.351,37.0,Rs31.94 Cr,Rs20.29 Cr,Rs8.0 Cr,Rs7.0 Cr,7.0,Nna_Thaan_Case_Kodu_2022,Nna Thaan Case Kodu,864761.0
Kaapa,2022,Malayalam,post_covid,3.800000011920929,ok,True,"Action, Thriller",Action,UA,UA,True,134.0,22 Dec 2022,False,Prithviraj Sukumaran; Asif Ali; Aparna Balamurali; Anna Ben,Shaji Kailas,Yoodlee Films,1,1.7585099139184521,4,1.9225,1.1766,0,Thursday,12,4.75,12.0,Rs18.3 Cr,Rs11.52 Cr,Rs4.71 Cr,Rs14.0 Cr,14.0,Kaapa_2022,Kaapa,862618.0
Monster,2022,Malayalam,post_covid,3.7499999403953552,ok,True,"Action, Thriller",Action,,,False,135.0,21 Oct 2022,False,Sudev Nair; Mohanlal; Siddique; Honey Rose; Lenaa; Lakshmi Manchu,Vysakh,Aashirvad Cinemas,1,2.2122301612219553,8,4.1235,14.8796,0,Friday,10,6.711,4447.0,Rs6.97 Cr,Rs5.19 Cr,Rs0.85 Cr,Rs10.0 Cr,10.0,Monster_2022,Monster (2022 film),9297.0
Pathonpatham Noottandu,2022,Malayalam,post_covid,3.340000033378601,ok,True,"Action, Drama, Period",Action,UA,U/A,True,158.0,08 Sep 2022,False,Anoop Menon; Chemban Vinod Jose; Sudev Nair; Siju Wilson; Deepti Sati; Poonam Bajwa,Vinayan,Sree Gokulam Movies,1,1.2089603529539477,1,1.5098,0.9713,0,Thursday,9,5.0,12.0,Rs7.1 Cr,Rs8.09 Cr,Rs0.3 Cr,Rs15.0 Cr,15.0,Pathonpatham_Noottandu_2022,Pathonpatham Noottandu,835761.0
Kooman,2022,Malayalam,post_covid,2.4699999690055847,ok,True,"Drama, Mystery, Thriller",Drama,UA,UA,True,153.0,04 Nov 2022,False,Asif Ali; Renji Panicker; Hannah Reji Koshy,Jeethu Joseph,Magic Frames,1,0.8737992898733113,2,1.4045,0.9233,0,Friday,11,6.694,18.0,Rs14.05 Cr,Rs8.52 Cr,Rs4.0 Cr,Rs5.0 Cr,5.0,Kooman_2022,Kooman (film),933833.0
Malikappuram,2022,Malayalam,post_covid,2.290000021457672,ok,True,"Action, Adventure, Drama",Action,U,U,True,120.0,30 Dec 2022,False,Unni Mukundan; Saiju Kurup; Renji Panicker; Manoj K. Jayan; Alphy Panjikaran,Vishnu Sasi Shankar,Kavya Films,1,2.277267285009756,5,0.9157,2.0161,0,Friday,12,6.6,10.0,Rs52.4 Cr,Rs35.48 Cr,Rs10.5 Cr,Rs3.25 Cr,3.25,Malikappuram_2022,Malikappuram,1022973.0
Palthu Janwar,2022,Malayalam,post_covid,2.2200000286102295,ok,True,"Comedy, Drama",Comedy,U,U,True,,02 Sep 2022,False,Basil Joseph; Johny Antony; Indrans; Dileesh Pothan; Sruthy Suresh,Sangeeth P. Rajan,Working Class Hero,1,1.864080130807681,1,1.2192,1.8184,0,Friday,9,6.769,13.0,Rs10.0 Cr,Rs6.46 Cr,Rs2.38 Cr,Rs5.0 Cr,5.0,Palthu_Janwar_2022,Palthu Janwar,950082.0
Jo & Jo,2022,Malayalam,post_covid,1.949999988079071,ok,True,"Comedy, Drama",Comedy,,,False,,13 May 2022,False,Mathew Thomas; Naslen K. Gafoor; Johny Antony; Nikhila Vimal,Arun D Jose,Signature Studios,1,,0,1.6341,1.6566,0,Friday,5,6.0,1.0,₹0.00 Cr,Rs6.83 Cr,₹0.00 Cr,Rs1.0 Cr,0.2075,Jo_Jo_2022,Jo,1047408.0
Gold,2022,Malayalam,post_covid,1.8800000250339508,ok,True,"Comedy, Drama, Romantic",Comedy,,,False,97.0,01 Dec 2022,False,Ajmal Ameer; Roshan Mathew; Prithviraj Sukumaran; Nayanthara; Deepti Sati,Alphonse Puthren,Magic Frames,1,1.9920831176112035,3,6.6313,6.0585,0,Thursday,12,6.63,1795.0,Rs11.3 Cr,Rs5.2 Cr,Rs5.0 Cr,Rs10.0 Cr,10.0,Gold_2022,Gold (2022 Australian film),334524.0
Oru Thekkan Thallu Case,2022,Malayalam,post_covid,1.4200000166893003,ok,True,"Adventure, Mystery, Thriller",Adventure,UA,UA,True,152.0,08 Sep 2022,False,Biju Menon; Roshan Mathew; Padmapriya; Nimisha Sajayan,Sreejith N.,E4 Entertainments,1,1.9459101490553132,1,1.0864,0.9157,0,Thursday,9,5.5,9.0,Rs3.3 Cr,Rs2.6 Cr,Rs0.25 Cr,Rs7.0 Cr,7.0,Oru_Thekkan_Thallu_Case_2022,Oru Thekkan Thallu Case,851737.0
Mukundan Unni Associates,2022,Malayalam,post_covid,1.409999996423721,ok,True,"Comedy, Romantic",Comedy,U,U,True,128.0,11 Nov 2022,False,Manikandan; Vineeth Sreenivasan; Ranjith; Tanvi Ram,Abhinav Sunder Nayak,Little Big Films,1,,0,1.197,1.1927,0,Friday,11,7.744,43.0,Rs0.5 Cr,Rs2.3 Cr,Rs0.0 Cr,Rs5.0 Cr,5.0,Mukundan_Unni_Associates_2022,Mukundan Unni Associates,880018.0
Saturday Night,2022,Malayalam,post_covid,1.3100000023841858,ok,True,"Comedy, Drama, Romantic",Comedy,U,U,True,,04 Nov 2022,False,Aju Varghese; Nivin Pauly; Saiju Kurup; Siju Wilson; Grace Antony; Saniya Iyappan,Roshan Andrews,Ajith Vinayaka Films,1,1.5789787049493917,4,2.2595,0.7066,0,Friday,11,4.5,5.0,Rs1.55 Cr,Rs1.4 Cr,Rs0.0 Cr,Rs1.0 Cr,,Saturday_Night_2022,Saturday Night (2022 film),962194.0
Makal,2022,Malayalam,post_covid,0.8500000238418579,ok,True,Drama,Drama,U,U,True,,29 Apr 2022,False,Jayaram; Siddique; Meera Nair; Meera Jasmine,Sathyan Anthikad,Central Pictures,1,4.163559634209902,4,0.9502,1.7491,0,Friday,4,6.333,6.0,₹0.00 Cr,Rs1.06 Cr,₹0.00 Cr,Rs1.0 Cr,,Makal_2022,Makal,865428.0
Ottu,2022,Malayalam,post_covid,0.7899999767541885,ok,True,"Drama, Thriller",Drama,UA,UA,True,126.0,08 Sep 2022,False,Kunchacko Boban; Arvind Swamy; Eesha Rebba,Fellini T.P.,Cineholix,1,1.3290775022826653,3,1.5906,0.8515,0,Thursday,9,5.458,12.0,Rs2.0 Cr,Rs1.53 Cr,Rs0.2 Cr,Rs10.0 Cr,10.0,Ottu_2021,Ottu (film),818228.0
Kannur Squad,2023,Malayalam,post_covid,10.449999809265137,ok,True,"Drama, Thriller",Drama,UA,U/A,True,161.0,28 Sep 2023,False,Vijayaraghavan; Mammootty; Azeez Nedumangad; Kishore Kumar G.; Rony David Raj,Roby Varghese Raj,Mammootty Kampany,1,2.328252815575438,7,2.2354,1.0345,0,Thursday,9,6.736,36.0,Rs82.0 Cr,Rs40.17 Cr,Rs34.5 Cr,Rs1.0 Cr,,Kannur_Squad_2023,Kannur Squad,1065918.0
2018,2023,Malayalam,post_covid,8.950000047683716,ok,True,"Drama, Thriller",Drama,UA,UA,True,148.0,05 May 2023,False,Asif Ali; Lal; Tovino Thomas; Vineeth Sreenivasan; Kunchacko Boban; Aparna Balamurali,Jude Anthany Joseph,PK Prime Production,1,1.7513406185317095,4,1.4045,1.4612,0,Friday,5,7.6,55.0,Rs180.03 Cr,Rs83.31 Cr,Rs69.5 Cr,Rs1.0 Cr,24.9793895,2018_2023,2018 (film),866440.0
Neru,2023,Malayalam,post_covid,8.649999856948853,ok,True,Drama,Drama,UA,UA,True,152.0,21 Dec 2023,False,Mohanlal; Siddique; Anaswara Rajan; Priyamani,Jeethu Joseph,Aashirvad Cinemas,1,2.1608208481074236,11,3.4149,1.0837,0,Thursday,12,7.202,42.0,Rs85.6 Cr,Rs44.83 Cr,Rs32.35 Cr,Rs1.0 Cr,14.98233,Neru_2023,Neru (film),1164370.0
RDX,2023,Malayalam,post_covid,6.450000047683716,ok,True,"Action, Drama, Family",Action,UA,U/A,True,151.0,25 Aug 2023,False,Shane Nigam; Neeraj Madhav; Antony Varghese; Mahima Nambiar,Nahas Hidhayath,Weekend Blockbusters,1,2.7880929087757464,1,1.182,1.4779,0,Friday,8,6.719,64.0,Rs84.75 Cr,Rs47.45 Cr,Rs28.75 Cr,Rs1.0 Cr,,RDX_2023,RDX (film),997391.0
Voice of Sathyanathan,2023,Malayalam,post_covid,5.75,ok,True,"Comedy, Thriller",Comedy,U,U,True,135.0,28 Jul 2023,False,Dileep; Joju George,Rafi,Graand Productions,1,1.405769497811161,2,1.0073,0.9877,0,Friday,7,6.45,10.0,Rs22.1 Cr,Rs14.27 Cr,Rs5.25 Cr,Rs1.0 Cr,,Voice_of_Sathyanathan,Voice of Sathyanathan,877250.0
Garudan,2023,Malayalam,post_covid,5.150000095367432,ok,True,"Crime, Drama, Thriller",Crime,UA,U/A,True,138.0,03 Nov 2023,False,Suresh Gopi; Biju Menon; Abhirami,Arun Varma,Magic Frames,1,1.5270786745905103,3,1.127,1.117,0,Friday,11,6.267,15.0,Rs27.1 Cr,Rs14.9 Cr,Rs9.5 Cr,Rs1.0 Cr,,Garudan_2023,Garudan (2023 film),1113470.0
King Of Kotha,2023,Malayalam,post_covid,4.78000009059906,ok,True,"Action, Period, Thriller",Action,UA,UA,True,174.0,24 Aug 2023,False,Shabeer Kallarakkal; Saran Shakthi; Prasanna; Gokul Suresh; Dulquer Salmaan; Aishwarya Lekshmi; Anikha Surendran,Abhilash Joshiy,Zee Studio,1,1.252762968495368,1,1.8123,1.5668,0,Thursday,8,5.7,35.0,Rs31.35 Cr,Rs13.56 Cr,Rs13.0 Cr,Rs1.0 Cr,48.97,King_Of_Kotha_2023,King of Kotha,855117.0
Kaathal - The Core,2023,Malayalam,post_covid,4.600000023841858,ok,True,"Drama, Family",Drama,,,False,114.0,23 Nov 2023,False,Mammootty; Jyothika,Jeo Baby,Mammootty Kampany,1,2.3051294288292556,8,2.2354,1.1174,0,Thursday,11,7.083,30.0,Rs14.5 Cr,Rs10.87 Cr,Rs1.65 Cr,Rs1.0 Cr,,Kaathal__The_Core_2023,Kaathal: The Core,1029947.0
Antony (2023),2023,Malayalam,post_covid,3.0999999046325684,ok,True,"Action, Drama",Action,,,False,146.0,01 Dec 2023,False,,,,0,2.305201356255793,254,,,0,Friday,12,,,Rs8.3 Cr,Rs6.99 Cr,Rs0.0 Cr,Rs1.0 Cr,,Antony_2023_2023,Antony (2023 film),
Bandra,2023,Malayalam,post_covid,2.9799999594688416,ok,True,"Action, Drama, Family, Thriller",Action,,,False,156.0,10 Nov 2023,True,Dino Morea; Dileep; Tamanna Bhatia; Lenaa,Arun Gopy,Ajith Vinayaka Films,1,3.5445173257382407,2,4.9487,1.2485,0,Friday,11,4.0,1.0,Rs1.35 Cr,Rs4.15 Cr,Rs0.0 Cr,Rs1.0 Cr,,Bandra_2023,Bandra (film),1013057.0
Nanpakal Nerathu Mayakkam,2023,Malayalam,post_covid,2.6200000643730164,ok,True,"Comedy, Drama",Comedy,U,U,True,104.0,19 Jan 2023,False,Ashokan; Mammootty; Ramya Pandian,Lijo Jose Pellissery,Mammootty Kampany,1,2.4527619456119307,6,2.2354,0.9513,0,Thursday,1,7.063,32.0,Rs9.7 Cr,Rs5.02 Cr,Rs3.8 Cr,Rs4.0 Cr,4.0,Nanpakal_Nerathu_Mayakkam_2022,Nanpakal Nerathu Mayakkam,876845.0
Falimy,2023,Malayalam,post_covid,2.050000011920929,ok,True,Drama,Drama,U,U,True,127.0,17 Nov 2023,False,Basil Joseph; Sandeep Pradeep; Jagadish; Amith Mohan Rajeshwari; Manju Pillai,Nithish Sahadev,Sooper Dooper Films,1,1.5161394458506725,3,1.2192,0.9261,0,Friday,11,7.068,22.0,Rs15.2 Cr,Rs8.81 Cr,Rs4.75 Cr,Rs1.0 Cr,,Falimy_2023,Falimy,1044558.0
Journey of Love 18+,2023,Malayalam,post_covid,1.649999976158142,ok,True,Drama,Drama,U,U,True,123.0,07 Jul 2023,False,Binu Pappu; Naslen K. Gafoor; Mathew Thomas; Nikhila Vimal,Arun D Jose,ReelsMagic,1,1.0818051663107355,1,2.3494,0.8689,0,Friday,7,6.067,15.0,Rs6.0 Cr,Rs4.19 Cr,Rs1.05 Cr,Rs1.0 Cr,,Journey_of_Love_18_2023,Journey of Love 18+,1076497.0
Aadujeevitham - The Goat Life,2024,Malayalam,post_covid,19.59999990463257,ok,True,"Adventure, Drama",Adventure,UA,UA,True,173.0,28 Mar 2024,False,Jimmy Jean-Louis; Prithviraj Sukumaran; Shobha Mohan; Amala Paul,Blessy,Visual Romance Image Makers,1,1.7205311152142362,5,1.9225,4.3213,0,Thursday,3,7.34,72.0,Rs157.62 Cr,Rs77.58 Cr,Rs59.5 Cr,Rs1.0 Cr,81.34,Aadujeevitham__The_Goat_Life_2024,The Goat Life,472221.0
Guruvayoorambala Nadayil,2024,Malayalam,post_covid,15.100000143051147,ok,True,"Comedy, Drama",Comedy,U,U,True,135.0,16 May 2024,False,Prithviraj Sukumaran; Basil Joseph; Anaswara Rajan; Nikhila Vimal,Vipin Das,Prithviraj Productions,1,2.266957900526941,7,3.4149,0.9912,0,Thursday,5,6.282,39.0,Rs90.17 Cr,Rs47.9 Cr,Rs34.85 Cr,Rs1.0 Cr,,Guruvayoorambala_Nadayil_2024,Guruvayoor Ambalanadayil,1068394.0
Marco,2024,Malayalam,post_covid,14.070000171661375,ok,True,"Action, Thriller",Action,A,A,True,145.0,20 Dec 2024,False,Jagadish; Unni Mukundan; Sudev Nair; Siddique; Anson Paul,Haneef Adeni,Cubes Entertainments,1,1.7220925585871467,4,1.127,3.5236,0,Friday,12,6.523,128.0,Rs102.55 Cr,Rs41.57 Cr,Rs32.25 Cr,Rs1.0 Cr,28.7761,Marco_2024,Marco (2024 film),1186350.0
Aavesham,2024,Malayalam,post_covid,12.349999904632568,ok,True,Action,Action,UA,U/A,True,159.0,11 Apr 2024,True,Ashish Vidyarthi; Mansoor Ali Khan; Fahadh Faasil; Sajin Gopu,Jithu Madhavan,Fahadh Faasil & Friends,1,2.2581005713142415,7,2.6213,2.241,0,Thursday,4,7.458,106.0,Rs154.8 Cr,Rs85.16 Cr,Rs56.0 Cr,Rs1.0 Cr,28.22,Aavesham_2024,Aavesham (2024 film),1084812.0
Manjummel Boys,2024,Malayalam,post_covid,12.199999809265137,ok,True,"Adventure, Drama, Thriller",Adventure,U,U,True,135.0,22 Feb 2024,False,Soubin Shahir; Balu Varghese; Lal; Ganapathy; Sreenath Bhasi,Chidambaram,Parava Films,1,2.073705638790875,5,1.4538,2.1663,0,Thursday,2,7.876,97.0,Rs241.03 Cr,Rs130.25 Cr,Rs73.4 Cr,Rs1.0 Cr,,Manjummel_Boys_2024,Manjummel Boys,1069945.0
Turbo,2024,Malayalam,post_covid,12.100000143051147,ok,True,"Action, Comedy",Action,UA,U/A,True,155.0,23 May 2024,False,Mammootty; Kabir Duhan Singh; Sunil Varma; Raj B. Shetty; Anjana Jayaprakash,Vysakh,Mammootty Kampany,1,2.284051810993487,11,2.2354,1.1579,0,Thursday,5,5.094,16.0,Rs72.25 Cr,Rs34.55 Cr,Rs32.0 Cr,Rs1.0 Cr,,Turbo_2024,Turbo (2024 film),1195394.0
Varshangalkku Shesham,2024,Malayalam,post_covid,10.150000095367432,ok,True,"Comedy, Drama, Romantic",Comedy,U,U,True,166.0,11 Apr 2024,True,Pranav Mohanlal; Basil Joseph; Nivin Pauly; Vineeth Sreenivasan; Dhyan Sreenivasan; Kalyani Priyadarshan; Neeta Pillai,Vineeth Sreenivasan,Merryland Cinemas,1,1.9387416595767009,4,2.2595,0.8069,0,Thursday,4,6.0,19.0,Rs81.7 Cr,Rs39.0 Cr,Rs36.5 Cr,Rs1.0 Cr,,Varshangalkku_Shesham_2024,Varshangalkku Shesham,1151560.0
Bramayugam,2024,Malayalam,post_covid,9.649999856948853,ok,True,"Horror, Thriller",Horror,UA,U/A 16+,True,139.0,15 Feb 2024,False,Mammootty; Arjun Ashokan; Sidharth Bharathan,Rahul Sadasivan,YNOT Studios,1,2.127894360761794,10,2.2354,2.5358,0,Thursday,2,7.6,91.0,Rs58.32 Cr,Rs25.22 Cr,Rs26.4 Cr,Rs1.0 Cr,27.39,Bramayugam_2024,Bramayugam,1166133.0
Sookshmadarshini,2024,Malayalam,post_covid,8.649999856948853,ok,True,"Family, Thriller",Family,UA,UA,True,143.0,22 Nov 2024,False,Basil Joseph; Nazriya Nazim,Mc Jithin,Happy Hours Entertainments,1,1.9878743416223295,7,1.2192,1.6835,0,Friday,11,7.295,44.0,Rs55.13 Cr,Rs28.61 Cr,Rs22.25 Cr,Rs1.0 Cr,,Sookshmadarshini_2024,Sookshmadarshini,950075.0
Bougainvillea,2024,Malayalam,post_covid,8.149999856948853,ok,True,"Crime, Thriller",Crime,UA,UA,True,144.0,17 Oct 2024,False,Kunchacko Boban; Fahadh Faasil; Jyothirmayi,Amal Neerad,Udaya Studios,1,2.29977754711279,8,1.3924,1.4299,0,Thursday,10,6.413,23.0,Rs36.7 Cr,Rs17.29 Cr,Rs16.85 Cr,Rs1.0 Cr,,Bougainvillea_2024,Bougainvillea (film),1177224.0
Abraham Ozler,2024,Malayalam,post_covid,7.8500001430511475,ok,True,"Crime, Drama, Thriller",Crime,,,False,144.0,11 Jan 2024,False,Jayaram; Anoop Menon; Siddique; Arjun Ashokan; Anaswara Rajan,Midhun Manuel Thomas,Neramboku,1,2.4225005356163782,12,3.4149,1.0588,0,Thursday,1,6.2,23.0,Rs40.7 Cr,Rs21.03 Cr,Rs15.7 Cr,Rs1.0 Cr,,Abraham_Ozler_2024,Abraham Ozler,1184247.0
Pani,2024,Malayalam,post_covid,5.900000095367432,ok,True,"Action, Crime, Drama",Action,UA,UA,True,143.0,24 Oct 2024,False,Joju George; Sagar Surya; Abhinaya,Joju George,Appu Pathu Pappu,1,2.327277705584417,3,1.0073,1.1065,0,Thursday,10,5.5,14.0,Rs36.4 Cr,Rs19.49 Cr,Rs13.4 Cr,Rs1.0 Cr,,Pani_2024,Pani (film),1194788.0
Premalu,2024,Malayalam,post_covid,5.5,ok,True,"Comedy, Romantic",Comedy,U,U,True,156.0,09 Feb 2024,False,Althaf Salim; Naslen K. Gafoor; Mamitha Baiju; Akhila Bhargavan; Meenakshi Raveendran,Girish AD,Bhavana Studios,1,1.0281823986559693,2,3.9138,2.9779,0,Friday,2,7.754,71.0,Rs131.5 Cr,Rs58.56 Cr,Rs42.5 Cr,Rs1.0 Cr,3.154,Premalu_2024,Premalu,1149791.0
Vaazha - Biopic of a Billion Boys,2024,Malayalam,post_covid,5.200000047683716,ok,True,"Comedy, Drama",Comedy,UA,UA,True,125.0,15 Aug 2024,True,Hashir; Vinayak Mali; Azees Nedumangad; Joemon Jyothir,Anand Menon,WBTS Productions,1,,0,0.7599,1.2241,0,Thursday,8,6.839,31.0,Rs38.25 Cr,Rs23.46 Cr,Rs10.6 Cr,Rs1.0 Cr,,Vaazha__Biopic_of_a_Billion_Boys_2024,Vaazha: Biopic of a Billion Boys,1189518.0
Malaikottai Vaaliban,2024,Malayalam,post_covid,5.150000095367432,ok,True,"Action, Drama, Period",Action,UA,UA,True,156.0,25 Jan 2024,False,Danish Sait; Mohanlal; Hareesh Peradi; Manikandan R. Achari; Sonalee Kulkarni; Katha Nandi,Lijo Jose Pellissery,Maxlab Cinemas and Entertainments,1,3.07915387116492,9,1.6832,1.0054,0,Thursday,1,6.2,21.0,Rs29.82 Cr,Rs14.02 Cr,Rs13.15 Cr,Rs1.0 Cr,,Malaikottai_Valiban_2023,Malaikottai Vaaliban,1038874.0
Anweshippin Kandethum,2024,Malayalam,post_covid,4.400000095367432,ok,True,"Crime, Drama, Thriller",Crime,UA,U/A,True,145.0,09 Feb 2024,False,Siddique; Indrans; Tovino Thomas,Darwin Kuriakose,Yoodlee Films,1,1.794864543668765,13,1.0958,1.0899,0,Friday,2,6.956,45.0,Rs15.75 Cr,Rs8.99 Cr,Rs5.25 Cr,Rs1.0 Cr,,Anweshippin_Kandethum_2024,Anweshippin Kandethum,834664.0
Kishkindha Kaandam,2024,Malayalam,post_covid,3.950000047683716,ok,True,"Mystery, Thriller",Mystery,UA,UA,True,125.0,12 Sep 2024,False,Asif Ali; Jagadish; Vijayaraghavan; Aparna Balamurali,Dinjith Ayyathan,Goodwill Entertainments,1,2.3831212644588096,7,1.4045,1.7514,0,Thursday,9,7.717,60.0,Rs76.9 Cr,Rs41.64 Cr,Rs29.0 Cr,Rs1.0 Cr,6.889,Kishkindha_Kaandam_2024,Kishkindha Kaandam,1025125.0
Rifle Club,2024,Malayalam,post_covid,3.9499999284744263,ok,True,"Action, Drama",Action,UA,UA,True,120.0,19 Dec 2024,False,,,,0,1.6069569763767997,417,2.3897,1.08,0,Thursday,12,6.1,21.0,Rs27.0 Cr,Rs15.65 Cr,Rs9.25 Cr,Rs1.0 Cr,,Rifle_Club_2024,Rifle Club (film),1177623.0
Pavi Caretaker,2024,Malayalam,post_covid,3.350000023841858,ok,True,"Comedy, Drama, Romantic",Comedy,U,U,True,,26 Apr 2024,False,Johny Antony; Dileep; Radhika Sarathkumar,Vineeth Kumar,Grand Production,1,1.6454121569985385,2,2.63,0.864,0,Friday,4,5.357,7.0,Rs8.12 Cr,Rs7.1 Cr,Rs0.0 Cr,Rs1.0 Cr,,Pavi_Caretaker_2024,Pavi Caretaker,1081319.0
Barroz,2024,Malayalam,post_covid,3.3200000524520874,ok,True,"Action, Adventure, Fantasy",Action,U,U,True,154.0,25 Dec 2024,True,Cesar Lorente Raton; Ignacio Mateos; Mohanlal; Maya Rao West; Kallirroi Tziafeta,Mohanlal,Aashirvad Cinemas,1,2.1369976782711655,10,1.6832,0.901,0,Wednesday,12,1.7,6.0,Rs15.1 Cr,Rs9.19 Cr,Rs4.5 Cr,Rs1.0 Cr,145.25,Barroz_2024,Barroz 3D,627304.0
Malayalee From India,2024,Malayalam,post_covid,3.299999952316284,ok,True,"Comedy, Drama",Comedy,U,U,True,158.0,01 May 2024,False,Nivin Pauly; Shine Tom Chacko; Dhyan Sreenivasan; Anaswara Rajan,Dijo Jose Antony,Magic Frames,1,2.102134307232736,6,3.4149,1.0865,0,Wednesday,5,4.5,13.0,Rs18.39 Cr,Rs10.8 Cr,Rs6.0 Cr,Rs1.0 Cr,,Malayalee_From_India_2024,Malayalee from India,1101175.0
Nunakkuzhi,2024,Malayalam,post_covid,3.299999952316284,ok,True,"Comedy, Thriller",Comedy,UA,UA,True,,15 Aug 2024,True,Baiju Santhosh; Saiju Kurup; Basil Joseph; Nikhila Vimal; Swasika; Grace Antony,Jeethu Joseph,Yoodlee Films,1,1.8089697865691132,6,1.2192,1.2808,0,Thursday,8,6.472,18.0,Rs23.6 Cr,Rs11.92 Cr,Rs9.75 Cr,Rs1.0 Cr,,Nunakkuzhi_2024,Nunakkuzhi,1180620.0
Thalavan,2024,Malayalam,post_covid,2.800000011920929,ok,True,"Crime, Drama, Thriller",Crime,UA,UA,True,133.0,24 May 2024,False,Biju Menon; Asif Ali; Anusree; Miya George,Jis Joy,London Studios,1,1.5487099311485464,6,1.4045,1.074,0,Friday,5,6.815,27.0,Rs25.07 Cr,Rs15.29 Cr,Rs7.5 Cr,Rs1.0 Cr,,Thalavan_2024,Thalavan,1112108.0
I am Kathalan,2024,Malayalam,post_covid,2.6100000143051147,ok,True,"Drama, Thriller",Drama,U,U,True,111.0,07 Nov 2024,False,,,,0,1.652439143925374,399,2.5431,1.5206,0,Thursday,11,6.25,18.0,Rs2.06 Cr,Rs4.49 Cr,Rs0.0 Cr,Rs1.0 Cr,,I_am_Kathalan_2024,I Am Kathalan,1046183.0
Kondal,2024,Malayalam,post_covid,1.6900000274181366,ok,True,"Action, Crime, Drama",Action,,,False,147.0,13 Sep 2024,False,Raj B. Shetty; Shabeer Kallarakkal; Antony Varghese; Gauthami Nair,Ajith Mampally,Weekend Blockbusters,1,1.536867219599265,2,0.8316,0.8182,0,Friday,9,4.6,5.0,Rs0.26 Cr,Rs2.95 Cr,₹0.00 Cr,Rs1.0 Cr,,Kondal_2024,Kondal,1179283.0
Ullozhukku,2024,Malayalam,post_covid,1.449999988079071,ok,True,"Drama, Family",Drama,,,False,123.0,21 Jun 2024,False,,,,0,1.8627249784323745,336,1.2541,0.8898,0,Friday,6,7.0,13.0,Rs4.46 Cr,Rs3.96 Cr,₹0.00 Cr,Rs1.0 Cr,,Ullozhukku_2024,Ullozhukku,985439.0
Thankamani,2024,Malayalam,post_covid,1.2999999821186066,ok,True,"Crime, Drama",Crime,,,False,,07 Mar 2024,False,,,,0,2.1254347039682226,283,1.1046,0.6845,0,Thursday,3,0.0,0.0,Rs0.81 Cr,Rs2.43 Cr,₹0.00 Cr,Rs1.0 Cr,,Thankamani_2024,Thankamani (film),1077696.0
Nadanna Sambhavam,2024,Malayalam,post_covid,1.0999999940395355,ok,True,"Drama, Family, Social",Drama,UA,U/A 13+,True,,21 Jun 2024,False,,,,0,1.8627249784323745,336,1.197,0.7102,0,Friday,6,4.8,8.0,Rs2.58 Cr,Rs2.3 Cr,₹0.00 Cr,Rs1.0 Cr,,Nadanna_Sambhavam_2024,Nadanna Sambhavam,1077263.0
Hello Mummy,2024,Malayalam,post_covid,1.0799999833106997,ok,True,"Comedy, Fantasy",Comedy,UA,UA,True,135.0,21 Nov 2024,False,,,,0,1.6339353016205198,406,1.5169,0.854,0,Thursday,11,4.556,9.0,Rs7.53 Cr,Rs6.86 Cr,₹0.00 Cr,Rs1.0 Cr,,Hello_Mummy_2024,Hello Mummy,1239991.0
Jai Ganesh,2024,Malayalam,post_covid,0.9599999934434892,ok,True,"Drama, Family",Drama,U,U,True,125.0,11 Apr 2024,True,Unni Mukundan; Ravindra Vijay; Jomol; Mahima Nambiar,Ranjith Sankar,Unni Mukundan Films,1,2.0918640616783932,2,0.8805,0.7641,0,Thursday,4,5.455,11.0,Rs3.97 Cr,Rs3.45 Cr,Rs0.0 Cr,Rs1.0 Cr,,Jai_Ganesh_2024,Jai Ganesh (film),1168528.0
Anchakkallakokkan,2024,Malayalam,post_covid,0.9300000071525574,ok,True,"Action, Crime, Thriller",Action,UA,UA,True,125.0,15 Mar 2024,False,,,,0,2.078055925582919,291,0.8109,1.1962,0,Friday,3,5.889,9.0,Rs2.66 Cr,Rs2.77 Cr,₹0.00 Cr,Rs1.0 Cr,,Anchakkallakokkan_2024,Anchakkallakokkan,1186391.0
Level Cross,2024,Malayalam,post_covid,0.9099999964237212,ok,True,"Drama, Thriller",Drama,UA,UA,True,116.0,26 Jul 2024,False,,,,0,1.8125716557007627,348,1.4045,0.8809,0,Friday,7,6.75,12.0,Rs1.44 Cr,Rs1.52 Cr,₹0.00 Cr,Rs1.0 Cr,,Level_Cross_2024,Level Cross (film),1105682.0
Bad Boyz,2024,Malayalam,post_covid,0.90999998152256,ok,True,"Action, Comedy",Action,,,False,148.0,13 Sep 2024,False,,,,0,1.751646344665645,369,1.095,1.5892,0,Friday,9,0.0,0.0,Rs2.17 Cr,Rs1.96 Cr,₹0.00 Cr,Rs1.0 Cr,,Bad_Boyz_2024,Bad Boyz (film),1100702.0
ED - Extra Decent,2024,Malayalam,post_covid,0.8099999874830246,ok,True,"Comedy, Drama",Comedy,UA,UA,True,,20 Dec 2024,False,,,,0,1.6069388677302787,418,1.197,0.7665,0,Friday,12,6.333,6.0,Rs2.33 Cr,Rs2.08 Cr,₹0.00 Cr,Rs1.0 Cr,,ED__Extra_Decent_2024,ED: Extra Decent,1296484.0
Anand Sreebala,2024,Malayalam,post_covid,0.7900000065565109,ok,True,"Mystery, Suspense, Thriller",Mystery,UA,UA,True,,15 Nov 2024,False,,,,0,1.642645627542664,403,0.963,1.1891,0,Friday,11,6.333,9.0,Rs1.54 Cr,Rs1.39 Cr,₹0.00 Cr,Rs1.0 Cr,,Anand_Sreebala_2024,Anand Sreebala,1243975.0
Mandakini,2024,Malayalam,post_covid,0.6700000017881393,ok,True,"Comedy, Drama",Comedy,U,U,True,,24 May 2024,False,,,,0,1.9092495588865295,323,1.8667,1.3236,0,Friday,5,5.222,9.0,Rs3.42 Cr,Rs3.02 Cr,₹0.00 Cr,Rs1.0 Cr,,Mandakini_2024,Mandakini (2024 film),1259108.0
Little Hearts,2024,Malayalam,post_covid,0.6200000047683716,ok,True,"Comedy, Romantic",Comedy,UA,UA,True,134.0,07 Jun 2024,False,,,,0,1.890508210462044,329,0.8191,0.7651,0,Friday,6,4.7,5.0,Rs1.57 Cr,Rs1.41 Cr,₹0.00 Cr,Rs1.0 Cr,,Little_Hearts_2024,Little Hearts (2024 film),1189826.0
Golam,2024,Malayalam,post_covid,0.5999999940395355,ok,True,"Mystery, Thriller",Mystery,UA,UA,True,120.0,07 Jun 2024,False,,,,0,1.890508210462044,329,0.9604,1.6461,0,Friday,6,6.429,28.0,Rs2.88 Cr,Rs2.58 Cr,₹0.00 Cr,Rs1.0 Cr,,Golam_2024,Golam (2024 film),1222140.0
Mura,2024,Malayalam,post_covid,0.5399999991059303,ok,True,"Action, Drama",Action,UA,UA,True,,08 Nov 2024,False,,,,0,1.6515173155063292,400,1.197,0.8803,0,Friday,11,5.688,8.0,Rs2.03 Cr,Rs1.78 Cr,₹0.00 Cr,Rs1.0 Cr,,Mura_2024,Mura (film),1228693.0
Aattam,2024,Malayalam,post_covid,0.5000000074505806,ok,True,"Drama, Suspense",Drama,UA,UA,True,139.0,05 Jan 2024,False,,,,0,2.2962984929397074,256,0.7484,0.8175,0,Friday,1,7.926,34.0,Rs1.42 Cr,Rs1.22 Cr,₹0.00 Cr,Rs1.0 Cr,,Aattam_2024,Aattam,957926.0
Swargam,2024,Malayalam,post_covid,0.2400000020861625,ok,True,"Comedy, Drama, Family",Comedy,U,U,True,156.0,08 Nov 2024,False,,,,0,1.6515173155063292,400,0.9127,0.6181,0,Friday,11,2.0,2.0,Rs1.18 Cr,Rs1.05 Cr,₹0.00 Cr,Rs1.0 Cr,,Swargam_2024,Swargam,1372862.0
All We Imagine as Light,2024,Malayalam,post_covid,0.0299999993294477,ok,False,Drama,Drama,A,A,True,115.0,21 Sep 2024,False,,,,0,1.7279270391217054,376,0.9268,7.7357,0,Saturday,9,6.83,247.0,Rs1.9 Cr,Rs1.75 Cr,₹0.00 Cr,Rs1.0 Cr,,All_We_Imagine_as_Light_2024,All We Imagine as Light,927547.0
L2: Empuraan,2025,Malayalam,post_covid,34.89999961853027,ok,True,"Action, Thriller",Action,UA,U/A 16+,True,179.0,27 Mar 2025,False,Mohanlal; Indrajith Sukumaran; Tovino Thomas; Abhimanyu Singh; Prithviraj Sukumaran; Sachin Khedekar; Manju Warrier,Prithviraj Sukumaran,Sree Gokulam Movies,1,2.0757483815553965,11,1.9225,1.1892,0,Thursday,3,6.227,33.0,Rs266.81 Cr,Rs97.34 Cr,Rs142.25 Cr,Rs1.0 Cr,174.5905249,Lucifer_2_2023,L2: Empuraan,627336.0
Thudarum,2025,Malayalam,post_covid,23.88999938964844,ok,True,Drama,Drama,UA,U/A 16+,True,166.0,25 Apr 2025,False,Mohanlal; Binu Pappu; Irshad Ali; Maniyanpilla Raju; Shobana,Tharun Moorthy,Rejaputhra Visual Media,1,2.2011641234981414,12,1.6832,1.2854,0,Friday,4,7.3,45.0,Rs235.38 Cr,Rs118.6 Cr,Rs93.8 Cr,Rs1.0 Cr,,Thudarum_2025,Thudarum,1261125.0
Lokah: Chapter 1 - Chandra,2025,Malayalam,post_covid,16.850000381469727,ok,True,Fantasy,Fantasy,UA,U/A 16+,True,150.0,28 Aug 2025,False,Naslen K. Gafoor; Vijayaraghavan; Sandy Master; Arun Kurian; Kalyani Priyadarshan,Dominic Arun,Wayfarer Films,1,2.121876705043764,4,1.6815,3.0993,1,Thursday,8,7.287,68.0,Rs301.41 Cr,Rs122.83 Cr,Rs120.2 Cr,Rs30.0 Cr,30.0,Lokah_Chapter_1_2025,Lokah Chapter 1: Chandra,1290190.0
Kalamkaval,2025,Malayalam,post_covid,16.5,ok,True,"Action, Crime, Mystery, Thriller",Action,UA,U/A 16+,True,144.0,05 Dec 2025,False,Mammootty; Vinayakan; Gibin Gopinath; Rajisha Vijayan; Gayatri Arun,Jithin K. Jose,Mammootty Kampany,1,2.13326384811262,14,2.2354,2.3026,0,Friday,12,6.375,24.0,Rs82.75 Cr,Rs37.39 Cr,Rs38.7 Cr,Rs1.0 Cr,,Kalamkaval_2025,Kalamkaval,1254590.0
Sarvam Maya,2025,Malayalam,post_covid,14.550000190734863,ok,True,"Comedy, Drama, Fantasy",Comedy,U,U,True,146.0,25 Dec 2025,True,Nivin Pauly; Janardhanan; Aju Varghese; Preity Mukhundhan,Akhil Sathyan,Firefly Films,1,1.3179266422095601,5,2.2595,2.4123,0,Thursday,12,7.9,35.0,Rs151.25 Cr,Rs76.84 Cr,Rs60.6 Cr,Rs1.0 Cr,,Sarvam_Maya_2025,Sarvam Maya,1473354.0
Alappuzha Gymkhana,2025,Malayalam,post_covid,9.950000047683716,ok,True,"Comedy, Drama, Sports",Comedy,UA,U/A 7+,True,139.0,10 Apr 2025,False,Naslen K. Gafoor; Redin Kingsley; Lukman Avaran; Ganapathi; Noila Francy,Khalid Rahman,Reelistic Studios,1,1.7930211547019421,3,1.6815,1.422,0,Thursday,4,6.6,29.0,Rs70.6 Cr,Rs40.09 Cr,Rs20.0 Cr,Rs1.0 Cr,,Alappuzha_Gymkhana_2025,Alappuzha Gymkhana,1245571.0
Bha. Bha. Ba.,2025,Malayalam,post_covid,9.700000047683716,ok,True,"Action, Comedy, Thriller",Action,UA,U/A 13+,True,153.0,18 Dec 2025,False,Redin Kingsley; Mohanlal; Balu Varghese; Vineeth Sreenivasan; Dileep; Dhyan Sreenivasan; Saranya Ponvannan,Dhananjay Shankar,"Sree Gokulam Movies,",1,2.282201664200024,14,1.6832,2.1087,0,Thursday,12,3.667,6.0,Rs45.85 Cr,Rs23.58 Cr,Rs18.1 Cr,Rs1.0 Cr,,Bha_Bha_Ba_2025,Bha Bha Ba,1196995.0
Rekhachithram,2025,Malayalam,post_covid,9.25,ok,True,"Crime, Drama, Suspense, Thriller",Crime,UA,UA,True,140.0,09 Jan 2025,False,Siddique; Manoj K. Jayan; Asif Ali; Anaswara Rajan,Jofin T. Chacko,Kavya Film Company,1,1.3562650739205553,14,3.4149,1.4649,0,Thursday,1,6.923,39.0,Rs56.75 Cr,Rs26.6 Cr,Rs25.5 Cr,Rs1.0 Cr,8.7814,Rekhachithram_2025,Rekhachithram,1290954.0
Hridayapoorvam,2025,Malayalam,post_covid,9.200000047683716,ok,True,"Comedy, Drama",Comedy,U,U,True,151.0,28 Aug 2025,False,Sangeeth Prathap; Mohanlal; Siddique; Sangita Madhavan Nair; Malavika Mohanan,Sathyan Anthikad,Aashirvad Cinemas,1,2.2791104287565567,16,1.8037,1.3494,0,Thursday,8,6.8,18.0,Rs76.26 Cr,Rs40.14 Cr,Rs29.25 Cr,Rs25.0 Cr,25.0,Hridayapoorvam_2025,Hridayapoorvam,1314784.0
Bazooka,2025,Malayalam,post_covid,5.799999952316284,ok,True,"Action, Thriller",Action,UA,U/A,True,151.0,10 Apr 2025,False,Mammootty; Sidharth Bharathan; Gautham Vasudev Menon; Anoop Menon; Shine Tom Chacko; Sumit Naval; Divya Pillai; Ishwarya Menon,Deeno Dennis,Yoodlee Films,1,2.3655598787234013,13,2.2354,0.915,0,Thursday,4,4.0,3.0,Rs27.02 Cr,Rs13.86 Cr,Rs11.0 Cr,Rs1.0 Cr,,Bazooka_2025,Bazooka (film),983219.0
Narivetta,2025,Malayalam,post_covid,5.75,ok,True,"Crime, Drama, Thriller",Crime,UA,U/A 16+,True,138.0,23 May 2025,False,Cheran; Tovino Thomas; Suraj Venjaramoodu; Arya Salim,Anuraj Manohar,Indian Cinema Company,1,2.3451002033523882,9,1.197,1.1499,0,Friday,5,6.3,16.0,Rs30.25 Cr,Rs18.5 Cr,Rs9.0 Cr,Rs1.0 Cr,,Narivetta_2025,Narivetta,936667.0
Eko,2025,Malayalam,post_covid,5.699999988079071,ok,True,"Drama, Mystery",Drama,UA,U/A 16+,True,125.0,21 Nov 2025,False,Sandeep Pradeep; Binu Pappu; Vineeth; Ashokan; Narain Kumar,Dinjith Ayyathan,Aaradyaa Studios,1,2.094512861429372,2,1.0555,2.2297,0,Friday,11,7.306,36.0,Rs48.0 Cr,Rs24.42 Cr,Rs19.2 Cr,Rs1.0 Cr,,Eko_2025,Eko (film),1070186.0
Sumathi Valavu,2025,Malayalam,post_covid,5.550000071525574,ok,True,"Comedy, Drama, Horror",Comedy,UA,U/A 16+,True,139.0,01 Aug 2025,False,Saiju Kurup; Bobby Kurien; Balu Varghese; Gokul Suresh Gopi; Arjun Ashokan; Shravan Mukesh; Malavika Manoj; Sshivada Nair,Vishnu Sasi Shankar,,1,1.9693129863865346,7,0.9157,2.0719,0,Friday,8,6.0,12.0,Rs24.85 Cr,Rs16.0 Cr,Rs6.0 Cr,Rs1.0 Cr,,Sumathi_Valavu_2025,Sumathi Valavu,1296338.0
Maranamass,2025,Malayalam,post_covid,5.139999866485596,ok,True,"Action, Comedy",Action,UA,U/A 16+,True,141.0,10 Apr 2025,False,,,,0,1.462348162108349,481,1.2192,1.1381,0,Thursday,4,6.0,17.0,Rs18.96 Cr,Rs18.78 Cr,Rs0.0 Cr,Rs1.0 Cr,,Maranamass_2025,Maranamass,1272121.0
Dominic and the Ladies Purse,2025,Malayalam,post_covid,4.649999976158142,ok,True,"Comedy, Thriller",Comedy,UA,UA,True,152.0,23 Jan 2025,False,Mammootty; Siddique; Gokul Suresh; Lenaa,Gautham Vasudev Menon,Mammootty Kampany,1,2.1847596439556987,15,2.2354,1.6676,0,Thursday,1,5.792,12.0,Rs19.92 Cr,Rs9.37 Cr,Rs9.0 Cr,Rs1.0 Cr,,Dominic_and_the_Ladies_Purse_2025,Dominic and the Ladies' Purse,1303576.0
Identity,2025,Malayalam,post_covid,3.950000047683716,ok,True,"Action, Crime, Thriller",Action,UA,UA,True,158.0,02 Jan 2025,False,Tovino Thomas; Vinay Rai; Archana Jose Kavi; Trisha Krishnan,Anas Khan,Ragam Movies,1,2.11945867382181,7,1.7151,1.2928,0,Thursday,1,5.519,27.0,Rs16.9 Cr,Rs8.53 Cr,Rs5.1 Cr,Rs1.0 Cr,,Identity_2025,Identity (2025 film),1012180.0
Vyasana Sametham Bandhu Mithradhikal,2025,Malayalam,post_covid,3.7799999117851257,ok,True,"Comedy, Drama",Comedy,,,False,114.0,13 Jun 2025,False,Azeez Nedumangad; Joemon Jyothir; Baiju Santhosh; Siju Sunny; Mallika Sukumaran; Anaswara Rajan,S Vipin,,1,2.4379897133421817,1,,,0,Friday,6,,,Rs16.0 Cr,Rs13.6 Cr,Rs0.0 Cr,Rs1.0 Cr,,Vyasana_Sametham_Bandhu_Mithradhikal_2025,Vyasanasametham Bandhumithradhikal,
Bromance,2025,Malayalam,post_covid,3.650000095367432,ok,True,"Adventure, Comedy, Romantic",Adventure,U,U,True,150.0,14 Feb 2025,False,,,,0,1.5084173495198074,456,0.9213,1.6662,0,Friday,2,5.318,11.0,Rs14.81 Cr,Rs8.56 Cr,Rs5.05 Cr,Rs1.0 Cr,,Bromance_2025,Bromance (2025 film),1274225.0
Vilaayath Budha,2025,Malayalam,post_covid,3.450000047683716,ok,True,Drama,Drama,UA,U/A 16+,True,,21 Nov 2025,False,Shammi Thilakan; Suraj Venjaramoodu; Anu Mohan; Prithviraj Sukumaran; Priyamvada Krishnan; Rajashree,Jayan Nambiar,Urvasi Theatres,1,2.1999143038630717,3,1.9225,1.7406,0,Friday,11,0.0,0.0,Rs8.65 Cr,Rs5.2 Cr,Rs2.6 Cr,Rs1.0 Cr,,Vilaayath_Budha_2025,Arvind S Kashyap,864772.0
Prince and Family,2025,Malayalam,post_covid,3.3499999046325684,ok,True,"Comedy, Drama, Family",Comedy,U,U,True,134.0,09 May 2025,False,,,,0,1.4230999861858615,504,0.981,0.8344,0,Friday,5,5.389,9.0,Rs26.32 Cr,Rs17.15 Cr,Rs6.62 Cr,Rs1.0 Cr,,Prince_and_Family_2025,Prince and Family,1268170.0
Ponman,2025,Malayalam,post_covid,3.2199999690055847,ok,True,"Comedy, Drama",Comedy,UA,UA,True,127.0,30 Jan 2025,False,Basil Joseph; Sajin Gopu; Lijomol Jose,Jotish Shankar,Ajith Vinayaka Films,1,1.8224239539439877,8,1.2192,1.1276,0,Thursday,1,7.821,28.0,Rs12.0 Cr,Rs10.18 Cr,Rs0.0 Cr,Rs1.0 Cr,,Ponman_2025,Ponman,1244068.0
Mirage,2025,Malayalam,post_covid,3.1999999284744263,ok,True,"Mystery, Thriller",Mystery,,,False,150.0,19 Sep 2025,False,Asif Ali; Arjun Syam Gopan; Hakim Shahjahan; Deepak Parambol; Sampath Raj; Aparna Balamurali,Jeethu Joseph,Naad Sstudios,1,1.464155366327651,9,1.2721,1.2963,0,Friday,9,6.0,2.0,Rs6.25 Cr,Rs5.32 Cr,Rs0.0 Cr,Rs1.0 Cr,,Mirage_2025,Mirage (2025 film),1536876.0
The Pet Detective,2025,Malayalam,post_covid,2.830000042915344,ok,True,"Comedy, Mystery, Thriller",Comedy,U,U,True,116.0,16 Oct 2025,False,Shyam Mohan; Vijayaraghavan; Sharafudheen; Bhagath Manuel; Vinay Forrt; Anupama Parameswaran,Praneesh Vijayan,,1,2.3119084111819483,4,1.1595,1.2573,0,Thursday,10,4.333,9.0,Rs11.5 Cr,Rs9.94 Cr,Rs0.0 Cr,Rs1.0 Cr,,The_Pet_Detective_2025,The Pet Detective,1270908.0
Daveed,2025,Malayalam,post_covid,2.800000011920929,ok,True,"Action, Drama, Sports",Action,UA,UA,True,150.0,14 Feb 2025,False,,,,0,1.5084173495198074,456,1.0614,2.0537,0,Friday,2,4.0,5.0,Rs6.0 Cr,Rs5.22 Cr,Rs0.0 Cr,Rs1.0 Cr,,Daveed_2025,Daveed (film),1308064.0
JSK - Janaki V vs State of Kerala,2025,Malayalam,post_covid,2.7899999618530273,ok,True,"Action, Drama, Thriller",Action,UA,U/A 16+,True,154.0,17 Jul 2025,False,Suresh Gopi; Shruthi Ramachandran; Divya Pillai; Anupama Parameswaran,Pravin Narayanan,Cosmos Entertainments,1,1.5994220302742141,4,1.1595,0.9556,0,Thursday,7,3.8,5.0,Rs6.5 Cr,Rs5.52 Cr,Rs0.0 Cr,Rs1.0 Cr,,JSK__Janaki_V_vs_State_of_Kerala_2025,JSK: Janaki V v/s State of Kerala,1044944.0
Ronth,2025,Malayalam,post_covid,2.399999976158142,ok,True,"Crime, Drama",Crime,UA,U/A 16+,True,122.0,13 Jun 2025,False,Arun Cherukavil; Rajesh Madhavan; Dileesh Pothan; Sudhi Koppa; Mohammed Roshan; Roshan Mathew; Krisha Kurup,Shahi Kabir,,1,,0,0.7768,0.9882,0,Friday,6,7.152,23.0,Rs8.92 Cr,Rs6.59 Cr,Rs2.05 Cr,Rs1.0 Cr,,Ronth_2025,Ronth,1339055.0
Padakkalam,2025,Malayalam,post_covid,2.330000042915344,ok,True,"Comedy, Drama, Fantasy",Comedy,U,U,True,123.0,08 May 2025,False,,,,0,1.4248027158574306,502,1.197,1.0036,0,Thursday,5,7.265,34.0,Rs18.77 Cr,Rs16.73 Cr,₹0.00 Cr,Rs1.0 Cr,,Padakkalam_2025,Padakkalam,1251970.0
Painkili,2025,Malayalam,post_covid,1.9700000286102295,ok,True,"Comedy, Romantic",Comedy,A,A,True,,14 Feb 2025,False,,,,0,1.5084173495198074,456,3.4149,0.8304,0,Friday,2,5.409,22.0,Rs4.13 Cr,Rs3.62 Cr,Rs0.0 Cr,Rs1.0 Cr,,Painkili_2025,Painkili,1290218.0
Pravinkoodu Shappu,2025,Malayalam,post_covid,1.9000000059604645,ok,True,"Mystery, Thriller",Mystery,UA,U/A 16+,True,149.0,16 Jan 2025,False,,,,0,1.564754465134441,434,1.4538,0.7357,0,Thursday,1,6.889,18.0,Rs7.0 Cr,Rs5.96 Cr,Rs0.0 Cr,Rs1.0 Cr,,Pravinkoodu_Shappu_2025,Pravinkoodu Shappu,1251551.0
Odum Kuthira Chaadum Kuthira,2025,Malayalam,post_covid,1.4600000083446505,ok,True,"Comedy, Drama",Comedy,,,False,151.0,29 Aug 2025,False,Dhyan Sreenivasan; Idavela Babu; Fahadh Faasil; Vinay Forrt; Niranjana Anoop; Kalyani Priyadarshan; Revathi Pillai,Althaf Salim,Ashiq Usman Productions,1,2.4361895582505273,11,,,0,Friday,8,,,Rs2.5 Cr,Rs2.14 Cr,Rs0.0 Cr,Rs1.0 Cr,,Odum_Kuthira_Chaadum_Kuthira_2025,Odum Kuthira Chaadum Kuthira,
Nellikkampoyil Night Riders,2025,Malayalam,post_covid,1.4300000071525574,ok,True,"Fantasy, Thriller",Fantasy,UA,U/A 16+,True,122.0,24 Oct 2025,False,Rony David; Vishnu Agasthya; Sarath Sabha; Abu Salim; Mathew Thomas; Roshan Shanavas; Meenakshi Unnikrishnan; Merin Philip,Noufal Abdullah,,1,0.5007752824938851,1,2.6213,0.9134,0,Friday,10,5.4,8.0,Rs3.1 Cr,Rs2.78 Cr,Rs0.0 Cr,Rs1.0 Cr,,Nellikkampoyil_Night_Riders_2025,Nellikkampoyil Night Riders,1399356.0
Get-Set Baby,2025,Malayalam,post_covid,1.2199999690055847,ok,True,"Drama, Family",Drama,U,U,True,,21 Feb 2025,False,,,,0,1.505614441730864,460,0.9426,1.0934,0,Friday,2,0.0,0.0,Rs4.35 Cr,Rs3.89 Cr,₹0.00 Cr,Rs1.0 Cr,,GetSet_Baby_2025,Get-Set Baby,1199722.0
Ennu Swantham Punyalan,2025,Malayalam,post_covid,1.179999977350235,ok,True,"Comedy, Drama",Comedy,,,False,129.0,10 Jan 2025,False,,,,0,1.576021143861486,429,3.4149,1.089,0,Friday,1,0.0,0.0,Rs2.61 Cr,Rs2.33 Cr,₹0.00 Cr,Rs1.0 Cr,,Ennu_Swantham_Punyalan_2025,Ennu Swantham Punyalan,1200214.0
Paathirathri,2025,Malayalam,post_covid,1.030000001192093,ok,True,"Drama, Thriller",Drama,UA,U/A,True,128.0,17 Oct 2025,False,Sunny Wayne; Harisree Ashokan; Soubin Shahir; Athmeeya Rajan; Navya Nair; Ann Augustine,Ratheena,Benzy productions,1,2.021509312588705,4,1.4538,1.3691,0,Friday,10,3.7,3.0,Rs2.32 Cr,Rs2.08 Cr,Rs0.0 Cr,Rs1.0 Cr,,Paathirathri_2025,Paathirathri,1302696.0
Thalavara,2025,Malayalam,post_covid,0.6700000166893005,ok,True,"Drama, Romantic",Drama,U,U,True,,22 Aug 2025,False,Arjun Ashokan; Abhiram Radhakrishnan; Ashokan; Prashanth Murali; Sarath Sabha; Sohan Seenulal; Revathy Sarma,Akhil Anilkumar,,1,1.8369463491867901,2,0.8826,0.8033,0,Friday,8,6.625,8.0,Rs2.04 Cr,Rs1.85 Cr,₹0.00 Cr,Rs1.0 Cr,,Thalavara_2025,Thalavara,1300027.0
Dheeran,2025,Malayalam,post_covid,0.6300000101327896,ok,True,"Action, Comedy, Drama",Action,UA,U/A 16+,True,137.0,04 Jul 2025,False,Rajesh Madhavan; Arun Cherukavil; Vineeth; Jagadish; Sudheesh; Indumathy Manikandan,Devadath Shaji,UVR Movies,1,1.2237754246098045,1,1.127,1.037,0,Friday,7,5.8,3.0,Rs2.6 Cr,Rs2.19 Cr,Rs0.0 Cr,Rs1.0 Cr,,Dheeran_2025,Dheeran (2025 film),1305591.0
Ouseppinte Osyathu,2025,Malayalam,post_covid,0.4800000041723251,ok,True,"Drama, Family",Drama,,,False,,07 Mar 2025,False,,,,0,1.4918417543622542,467,,,0,Friday,3,,,Rs1.37 Cr,Rs1.24 Cr,₹0.00 Cr,Rs1.0 Cr,,Ouseppinte_Osyathu_2025,,
Vrusshabha,2025,Malayalam,post_covid,0.4500000104308128,ok,True,"Action, Drama, Fantasy, Period",Action,UA,U/A,True,127.0,25 Dec 2025,True,Mohanlal; Mohammad Ajum Ali; Ramachandra Raju; Nayan Sarika; Neha Saxena; Ragini Dwivedi,Nanda Kishore,,1,2.288071136314975,15,1.6832,1.6749,0,Thursday,12,0.0,0.0,Rs2.16 Cr,Rs1.1 Cr,Rs0.25 Cr,Rs1.0 Cr,,Vrusshabha_2025,Vrusshabha,1151083.0
Karam,2025,Malayalam,post_covid,0.3500000014901161,ok,True,"Action, Thriller",Action,UA,U/A 16+,True,126.0,25 Sep 2025,False,,,,0,1.3871459164993265,528,0.8865,0.9852,0,Thursday,9,4.3,3.0,Rs1.25 Cr,Rs1.08 Cr,Rs0.0 Cr,Rs1.0 Cr,,Karam_2025,Karam (2025 film),1301278.0
United Kingdom of Kerala (UKOK),2025,Malayalam,post_covid,0.0199999995529651,ok,False,Drama,Drama,U,U,True,,23 May 2025,False,,,,0,1.4113429471495993,514,0.9798,0.7836,0,Friday,5,3.25,4.0,Rs1.99 Cr,Rs1.78 Cr,₹0.00 Cr,Rs1.0 Cr,,United_Kingdom_of_Kerala_2025,United Kingdom of Kerala,1380900.0
KGF Chapter 2,2022,Kannada,post_covid,39.609999656677246,ok,True,"Drama, Thriller",Drama,UA,U/A,True,168.0,14 Apr 2022,False,Sanjay Dutt; Yash Gowda; Prakash Raj; Srinidhi Shetty; Raveena Tandon,Prashanth Neel,Hombale Films,1,3.0929497305015143,8,2.5922,3.9716,1,Thursday,4,7.462,224.0,Rs1215.0 Cr,Rs154.69 Cr,Rs214.15 Cr,Rs100.0 Cr,100.0,KGF_Chapter_2_2020,KGF: Chapter 2,587412.0
Vikrant Rona,2022,Kannada,post_covid,25.00999975204468,ok,True,"Action, Adventure, Fantasy, Thriller",Action,UA,UA,True,147.0,28 Jul 2022,False,Kichcha Sudeep; Nirup Bhandari; Jacqueline Fernandez; Neetha Ashok,Anup Bhandari,Shalini Arts,1,3.9905288944810695,3,1.2199,1.3287,0,Thursday,7,6.1,35.0,Rs100.35 Cr,Rs59.73 Cr,Rs5.6 Cr,Rs95.0 Cr,95.0,Phantom_2021,Vikrant Rona,680334.0
777 Charlie,2022,Kannada,post_covid,20.739999771118164,ok,True,"Adventure, Comedy, Drama",Adventure,UA,UA,True,164.0,10 Jun 2022,False,Rakshit Shetty; Bobby Simha; Danish Sait; Sangeetha Sringeri,Kiranraj K,Paramvah Studios,1,3.6888794541139363,1,0.7528,2.5923,0,Friday,6,7.7,77.0,Rs102.75 Cr,Rs68.35 Cr,Rs5.8 Cr,Rs15.0 Cr,15.0,777_Charlie_2021,777 Charlie,634120.0
Gandhada Gudi,2022,Kannada,post_covid,13.550000190734863,ok,True,"Adventure, Drama, Thriller",Adventure,U,U,True,97.0,28 Oct 2022,False,Amoghavarsha JS; Puneeth Rajkumar,Amoghavarsha JS,PRK Productions,1,2.5633823760785632,3,0.9212,2.1649,0,Friday,10,7.0,3.0,Rs29.32 Cr,Rs29.49 Cr,Rs0.0 Cr,Rs1.0 Cr,,Gandhada_Gudi_2022,Gandhada Gudi (2022 film),1041319.0
Kantara,2022,Kannada,post_covid,9.50000023841858,ok,True,"Action, Thriller",Action,UA,UA,True,148.0,30 Sep 2022,False,Rishab Shetty; Pramod Shetty; Kishore Kumar G.; Achyuth Kumar; Suchan Shetty; Sapthami Gowda,Rishab Shetty,Hombale Films,1,1.0116009225156881,1,1.2038,3.0669,0,Friday,9,7.184,155.0,Rs407.82 Cr,Rs162.09 Cr,Rs44.0 Cr,Rs16.0 Cr,16.0,Kantara_2022,Kantara (2022 film),858485.0
Love Mocktail 2,2022,Kannada,post_covid,7.390000104904175,ok,True,"Drama, Romantic",Drama,,,False,,11 Feb 2022,False,Darling Krishna; Rachel David; Sushmitha Gowda,Darling Krishna,,1,0.12221763180116839,1,0.7069,2.2782,1,Friday,2,6.0,6.0,Rs16.05 Cr,Rs13.78 Cr,Rs0.0 Cr,Rs1.0 Cr,,Love_Mocktail_2_2022,Love Mocktail 2,723567.0
Vedha,2022,Kannada,post_covid,4.050000071525574,ok,True,"Action, Drama",Action,UA,U/A,True,160.0,23 Dec 2022,True,Shivarajkumar; Bharath Sagar; Shwetha Chengappa; Ghanavi Laxman; Aditi Sagar,A Harsha,Zee Studio,1,1.017352827035805,2,0.971,2.6744,0,Friday,12,4.9,7.0,Rs11.34 Cr,Rs12.3 Cr,Rs0.5 Cr,Rs1.0 Cr,,Vedha_2022,Vikram Vedha (2022 film),813829.0
Bairagee,2022,Kannada,post_covid,2.399999976158142,ok,True,"Action, Drama",Action,UA,UA,True,135.0,01 Jul 2022,False,Dhananjay; Shivarajkumar; Pruthvi Ambaar; Anjali,Vijay Milton,,1,2.7536441364137874,4,0.971,1.7678,0,Friday,7,4.0,2.0,Rs1.0 Cr,Rs3.6 Cr,Rs0.0 Cr,Rs1.0 Cr,,Bairagee_2022,Bairagee,873108.0
Vijayanand,2022,Kannada,post_covid,0.8800000250339508,ok,True,"Biography, Drama",Biography,,,False,,09 Dec 2022,False,,,,0,2.4308574657456936,235,0.9425,0.5996,0,Friday,12,2.0,1.0,₹0.00 Cr,Rs1.48 Cr,₹0.00 Cr,Rs1.0 Cr,,Vijayanand_2022,Vijayanand (film),1057367.0
Thothapuri Chapter 1,2022,Kannada,post_covid,0.8600000143051147,ok,True,Comedy,Comedy,,,False,111.0,30 Sep 2022,False,,,,0,2.4887362846982923,227,0.9593,0.637,1,Friday,9,1.0,1.0,₹0.00 Cr,Rs1.22 Cr,₹0.00 Cr,Rs1.0 Cr,,Thothapuri_Chapter_1_2022,Totapuri: Chapter 1,1064843.0
Home Minister,2022,Kannada,post_covid,0.7900000065565109,ok,True,"Action, Drama",Action,UA,UA,True,,01 Apr 2022,False,Avinash; Upendra; Sadhu Kokila; Vedhika; Tanya Hope,Sri Hari Naanu,,1,1.5475625188614843,1,1.0816,1.5757,0,Friday,4,0.0,0.0,Rs1.05 Cr,Rs1.17 Cr,Rs0.0 Cr,Rs1.0 Cr,,Home_Minister_2022,Home Minister (film),963074.0
Petromax,2022,Kannada,post_covid,0.7899999916553497,ok,True,Drama,Drama,A,A,True,134.0,15 Jul 2022,False,,,,0,2.5330159267168453,222,0.5428,0.6202,0,Friday,7,3.5,2.0,₹0.00 Cr,Rs1.47 Cr,₹0.00 Cr,Rs1.0 Cr,,Petromax_2022,Petromax (2022 film),1003541.0
Kabzaa,2023,Kannada,post_covid,16.649999618530273,ok,True,"Action, Thriller",Action,UA,U/A 13+,True,136.0,17 Mar 2023,False,Kichcha Sudeep; Shivarajkumar; Murali Sharma; Upendra; Kota Srinivasa Rao; Shriya Saran,R. Chandru,Sri Siddheshwara Enterprises,1,3.807516938342673,12,2.0008,1.4581,0,Friday,3,4.6,15.0,Rs34.5 Cr,Rs29.81 Cr,Rs1.85 Cr,Rs1.0 Cr,,Kabzaa_2021,Kabzaa (2023 film),683876.0
Sapta Sagaradaache Ello (Side A),2023,Kannada,post_covid,8.049999952316284,ok,True,"Drama, Romantic",Drama,UA,UA,True,142.0,01 Sep 2023,False,Achyuth Kumar; Rakshit Shetty; Avinash; Sharath Lohitashwa; Pavithra Lokesh; Rukmini Vasanth,Hemanth M Rao,Paramvah Studios,1,3.07915387116492,3,2.3737,1.5111,0,Friday,9,8.1,41.0,Rs26.25 Cr,Rs20.33 Cr,Rs0.0 Cr,Rs1.0 Cr,,Sapta_Sagaradaache_Ello_2023,Sapta Saagaradaache Ello: Side A,1168104.0
Sapta Sagaradaache Ello (Side B),2023,Kannada,post_covid,4.820000052452087,ok,True,"Drama, Romantic",Drama,UA,UA,True,142.0,17 Nov 2023,False,Rakshit Shetty; Avinash; Sharath Lohitashwa; Achyuth Kumar; Rukmini Vasanth; Chaithra Achar,Hemanth M Rao,Paramvah Studios,1,2.640959311803918,4,2.3737,1.0242,0,Friday,11,7.068,22.0,Rs15.6 Cr,Rs9.53 Cr,Rs1.5 Cr,Rs1.0 Cr,,Sapta_Sagaradaache_Ello_Side_B_2023,Sapta Saagaradaache Ello: Side A,1168102.0
Hostel Hudugaru Bekagiddare,2023,Kannada,post_covid,3.7500000596046448,ok,True,Comedy,Comedy,UA,U/A 13+,True,136.0,21 Jul 2023,False,Srivatsa; Rishab Shetty; Prajwal B.P.; Tejas Jayanna Urs; Pawan Kumar; Rakesh Rajkumar,Nithin Krishnamurthy,Varrun Studios,1,2.351375279870009,1,0.4948,0.5888,0,Friday,7,7.0,5.0,Rs13.4 Cr,Rs11.33 Cr,Rs0.0 Cr,Rs1.0 Cr,,Hostel_Hudugaru_Bekagiddare_2023,Hostel Hudugaru Bekagiddare,1147777.0
Tagarupalya,2023,Kannada,post_covid,1.0999999940395355,ok,True,"Comedy, Drama",Comedy,,,False,130.0,27 Oct 2023,False,,,,0,2.3146730262364077,252,,,0,Friday,10,,,Rs1.3 Cr,Rs1.1 Cr,Rs0.0 Cr,Rs1.0 Cr,,Tagarupalya_2023,Tagaru Palya,
UI (2024),2024,Kannada,post_covid,16.299999713897705,ok,True,"Action, Sci-Fi, Thriller",Action,,,False,132.0,20 Dec 2024,False,Upendra; Sadhu Kokila; Murali Sharma; Reeshma Nanaiah; Sunny Leone,Upendra,Venus Enterrtainer,1,2.4341281916408555,17,,,0,Friday,12,,,Rs40.5 Cr,Rs27.79 Cr,Rs2.15 Cr,Rs1.0 Cr,,UI_2024,UI (film),
Martin,2024,Kannada,post_covid,13.369999647140505,ok,True,"Action, Drama, Thriller",Action,,,False,148.0,11 Oct 2024,False,Dhruva Sarja; Sadhu Kokila; Nikitin Dheer; Chikkanna; Nawab Shah; Nathan Jones; Vaibhavi Shandilya; Anveshi Jain; Sukrutha Wagle,A. P. Arjun,Vasavi Enterprises,1,2.9204697993356468,1,1.0024,2.1001,0,Friday,10,4.321,39.0,Rs25.72 Cr,Rs17.53 Cr,Rs0.0 Cr,Rs1.0 Cr,146.4701,Martin_2024,Martin (2024 film),861451.0
Max (Kannada),2024,Kannada,post_covid,13.320000171661375,ok,True,"Action, Drama, Thriller",Action,,,False,133.0,25 Dec 2024,True,Redin Kingsley; Kichcha Sudeep; Sunil Varma; Pramod Shetty; Samyukta Hornad; Sukrutha Wagle; Varalaxmi Sarathkumar,Vijay Karthikeyaa,V Creations,1,3.620160703027396,12,,,0,Wednesday,12,,,Rs57.3 Cr,Rs43.3 Cr,Rs0.0 Cr,Rs1.0 Cr,,Max_Kannada_2024,Max (2024 film),
Bheema,2024,Kannada,post_covid,11.350000143051147,ok,True,"Action, Thriller",Action,A,A,True,,09 Aug 2024,False,Duniya Vijay,Duniya Vijay,Krishna Creations,1,2.806195314865311,2,0.8905,0.7563,0,Friday,8,0.0,0.0,Rs26.04 Cr,Rs22.29 Cr,Rs0.0 Cr,Rs1.0 Cr,,Bheema_2024,Bheema (2024 film),1068344.0
Bagheera,2024,Kannada,post_covid,8.950000047683716,ok,True,"Action, Thriller",Action,UA,UA,True,158.0,31 Oct 2024,True,Prakash Raj; Sri Murali; Achyuth Kumar; Rukmini Vasanth,Dr Suri,Hombale Films,1,2.7635786563744476,16,2.3737,1.4104,0,Thursday,10,5.457,24.0,Rs24.99 Cr,Rs19.37 Cr,Rs0.0 Cr,Rs1.0 Cr,,Bagheera_2024,Bagheera (2024 film),777292.0
Bhairathi Ranagal,2024,Kannada,post_covid,8.400000095367432,ok,True,"Action, Crime, Drama",Action,,,False,134.0,15 Nov 2024,False,Rahul Bose; Shivarajkumar; Rukmini Vasanth,Narthan,Geetha Pictures,1,2.0909939242230213,5,2.3737,1.396,0,Friday,11,8.3,3.0,Rs24.18 Cr,Rs19.99 Cr,Rs0.35 Cr,Rs1.0 Cr,,Bhairathi_Ranagal_2024,Bhairathi Ranagal,1088410.0
Yuva,2024,Kannada,post_covid,6.0,ok,True,"Action, Drama",Action,,,False,,29 Mar 2024,False,Yuva Rajkumar; Achyuth Kumar; Sapthami Gowda,Santhosh Ananddram,Hombale Films,1,1.430120152792874,3,0.7357,0.7262,0,Friday,3,3.5,2.0,Rs14.94 Cr,Rs12.66 Cr,Rs0.0 Cr,Rs1.0 Cr,,Yuva_2024,Yuva (2024 film),1094662.0
Krishnam Pranaya Sakhi,2024,Kannada,post_covid,4.730000138282776,ok,True,"Comedy, Romantic",Comedy,UA,UA,True,,15 Aug 2024,True,,,,0,1.7871738735081053,356,0.7385,1.1254,0,Thursday,8,6.75,4.0,Rs21.2 Cr,Rs18.83 Cr,Rs0.0 Cr,Rs1.0 Cr,,Krishnam_Pranaya_Sakhi_2024,Krishnam Pranaya Sakhi,1330592.0
Upadhyaksha,2024,Kannada,post_covid,2.100000023841858,ok,True,Comedy,Comedy,,,False,,26 Jan 2024,False,,,,0,2.2278418473378014,266,0.779,0.5854,0,Friday,1,0.0,0.0,Rs8.05 Cr,Rs6.92 Cr,Rs0.0 Cr,Rs1.0 Cr,,Upadhyaksha_2024,Upadhyaksha,1194153.0
Bachelor Party,2024,Kannada,post_covid,1.090000003576279,ok,True,"Adventure, Comedy",Adventure,,,False,145.0,26 Jan 2024,False,,,,0,2.2278418473378014,266,0.7357,0.7599,0,Friday,1,0.0,0.0,Rs1.87 Cr,Rs1.58 Cr,₹0.00 Cr,Rs1.0 Cr,,Bachelor_Party_2024,Bachelor Party (2024 film),1019258.0
Avatara Purusha 2,2024,Kannada,post_covid,0.7199999839067459,ok,True,Drama,Drama,UA,UA,True,122.0,05 Apr 2024,False,,,,0,2.012618968567183,304,1.2626,0.688,1,Friday,4,3.6,7.0,Rs1.61 Cr,Rs1.4 Cr,₹0.00 Cr,Rs1.0 Cr,,Avatara_Purusha_2_2024,Avatara Purusha 2,1268164.0
Ondu Sarala Premakathe,2024,Kannada,post_covid,0.4800000041723251,ok,True,"Drama, Romantic",Drama,,,False,,08 Feb 2024,False,,,,0,2.198502477007555,271,,,0,Thursday,2,,,Rs1.67 Cr,Rs1.45 Cr,₹0.00 Cr,Rs1.0 Cr,,Ondu_Sarala_Premakathe_2024,,
Ibbani Tabbida Ileyali,2024,Kannada,post_covid,0.4700000062584877,ok,True,"Drama, Musical, Romantic",Drama,,,False,160.0,05 Sep 2024,False,,,,0,1.7654188414070389,365,0.5767,0.9051,0,Thursday,9,7.0,2.0,Rs5.54 Cr,Rs4.94 Cr,₹0.00 Cr,Rs1.0 Cr,,Ibbani_Tabbida_Ileyali_2024,Ibbani Tabbida Ileyali,1014795.0
Love Li,2024,Kannada,post_covid,0.3599999994039535,ok,True,"Action, Romantic",Action,UA,UA,True,,14 Jun 2024,False,,,,0,1.8747163881515163,333,0.7357,0.7659,0,Friday,6,6.0,1.0,Rs1.51 Cr,Rs1.34 Cr,₹0.00 Cr,Rs1.0 Cr,,Love_Li_2024,Love Li,1305575.0
Laughing Buddha,2024,Kannada,post_covid,0.3199999984353781,ok,True,"Comedy, Mystery",Comedy,,,False,136.0,30 Aug 2024,False,,,,0,1.7747976514543493,361,0.7134,0.597,0,Friday,8,6.0,3.0,Rs1.18 Cr,Rs1.04 Cr,₹0.00 Cr,Rs1.0 Cr,,Laughing_Buddha_2024,Laughing Buddha (film),1151671.0
Kaljiga,2024,Kannada,post_covid,0.2399999927729368,ok,True,"Drama, Mystery, Thriller",Drama,,,False,,13 Sep 2024,False,,,,0,1.751646344665645,369,,,0,Friday,9,,,Rs1.12 Cr,Rs1.04 Cr,₹0.00 Cr,Rs1.0 Cr,,Kaljiga_2024,Sushmitha Bhat,
Kantara: A Legend Chapter-1,2025,Kannada,post_covid,44.75,ok,True,Action,Action,UA,UA,True,149.0,02 Oct 2025,False,Rishab Shetty; Gulshan Devaiah; Jayaram; Rukmini Vasanth,Rishab Shetty,Hombale Films,1,2.686842569793313,6,2.3737,6.0503,1,Thursday,10,7.245,98.0,Rs852.36 Cr,Rs200.02 Cr,Rs111.0 Cr,Rs125.0 Cr,125.0,Kantara_2_2024,Kantara: Chapter 1,1083637.0
The Devil,2025,Kannada,post_covid,11.200000047683716,ok,True,"Action, Drama, Thriller",Action,,,False,169.0,11 Dec 2025,False,Darshan Kumar; Mahesh Manjrekar; Achyuth Kumar; Sharmiela Mandre; Rachana Rai,Prakash (film director),Vaishno Studios,1,3.5270643244201465,9,14.2116,28.2482,0,Thursday,12,7.436,14219.0,Rs34.52 Cr,Rs29.39 Cr,Rs0.0 Cr,Rs1.0 Cr,290.5,The_Devil_2025,The Devil (2025 film),350.0
Mark,2025,Kannada,post_covid,9.790000200271606,ok,True,"Action, Thriller",Action,UA,U/A 16+,True,,25 Dec 2025,True,Naveen Chandra; Guru Somasundaram; Yogi Babu; Kichcha Sudeep; Roshni Prakash; Nishvika Naidu,Vijay Karthikeyaa,Sathya Jyothi Films,1,2.464961279301536,21,1.4121,1.2072,0,Thursday,12,4.0,1.0,Rs32.1 Cr,Rs26.0 Cr,Rs0.0 Cr,Rs1.0 Cr,,Mark_2025,Mark (2025 film),1510339.0
Su From So,2025,Kannada,post_covid,6.450000047683716,ok,True,"Comedy, Horror",Comedy,UA,U/A 13+,True,135.0,25 Jul 2025,False,Shanil Guru; Raj B. Shetty; J.P. Tuminadu; Prakash Thuminad; Deepak Rai Panaje,J.P. Tuminadu,Lighter Buddha Films,1,1.2632042117028144,2,0.4842,1.5584,0,Friday,7,7.522,23.0,Rs122.83 Cr,Rs84.45 Cr,Rs15.0 Cr,Rs1.0 Cr,,Su_From_So_2025,Su From So,1513656.0
45,2025,Kannada,post_covid,5.900000095367432,ok,True,"Action, Drama, Thriller",Action,,,False,144.0,25 Dec 2025,True,Shivarajkumar; Rajendran; Upendra; Raj B. Shetty; Pooja Ramachandra,Arjun Janya,Suraj Production,1,2.448571741048596,6,0.971,2.6559,0,Thursday,12,6.0,2.0,Rs18.5 Cr,Rs15.8 Cr,Rs0.0 Cr,Rs1.0 Cr,,45_2025,45 (2025 film),1382160.0
Ekka,2025,Kannada,post_covid,4.450000047683716,ok,True,"Action, Drama, Thriller",Action,UA,U/A 16+,True,148.0,18 Jul 2025,False,Atul Kulkarni; Yuva Rajkumar; Rahul Dev Shetty; Sampada Hulivana,Venu,PRK Audio,1,2.2664620761683127,3,0.7889,0.9578,0,Friday,7,0.0,0.0,Rs11.39 Cr,Rs9.76 Cr,Rs0.0 Cr,Rs1.0 Cr,,Ekka_2025,Ekka (film),1510164.0
Brat,2025,Kannada,post_covid,1.6500000059604645,ok,True,"Action, Thriller",Action,,,False,153.0,31 Oct 2025,False,Achyuth Kumar; Darling Krishna; Ramesh Indira; Dragon Manju; Manasi Sudheer; Manisha Kandkur,Shashank Taalya,Dolphin Entertainment,1,1.5894232852343144,8,0.9583,0.8295,0,Friday,10,6.625,8.0,Rs5.61 Cr,Rs5.03 Cr,Rs0.0 Cr,Rs1.0 Cr,,Brat_2025,Brat (2025 film),1416589.0
Choo Mantar,2025,Kannada,post_covid,1.459999993443489,ok,True,"Comedy, Horror, Thriller",Comedy,,,False,143.0,10 Jan 2025,False,,,,0,1.576021143861486,429,0.6874,0.915,0,Friday,1,0.0,0.0,Rs6.45 Cr,Rs5.8 Cr,₹0.00 Cr,Rs1.0 Cr,,Choo_Mantar_2025,Choo Mantar,1414578.0
Elumale,2025,Kannada,post_covid,1.2700000405311584,ok,True,"Romantic, Thriller",Romantic,,,False,133.0,05 Sep 2025,False,,,,0,1.3882225124521745,527,0.9699,0.7432,0,Friday,9,7.0,1.0,Rs5.25 Cr,Rs4.64 Cr,₹0.00 Cr,Rs1.0 Cr,,Elumale_2025,Elumale,1531329.0
Vaamana,2025,Kannada,post_covid,1.159999996423721,ok,True,"Action, Drama, Family",Action,,,False,,10 Apr 2025,False,,,,0,1.462348162108349,481,1.0479,0.8306,0,Thursday,4,5.0,4.0,Rs3.44 Cr,Rs3.1 Cr,₹0.00 Cr,Rs1.0 Cr,,Vaamana_2025,Vaamana,927224.0
Yuddhakaanda Chapter 2,2025,Kannada,post_covid,1.030000001192093,ok,True,"Drama, Thriller",Drama,,,False,105.0,18 Apr 2025,False,,,,0,1.4548226267357272,486,0.8019,0.8866,1,Friday,4,3.0,1.0,Rs5.54 Cr,Rs4.81 Cr,Rs0.0 Cr,Rs1.0 Cr,,Yuddhakaanda_Chapter_2_2025,Yuddhakaanda Chapter 2,1468971.0
Maadeva,2025,Kannada,post_covid,0.9399999976158142,ok,True,"Action, Drama, Romantic",Action,,,False,,06 Jun 2025,False,,,,0,1.3932184695183452,524,0.5077,1.0107,0,Friday,6,0.0,0.0,Rs7.4 Cr,Rs6.64 Cr,₹0.00 Cr,Rs1.0 Cr,,Maadeva_2025,Maadeva,1494159.0
Forest,2025,Kannada,post_covid,0.5899999886751175,ok,True,"Action, Comedy, Horror, Thriller",Action,,,False,145.0,24 Jan 2025,False,,,,0,1.551122416628446,439,1.6839,3.2426,0,Friday,1,5.095,21.0,Rs1.63 Cr,Rs1.49 Cr,₹0.00 Cr,Rs1.0 Cr,,Forest_2025,Forest (2025 film),985932.0
Manada Kadalu,2025,Kannada,post_covid,0.5499999970197678,ok,True,"Drama, Romantic",Drama,UA,UA,True,154.0,28 Mar 2025,False,,,,0,1.4644816896773072,480,0.6906,0.7014,0,Friday,3,0.0,0.0,Rs1.78 Cr,Rs1.58 Cr,₹0.00 Cr,Rs1.0 Cr,,Manada_Kadalu_2025,Manada Kadalu,1456539.0
Veera Chandrahasa,2025,Kannada,post_covid,0.4799999892711639,ok,True,"Action, Drama",Action,UA,U/A 7+,True,154.0,18 Apr 2025,False,,,,0,1.4548226267357272,486,0.971,0.6784,0,Friday,4,0.0,0.0,Rs1.7 Cr,Rs1.48 Cr,₹0.00 Cr,Rs1.0 Cr,,Veera_Chandrahasa_2025,Veera Chandrahasa,1466915.0
Maarutha,2025,Kannada,post_covid,0.3899999856948852,ok,True,"Action, Thriller",Action,,,False,156.0,21 Nov 2025,False,,,,0,1.3691205968711944,538,,,0,Friday,11,,,Rs1.14 Cr,Rs1.01 Cr,₹0.00 Cr,Rs1.0 Cr,,Maarutha_2025,Marutha (2025 film),
GST (Ghosts in Trouble),2025,Kannada,post_covid,0.3799999952316284,ok,True,"Comedy, Horror",Comedy,UA,U/A,True,132.0,28 Nov 2025,False,Srujan Lokesh; Sharath Lohitashwa; Rajani Bharadwaj; Vinaya Prasad; Girija Lokesh,Srujan Lokesh,,1,1.6248499274063883,2,,,0,Friday,11,,,Rs1.24 Cr,Rs1.12 Cr,Rs0.0 Cr,Rs1.0 Cr,,GST_2025,GST (film),
Mahavatar Narsimha,2025,Kannada,post_covid,0.3600000031292438,ok,True,"Action, Animation, Drama",Action,UA,U/A 13+,True,131.0,25 Jul 2025,False,,Ashwin Kumar,Kleem Productions,0,1.3902771470727129,526,0.651,3.0231,0,Friday,7,7.418,55.0,Rs326.82 Cr,Rs10.2 Cr,Rs28.0 Cr,Rs40.0 Cr,40.0,Mahavatar_Narsimha_2025,Mahavatar Narsimha,1383072.0
Sanju Weds Geetha 2,2025,Kannada,post_covid,0.1199999973177909,ok,True,"Drama, Romantic",Drama,,,False,,10 Jan 2025,False,,,,0,1.576021143861486,429,,,1,Friday,1,,,Rs1.32 Cr,Rs1.2 Cr,₹0.00 Cr,Rs1.0 Cr,,Sanju_Weds_Geetha_2_2025,Sanju Weds Geetha 2,
Aajo Ardhangini,2026,Bengali,post_covid,0.6800000071525574,ok,True,"Drama, Family",Drama,UA,U/A 16+,True,145.0,10 Jul 2026,False,Ambarish Bhattacharya; Koushik Sen; Churni Ganguly; Jaya Ahsan,Kaushik Ganguly,Surinder Films Pvt. Ltd,1,0.8146948910221181,3,1.3267,3.9436,0,Friday,7,0.0,0.0,Rs4.96 Cr,Rs4.4 Cr,₹0.00 Cr,,,Aajo_Ardhangini_2026,Aajo Ardhangini,1488950.0
Aamar Boss,2025,Bengali,post_covid,0.9999999701976776,ok,True,"Drama, Family",Drama,U,U,True,139.0,09 May 2025,False,,,,0,1.4230999861858615,504,1.1857,0.7179,0,Friday,5,0.0,0.0,Rs4.27 Cr,Rs3.85 Cr,₹0.00 Cr,,,Aamar_Boss_2025,Aamar Boss,1212074.0
Ajogyo,2024,Bengali,post_covid,0.4299999997019768,ok,True,Drama,Drama,,,False,128.0,07 Jun 2024,False,,,,0,1.890508210462044,329,1.4094,0.8402,0,Friday,6,0.0,0.0,Rs2.98 Cr,Rs2.69 Cr,₹0.00 Cr,,,Ajogyo_2024,Ajogyo,1077616.0
Aparajito,2022,Bengali,post_covid,0.3700000047683716,ok,True,Drama,Drama,UA,UA,True,138.0,13 May 2022,False,Debashis Roy; Jeetu Kamal; Saayoni Ghosh,Anik Dutta,Friend's Communication,1,,0,0.8982,2.5404,0,Friday,5,7.839,301.0,Rs3.75 Cr,Rs3.2 Cr,Rs0.0 Cr,Rs5.0 Cr,5.0,Aparajito_2022,Aparajito (2022 film),897.0
Asur,2020,Bengali,during_covid,2.599999964237213,ok,True,Drama,Drama,U,U,True,,03 Jan 2020,False,Jeet; Abir Chatterjee; Nusrat Jahan,Pavel,Jeetz Filmworks,1,,0,0.9837,1.263,0,Friday,1,0.0,0.0,Rs7.0 Cr,Rs6.0 Cr,Rs0.0 Cr,Rs10.0 Cr,10.0,Asur_2020,Asur (film),668097.0
Babli,2024,Bengali,post_covid,0.2500000037252903,ok,True,"Comedy, Romantic",Comedy,,,False,118.0,15 Aug 2024,True,,,,0,1.7871738735081053,356,1.3694,0.9473,0,Thursday,8,0.0,0.0,Rs1.33 Cr,Rs1.21 Cr,₹0.00 Cr,,,Babli_2024,Babli Bouncer,1225107.0
Bagha Jatin,2023,Bengali,post_covid,1.1500000059604645,ok,True,"Action, Drama, Historical",Action,,,False,59.0,19 Oct 2023,False,Dev Adhikari; Carl A. Harte; Rohan Bhattacharjee; Sreeja Dutta; Sudipta Chakraborty,Arun Roy,Dev Entertainment Ventures,1,0.5416260325640031,3,0.8823,1.3898,0,Thursday,10,0.0,0.0,Rs3.9 Cr,Rs3.26 Cr,Rs0.0 Cr,,,Bagha_Jatin_2023,Bagha Jatin (2023 film),1003038.0
Belashuru,2022,Bengali,post_covid,1.4800000190734863,ok,True,Drama,Drama,U,U,True,140.0,20 May 2022,False,Soumitra Chatterjee; Swatilekha Sengupta; Rituparna Sengupta,Nandita Roy,,0,,0,1.0413,0.6783,0,Friday,5,5.6,5.0,Rs7.3 Cr,Rs6.19 Cr,Rs0.0 Cr,Rs4.0 Cr,4.0,Belashuru_2022,Belashuru,718356.0
Binodiini - Ekti Natir Upakhyan,2025,Bengali,post_covid,0.2399999946355819,ok,True,"Biography, Drama",Biography,,,False,151.0,23 Jan 2025,False,,,,0,1.557236883626544,437,0.8673,0.7775,0,Thursday,1,0.0,0.0,Rs1.46 Cr,Rs1.38 Cr,₹0.00 Cr,,,Binodiini__Ekti_Natir_Upakhyan_2025,Binodiini (film),1001949.0
Bohurupi,2024,Bengali,post_covid,2.149999976158142,ok,True,"Action, Thriller",Action,UA,UA,True,155.0,08 Oct 2024,False,,,,0,1.6915747797263239,386,0.9289,1.0896,0,Tuesday,10,0.0,0.0,Rs16.55 Cr,Rs14.16 Cr,Rs0.0 Cr,,,Bohurupi_2024,Bohurupi,1257622.0
Bony,2021,Bengali,during_covid,0.25,ok,True,"Drama, Thriller",Drama,,,False,,10 Oct 2021,False,,,,0,2.6023860408681063,214,1.3248,1.4201,0,Sunday,10,6.0,2.0,Rs1.4 Cr,Rs1.2 Cr,Rs0.0 Cr,,,Bony_2021,Bony (film),716425.0
Brahma Janen Gopon Kommoti,2020,Bengali,during_covid,2.199999988079071,ok,True,"Comedy, Drama",Comedy,,,False,127.0,06 Mar 2020,False,Ambarish Bhattacharya; Soham Majumdar; Subhasish Mukherjee; Ritabhari Chakraborty; Manasi SInha; Soma Chakraborty,Aritra Mukherjee,Windows Production,1,,0,0.932,0.7811,0,Friday,3,7.0,1.0,Rs5.0 Cr,Rs4.25 Cr,Rs0.0 Cr,Rs5.0 Cr,5.0,Brahma_Janen_Gopon_Kommoti_2020,Brahma Janen Gopon Kommoti,682212.0
Byomkesh O Durgo Rohosyo,2023,Bengali,post_covid,0.800000011920929,ok,True,"Adventure, Mystery, Thriller",Adventure,UA,UA,True,50.0,11 Aug 2023,False,Dev Adhikari; Ambarish Bhattacharya; Rukmini Maitra,Birsa Dasgupta,Shadow Films,1,0.9281490007707485,2,0.8823,0.7702,0,Friday,8,0.0,0.0,Rs2.3 Cr,Rs1.98 Cr,Rs0.0 Cr,,,Byomkesh_O_Durgo_Rohosyo_2023,Byomkesh O Durgo Rahasya,1079705.0
Chengiz,2023,Bengali,post_covid,1.2999999672174454,ok,True,"Action, Crime, Period, Thriller",Action,,,False,153.0,21 Apr 2023,True,Shataf Figar; Jeet (Jeetendra Madnani); Rohit Roy; Susmita Chatterjee,Rajesh Ganguly,Jeetz Filmworks,1,0.7654678449118805,1,0.9565,0.851,0,Friday,4,0.0,0.0,Rs6.25 Cr,Rs3.95 Cr,Rs0.0 Cr,Rs10.0 Cr,10.0,Chengiz_2023,Chengiz,956272.0
Dawshom Awbotaar,2023,Bengali,post_covid,2.0,ok,True,"Action, Thriller",Action,,,False,154.0,19 Oct 2023,False,Prosenjit Chatterjee; Anirban Bhattacharya; Jisshu Sengupta; Jaya Ahsan,Srijit Mukherji,SVF Entertainment,1,2.482935773887459,2,1.4094,0.995,0,Thursday,10,6.333,3.0,Rs6.0 Cr,Rs5.09 Cr,Rs0.0 Cr,,,Dawshom_Awbotaar_2023,Dawshom Awbotaar,1105795.0
Devi Chowdhurani,2025,Bengali,post_covid,0.2800000011920929,ok,True,"Action, Drama, Historical",Action,UA,U/A 16+,True,134.0,26 Sep 2025,False,,,,0,1.3828670126308287,531,1.4094,0.9675,0,Friday,9,0.0,0.0,Rs2.08 Cr,Rs1.86 Cr,₹0.00 Cr,,,Devi_Chowdhurani_2025,Devi Chowdhurani (2025 film),1089729.0
Dhumketu,2025,Bengali,post_covid,3.0199999809265137,ok,True,"Drama, Family",Drama,UA,UA,True,131.0,14 Aug 2025,True,Dev; Rudranil Ghosh; Subhashree Ganguly,Kaushik Ganguly,Dev Entertainment Ventures,1,1.470136210954653,2,1.3694,1.027,0,Thursday,8,0.0,0.0,Rs9.74 Cr,Rs8.69 Cr,₹0.00 Cr,,3.79144,Dhumketu_2025,Dhumketu (2025 film),703168.0
Eta Amader Golpo,2024,Bengali,post_covid,0.0599999986588954,ok,True,"Drama, Romantic",Drama,U,U,True,128.0,26 Apr 2024,False,,,,0,1.9700031951359511,312,1.0173,1.1954,0,Friday,4,5.0,1.0,Rs1.92 Cr,Rs1.74 Cr,₹0.00 Cr,,,Eta_Amader_Golpo_2024,Eta Amader Golpo,1276799.0
Golondaaj,2021,Bengali,during_covid,0.8199999928474426,ok,True,"Drama, Period, Sports",Drama,,,False,149.0,10 Oct 2021,False,Dev Adhikari; Anirban Bhattacharya; Srikanta Acharya; John Bhattacharya; Alexx O'Nell; Indrasish Roy; Ishaa Saha,Dhrubo Banerjee,SVF Entertainment,1,,0,1.0558,0.7936,0,Sunday,10,5.0,1.0,Rs4.18 Cr,Rs3.6 Cr,Rs0.0 Cr,Rs6.0 Cr,6.0,Golondaaj_2021,Golondaaj,713037.0
Grihapravesh,2025,Bengali,post_covid,0.1899999994784593,ok,True,Drama,Drama,UA,U/A 13+,True,156.0,13 Jun 2025,False,Rudranil Ghosh; Jeetu Kamal; Kaushik Ganguly; Sneha Chatterjee; Subhashree Ganguly; Sohini Sengupta,Indraadip Dasgupta,,1,2.7663191152241375,1,1.3694,0.8265,0,Friday,6,0.0,0.0,Rs1.92 Cr,Rs1.75 Cr,₹0.00 Cr,,,Grihapravesh_2025,Grihapravesh (2025 film),1156976.0
Haami 2,2022,Bengali,post_covid,0.9500000178813934,ok,True,"Comedy, Drama",Comedy,U,U,True,140.0,23 Dec 2022,True,,,,0,2.4087694601425995,238,1.4094,0.6911,1,Friday,12,0.0,0.0,Rs1.36 Cr,Rs3.0 Cr,Rs0.0 Cr,,0.9545,Haami_2_2022,Haami 2,898937.0
Hatyapuri,2022,Bengali,post_covid,0.6900000050663948,ok,True,"Adventure, Mystery, Thriller",Adventure,U,U,True,,23 Dec 2022,True,,,,0,2.4087694601425995,238,1.1203,0.7808,0,Friday,12,0.0,0.0,Rs0.65 Cr,Rs1.97 Cr,Rs0.0 Cr,,,Hatyapuri_2022,Hatyapuri (film),987591.0
Jongole Mitin Mashi,2023,Bengali,post_covid,0.4100000113248825,ok,True,"Adventure, Drama, Thriller",Adventure,UA,UA,True,1.0,19 Oct 2023,False,Subhrajit Dutta; Barun Chakraborty; Kamalika Banerjee; Koel Mallick,Arindam Sil,Camellia Productions,1,,0,1.1245,0.6775,0,Thursday,10,1.0,1.0,Rs1.25 Cr,Rs1.06 Cr,Rs0.0 Cr,,,Jongole_Mitin_Mashi_2023,Mitin Mashi,1020091.0
Joto Kando Kolkatatei,2025,Bengali,post_covid,0.2600000016391277,ok,True,"Crime, Mystery, Thriller",Crime,UA,U/A 13+,True,127.0,26 Sep 2025,False,,,,0,1.3828670126308287,531,0.9289,0.9681,0,Friday,9,0.0,0.0,Rs2.12 Cr,Rs1.89 Cr,Rs0.0 Cr,,,Joto_Kando_Kolkatatei_2025,Joto Kando Kolkatatei,1046732.0
Kacher Manush,2022,Bengali,post_covid,0.5499999970197678,ok,True,"Drama, Thriller",Drama,,,False,29.0,30 Sep 2022,False,Prasenjit Chatterjee; Dev Adhikari; Susmita Chatterjee; Tulika Basu; Ishaa Saha,Pathikrit Basu,Dev Entertainment Ventures,1,0.5988364971587274,1,1.4094,0.7904,0,Friday,9,7.0,2.0,Rs2.37 Cr,Rs2.01 Cr,Rs0.0 Cr,,,Kacher_Manush_2022,Kachher Manush,920040.0
Kakababur Protyaborton,2022,Bengali,post_covid,0.7300000265240669,ok,True,"Action, Adventure, Mystery, Thriller",Action,U,U,True,136.0,04 Feb 2022,False,Aryann Bhowmik; Anirban Chakrabarti; Prosenjit Chatterjee,Srijit Mukherji,Shree Venkatesh Films,1,,0,1.4094,1.0111,0,Friday,2,4.1,4.0,Rs1.88 Cr,Rs1.59 Cr,Rs0.0 Cr,,,Kakababur_Protyaborton_2022,Kakababur Protyaborton,716395.0
Karnasubarner Guptodhon,2022,Bengali,post_covid,2.1200000643730164,ok,True,"Adventure, Mystery, Thriller",Adventure,U,U,True,128.0,30 Sep 2022,False,Abir Chatterjee; Arjun Chakrabarty; Kamaleswar Mukherjee; Ishaa Saha,Dhrubo Banerjee,SVF Entertainment,1,1.2809338355279567,1,0.9289,0.9892,0,Friday,9,7.5,2.0,Rs9.7 Cr,Rs8.22 Cr,Rs0.0 Cr,Rs5.0 Cr,5.0,Karnasubarner_Guptodhon_2022,Karnasubarner Guptodhon,921662.0
Keu Bole Biplobi Keu Bole Dakat,2026,Bengali,post_covid,0.9700000137090684,ok,True,"Action, Drama, Historical",Action,UA,U/A,True,144.0,14 Aug 2026,True,Rajatava Dutta; Jeet (bengali actor); Koushik Sen; Tota Roy Chowdhury; Chandan Sen; Debattama Saha; Priyanka Sarkar,Pathikrrit Basu,Nandy Movies,1,0.530628261580637,1,1.0156,1.4583,0,Friday,8,0.0,0.0,Rs3.71 Cr,Rs3.26 Cr,Rs0.0 Cr,,,Keu_Bole_Biplobi_Keu_Bole_Dakat_2026,Keu Bole Biplobi Keu Bole Dakat,1478476.0
Khadaan,2024,Bengali,post_covid,2.560000002384186,ok,True,"Action, Drama",Action,UA,UA,True,11.0,20 Dec 2024,False,,,,0,1.6069388677302787,418,1.0693,1.8373,0,Friday,12,9.0,1.0,Rs9.23 Cr,Rs8.24 Cr,₹0.00 Cr,,6.889,Khadaan_2024,Khadaan,1153230.0
Killbill Society,2025,Bengali,post_covid,0.680000014603138,ok,True,"Drama, Thriller",Drama,UA,U/A 16+,True,135.0,11 Apr 2025,False,,,,0,1.4593346872349338,484,1.3248,0.9284,0,Friday,4,0.0,0.0,Rs2.72 Cr,Rs2.42 Cr,₹0.00 Cr,,,Killbill_Society_2025,Killbill Society,1416820.0
Mukhosh,2020,Bengali,during_covid,0.7000000178813934,ok,True,Drama,Drama,,,False,,03 Jan 2020,False,Shantilal Mukherjee; Rajatava Dutta; Prantik Banerjee; Suchismita Thakur; Paayel Sarkar; Amrita Halder,Arghadeep Chatterjee,SSG Entertainment,1,,0,0.9032,0.6519,0,Friday,1,0.0,0.0,Rs1.8 Cr,Rs1.51 Cr,Rs0.0 Cr,Rs6.0 Cr,6.0,Mukhosh_2020,Mukhosh (2020 film),797843.0
Nayan Rahasya,2024,Bengali,post_covid,0.3300000056624412,ok,True,"Suspense, Thriller",Suspense,,,False,,10 May 2024,False,,,,0,1.9249826041727616,320,1.1203,0.9168,0,Friday,5,0.0,0.0,Rs1.17 Cr,Rs1.05 Cr,₹0.00 Cr,,,Nayan_Rahasya_2024,Nayan Rahasya,1149771.0
Oti Uttam,2024,Bengali,post_covid,0.2800000049173832,ok,True,"Comedy, Romantic",Comedy,,,False,137.0,22 Mar 2024,False,,,,0,2.059949116484296,294,1.1181,0.7835,0,Friday,3,0.0,0.0,Rs1.28 Cr,Rs1.12 Cr,₹0.00 Cr,,,Oti_Uttam_2024,Oti Uttam,913247.0
Phool Pishi O Edward,2026,Bengali,post_covid,0.7000000104308128,ok,True,"Drama, Mystery",Drama,UA,U/A 16+,True,139.0,29 May 2026,False,Saheb Chatterjee; Ashok Kumar Bishaya; Raima Sen; Sohini Sengupta; Shyamoupti Mudli,Nandita Roy,,1,,0,1.1067,1.7615,0,Friday,5,0.0,0.0,Rs3.63 Cr,Rs3.25 Cr,₹0.00 Cr,,,Phool_Pishi_O_Edward_2026,Phool Pishi O Edward,1607836.0
Projapati,2022,Bengali,post_covid,1.0000000298023224,ok,True,"Drama, Family",Drama,U,U,True,141.0,23 Dec 2022,True,Dev; Ambarish Bhattacharya; Mithun Chakraborty; Mamata Shankar; Shweta Bhattacharya,Avijit Sen,Dev Entertainment Ventures,1,1.1631508098056809,1,2.1288,1.0068,0,Friday,12,7.0,2.0,Rs12.1 Cr,Rs10.43 Cr,Rs0.1 Cr,Rs3.0 Cr,3.0,Projapati_2022,Projapati,922931.0
Projapati 2,2025,Bengali,post_covid,1.3100000023841858,ok,True,"Drama, Family",Drama,U,U,True,150.0,25 Dec 2025,True,,,,0,1.3671914375761662,539,2.1288,1.794,1,Thursday,12,0.0,0.0,Rs8.3 Cr,Rs6.99 Cr,Rs0.0 Cr,,,Projapati_2_2025,Projapati 2,940550.0
Puratawn - The Ancient,2025,Bengali,post_covid,0.2300000004470348,ok,True,"Drama, Family",Drama,UA,U/A 13+,True,98.0,11 Apr 2025,False,,,,0,1.4593346872349338,484,1.1203,0.716,0,Friday,4,0.0,0.0,Rs1.52 Cr,Rs1.4 Cr,₹0.00 Cr,,,Puratawn__The_Ancient_2025,Puratawn,1172768.0
Raghu Dakat,2025,Bengali,post_covid,1.5,ok,True,"Action, Drama, Period",Action,UA,U/A 16+,True,152.0,25 Sep 2025,False,,,,0,1.3871459164993265,528,1.1405,1.0188,0,Thursday,9,0.0,0.0,Rs9.34 Cr,Rs8.04 Cr,Rs0.0 Cr,,,Raghu_Dakat_2025,Raghu Dakat,894924.0
Raktabeej,2023,Bengali,post_covid,1.0000000149011612,ok,True,"Mystery, Thriller",Mystery,UA,UA,True,151.0,19 Oct 2023,False,Victor Banerjee; Abir Chatterjee; Kanchan Mullick; Ambarish Bhattacharya; Anashua Majumdar; Mimi Chakraborty,Nandita Roy,Windows Production House,1,1.2093834289908623,2,1.1128,0.8152,0,Thursday,10,0.0,0.0,Rs4.35 Cr,Rs3.7 Cr,Rs0.0 Cr,,,Raktabeej_2023,Raktabeej 2,1094073.0
Raktabeej 2,2025,Bengali,post_covid,0.9599999934434892,ok,True,"Action, Thriller",Action,UA,U/A 16+,True,151.0,25 Sep 2025,False,,,,0,1.3871459164993265,528,1.1128,0.9572,1,Thursday,9,0.0,0.0,Rs4.84 Cr,Rs4.17 Cr,Rs0.0 Cr,,,Raktabeej_2_2025,Raktabeej 2,1390615.0
Saptadingar Guptodhon,2026,Bengali,post_covid,2.2699999809265137,ok,True,"Action, Adventure, Thriller",Action,U,U,True,133.0,15 May 2026,False,Abir Chatterjee; Kaushik Ganguly; Joydeep Kundu; Arjun Chakrabarty; Ishaa Saha,Dhrubo Banerjee,,1,1.0373046819974168,3,0.9289,1.1985,0,Friday,5,0.0,0.0,Rs11.61 Cr,Rs10.42 Cr,₹0.00 Cr,,,Saptadingar_Guptodhon_2026,Saptadingar Guptodhon,1441301.0
Sharthopor,2025,Bengali,post_covid,0.3000000044703483,ok,True,"Drama, Family",Drama,UA,U/A 13+,True,135.0,21 Oct 2025,True,Ranjit Mallick; Indrajit Chakravarty; Kaushik Sen; Anirban Chakrabarti; Koel Mallick,Annapurna Basu,Surinder Films Pvt. Ltd,1,,0,1.0156,0.8867,0,Tuesday,10,0.0,0.0,Rs2.3 Cr,Rs2.02 Cr,₹0.00 Cr,,,Sharthopor_2025,Sharthopor,1318855.0
Shontaan,2024,Bengali,post_covid,0.6000000089406967,ok,True,"Drama, Family",Drama,UA,UA,True,143.0,20 Dec 2024,False,,,,0,1.6069388677302787,418,2.1288,0.7807,0,Friday,12,0.0,0.0,Rs2.65 Cr,Rs2.37 Cr,₹0.00 Cr,,,Shontaan_2024,Shontaan,1112559.0
Shotyi Bole Shotyi Kichhu Nei,2025,Bengali,post_covid,0.2400000002235174,ok,True,"Drama, Thriller",Drama,A,A,True,,23 Jan 2025,False,,,,0,1.557236883626544,437,1.3248,0.9543,0,Thursday,1,8.0,1.0,Rs1.36 Cr,Rs1.28 Cr,₹0.00 Cr,,,Shotyi_Bole_Shotyi_Kichhu_Nei_2025,Shotyi Bole Shotyi Kichhu Nei,1228679.0
Sonar Kellay Jawker Dhan,2025,Bengali,post_covid,0.4799999967217445,ok,True,"Adventure, Mystery, Thriller",Adventure,UA,U/A 7+,True,134.0,30 May 2025,False,,,,0,1.396893106826486,522,1.3248,0.7788,0,Friday,5,0.0,0.0,Rs1.63 Cr,Rs1.48 Cr,₹0.00 Cr,,,Sonar_Kellay_Jawker_Dhan_2025,Sonar Kellay Jawker Dhan,1236589.0
Tekka,2024,Bengali,post_covid,1.2999999821186066,ok,True,"Suspense, Thriller",Suspense,UA,UA,True,29.0,08 Oct 2024,False,,,,0,1.6915747797263239,386,1.0095,0.9378,0,Tuesday,10,4.5,2.0,Rs4.3 Cr,Rs3.66 Cr,Rs0.0 Cr,,,Tekka_2024,Tekka (film),1126365.0
The Eken: Benaras e Bibhishika,2025,Bengali,post_covid,1.4900000095367432,ok,True,"Mystery, Suspense, Thriller",Mystery,UA,U/A,True,118.0,16 May 2025,False,,,,0,1.4194215478548249,510,0.8742,1.015,0,Friday,5,7.0,1.0,Rs8.39 Cr,Rs7.45 Cr,₹0.00 Cr,,,The_Eken_Benaras_e_Bibhishika_2025,The Eken: Benaras e Bibhishika,1254098.0
"The Eken, Ruddhaswas Rajasthan",2023,Bengali,post_covid,1.270000010728836,ok,True,"Mystery, Thriller",Mystery,UA,U/A 7+,True,121.0,14 Apr 2023,False,Suhotra Mukhopadhyay; Rajesh Sharma; Anirban Chakrabarti; Rajatava Dutta; Somak Ghosh; Sandipta Sen,Joydeep Mukherjee,SVF Entertainment,1,4.204692619390966,1,1.209,0.9068,0,Friday,4,3.5,1.0,Rs3.5 Cr,Rs2.97 Cr,Rs0.0 Cr,,,The_Eken_Ruddhaswas_Rajasthan_2023,The Eken: Ruddhaswas Rajasthan,1042468.0
Vijaynagar'er Hirey (Kakababu),2026,Bengali,post_covid,0.9400000125169754,ok,True,"Action, Adventure, Mystery, Thriller",Action,U,U,True,110.0,23 Jan 2026,False,,,,0,1.3610301403358607,543,,,0,Friday,1,,,Rs3.38 Cr,Rs2.99 Cr,₹0.00 Cr,,,Vijaynagarer_Hirey_2026,Vijaynagar'er Hirey,
3 EKKA,2023,Gujarati,post_covid,5.75,ok,True,"Comedy, Crime",Comedy,UA,UA,True,146.0,25 Aug 2023,False,Malhar Thakar; Mitra Gadhvi; Yash Soni; Esha Kansara; Kinjal Rajpriya; Tarjanee Bhadla,Mr. Rajesh Sharma,Jannock Films,1,1.1862567254160334,3,0.7732,1.2123,1,Friday,8,6.0,2.0,Rs34.2 Cr,Rs28.93 Cr,Rs0.0 Cr,,,3_EKKA_2023,3 Ekka,1157558.0
Ajab Raat Ni Gajab Vaat,2024,Gujarati,post_covid,0.4399999976158142,ok,True,"Adventure, Comedy, Romantic",Adventure,UA,UA,True,0.0,15 Nov 2024,False,,,,0,1.642645627542664,403,0.9718,0.9835,0,Friday,11,0.0,0.0,Rs1.56 Cr,Rs1.41 Cr,₹0.00 Cr,,4.15,Ajab_Raat_Ni_Gajab_Vaat_2024,Ajab Raat Ni Gajab Vaat,1339609.0
All The Best Pandya,2025,Gujarati,post_covid,2.649999976158142,ok,True,"Comedy, Drama",Comedy,UA,U/A 13+,True,139.0,14 Mar 2025,True,,,,0,1.4855820376909368,470,0.7576,1.0596,0,Friday,3,7.0,1.0,Rs14.25 Cr,Rs12.07 Cr,Rs0.0 Cr,,,All_The_Best_Pandya_2025,All the Best Pandya,1449379.0
Aum Mangalam Singlem,2022,Gujarati,post_covid,0.8099999874830246,ok,True,"Comedy, Romantic",Comedy,UA,U/A 7+,True,174.0,18 Nov 2022,False,,,,0,2.467097537598294,230,0.8251,0.9751,0,Friday,11,0.0,0.0,Rs3.16 Cr,Rs2.68 Cr,Rs0.0 Cr,,,Aum_Mangalam_Singlem_2022,Aum Mangalam Singlem,1042029.0
Bachu Ni Benpani,2025,Gujarati,post_covid,1.899999976158142,ok,True,"Comedy, Drama, Family",Comedy,,,False,129.0,27 Aug 2025,False,Shah Devarshi; Siddharth Randeria; Yukti Randeria; Ratna Pathak Shah,Vipul Mehta,Coconut Motion Pictures,1,0.974559653493522,1,1.164,1.1799,0,Wednesday,8,0.0,0.0,Rs12.51 Cr,Rs12.08 Cr,Rs0.0 Cr,,,Bachu_Ni_Benpani_2025,Bachu Ni Benpani,1533430.0
Bhram,2025,Gujarati,post_covid,0.2899999935179949,ok,True,"Suspense, Thriller",Suspense,UA,U/A 13+,True,129.0,23 May 2025,False,,,,0,1.4113429471495993,514,0.3151,0.4649,0,Friday,5,10.0,1.0,Rs6.13 Cr,Rs5.35 Cr,Rs0.0 Cr,,0.0009213,Bhram_2025,Bhram,1606785.0
Bushirt T-shirt,2023,Gujarati,post_covid,1.6500000357627869,ok,True,"Comedy, Drama, Family",Comedy,,,False,144.0,05 May 2023,False,Siddharth Randeria; Reeva Rachh; Kamlesh Oza; Muni Jha; Vandana Pathak,Ishaan Randeria,Coconut Motion Pictures,1,,0,0.9368,1.3116,0,Friday,5,0.0,0.0,Rs12.8 Cr,Rs10.85 Cr,Rs0.0 Cr,,,Bushirt_T_shirt,Bushirt T-shirt,1122821.0
Chaniya Toli,2025,Gujarati,post_covid,4.250000059604645,ok,True,"Action, Comedy, Crime",Action,UA,U/A 13+,True,130.0,21 Oct 2025,True,Maulik Nayak; Chetan Daiya; Yash Soni; Netri Trivedi; Heena Varde,Parth Trivedi,Jannock Films LLP,1,1.3580137010440574,5,0.8721,1.2059,0,Tuesday,10,0.0,0.0,Rs21.63 Cr,Rs18.3 Cr,Rs0.0 Cr,,,Chaniya_Toli_2025,Chaniya Toli,1566511.0
Dear Father,2022,Gujarati,post_covid,0.5700000002980232,ok,True,Drama,Drama,U,U,True,138.0,04 Mar 2022,False,Chetan Dhanani; Paresh Rawal; Manasi Parekh Gohil,Umang Vyas,Venus Films,1,3.3166436490707993,5,0.9486,1.202,0,Friday,3,9.0,3.0,Rs0.65 Cr,Rs1.01 Cr,Rs0.0 Cr,,,Dear_Father_2022,Dear Father (2022 film),940755.0
Dhabkaaro,2026,Gujarati,post_covid,1.3599999845027924,ok,True,Drama,Drama,UA,U/A,True,129.0,01 May 2026,False,Deven Bhojani; Kumud Mishra; Aarjav Trivedi; Tejal Panchasara,Abhishek,The Moving Manch,1,2.4346752006466668,10,1.214,1.5137,0,Friday,5,0.0,0.0,Rs8.42 Cr,Rs7.65 Cr,Rs0.0 Cr,,,Dhabkaaro_2026,Sajid Nadiadwala,1556329.0
Faati Ne?,2025,Gujarati,post_covid,0.4799999892711639,ok,True,"Comedy, Horror",Comedy,UA,U/A 16+,True,166.0,31 Jan 2025,False,,,,0,1.535276313793132,446,0.8721,1.1529,0,Friday,1,7.7,7.0,Rs5.6 Cr,Rs4.72 Cr,Rs0.0 Cr,,,Faati_Ne_2025,Faati Ne?,1232976.0
Fakt Mahilao Maate,2022,Gujarati,post_covid,4.669999957084656,ok,True,"Comedy, Drama",Comedy,U,U,True,137.0,19 Aug 2022,False,Yash Soni; Amitabh Bachchan; Kalpana Gagdekar; Tarjanee Bhadla; Bhavini Janii; Deeksha Joshi,Jay Bodas,,1,2.8775544097182375,7,1.9944,2.0656,0,Friday,8,7.0,3.0,Rs20.4 Cr,Rs16.59 Cr,Rs0.8 Cr,Rs10.0 Cr,10.0,Fakt_Mahilao_Maate_2022,Fakt Mahilao Maate,1014453.0
Fakt Purusho Maate,2024,Gujarati,post_covid,2.7499999403953552,ok,True,"Comedy, Drama, Fantasy",Comedy,UA,UA,True,137.0,23 Aug 2024,False,Yash Soni; Mitra Gadhvi; Darshan Jariwala; Amitabh Bachchan; Esha Kansara,Jay Bodas,Jannock Films,1,1.9095425048844386,4,1.9944,1.0517,0,Friday,8,2.0,1.0,Rs8.4 Cr,Rs8.69 Cr,Rs0.0 Cr,,,Fakt_Purusho_Maate_2024,Fakt Mahilao Maate,1315794.0
G,2020,Gujarati,during_covid,0.75,ok,True,"Action, Drama, Thriller",Action,,,False,88.0,03 Jan 2020,False,Chirag Jani; Abhimanyu Singh; Anveshi Jain,Mahendra Patel,Ashadeep Cine Production,1,1.667706820558076,1,3.0349,2.6187,0,Friday,1,5.6,83.0,Rs1.6 Cr,Rs1.46 Cr,Rs0.0 Cr,Rs10.0 Cr,10.0,G_2020,Ali G Indahouse,720124.0
Hahacar,2024,Gujarati,post_covid,0.7100000008940697,ok,True,"Comedy, Crime",Comedy,UA,UA,True,,18 Oct 2024,False,,,,0,1.6810770056318953,391,0.8721,1.9798,0,Friday,10,0.0,0.0,Rs3.21 Cr,Rs5.06 Cr,₹0.00 Cr,,,Hahacar_2024,Mayur Chauhan,1373471.0
Ittaa Kittaa,2024,Gujarati,post_covid,0.4799999967217445,ok,True,"Comedy, Drama",Comedy,U,U,True,123.0,19 Jan 2024,False,,,,0,2.2458489514117477,263,0.9144,0.7254,0,Friday,1,0.0,0.0,Rs3.02 Cr,Rs2.63 Cr,₹0.00 Cr,,,Ittaa_Kittaa_2024,Ittaa Kittaa,1232514.0
Jagat,2024,Gujarati,post_covid,0.6899999976158142,ok,True,"Crime, Drama, Thriller",Crime,,,False,123.0,03 May 2024,False,,,,0,1.9413583192532378,317,0.8721,1.0658,0,Friday,5,5.0,1.0,Rs1.06 Cr,Rs2.06 Cr,₹0.00 Cr,,,Jagat_2024,Jagat (2024 film),1284480.0
Jai Kanhaiyalall Ki,2026,Gujarati,post_covid,1.0499999970197678,ok,True,"Crime, Drama, Family",Crime,UA,U/A 7+,True,140.0,09 Jan 2026,False,,,,0,1.3622168383960809,542,0.9368,1.317,0,Friday,1,0.0,0.0,Rs3.64 Cr,Rs3.12 Cr,Rs0.0 Cr,,,Jai_Kanhaiyalall_Ki_2026,Jai Kanhaiyalall Ki,1613739.0
Jai Mata Ji - Lets Rock,2025,Gujarati,post_covid,1.5699999779462814,ok,True,"Comedy, Drama, Family",Comedy,UA,U/A 7+,True,,09 May 2025,False,,,,0,1.4230999861858615,504,0.9413,0.8496,0,Friday,5,0.0,0.0,Rs8.31 Cr,Rs7.24 Cr,Rs0.0 Cr,,4.8581311,Jai_Mata_Ji__Lets_Rock_2025,Jai Mata Ji - Let's Rock,1478613.0
Jalebi Rocks,2025,Gujarati,post_covid,0.4600000046193599,ok,True,"Drama, Family",Drama,UA,UA,True,137.0,27 Jun 2025,False,Deepak Gheewala; Nimesh Diliprai; Gaurav Paswala; Manav Gohil; Vandana Pathak; Manasi Rachh,Chinmay P. Purohit,,1,,0,0.7734,1.3551,0,Friday,6,0.0,0.0,Rs3.13 Cr,Rs2.78 Cr,Rs0.0 Cr,,,Jalebi_Rocks_2025,Jalebi Rocks,1505120.0
Jalso - A Family Invitation,2025,Gujarati,post_covid,0.6900000050663948,ok,True,"Comedy, Drama, Family",Comedy,UA,U/A 16+,True,,13 Jun 2025,False,Dharmesh Vyas; Hemant Pandey; Hemang Dave; Bhavin Bhanushali; Hiten Tejwani; Padmesh Pandit; Aruna Irani; Sonaalee Lele Desai; Puja Joshi; Gauri Pradhan Tejwani,Rajiv S. Ruia,,1,,0,1.2443,0.7559,0,Friday,6,0.0,0.0,Rs2.15 Cr,Rs1.83 Cr,Rs0.0 Cr,,,Jalso_A_Family_Invitation_2025,Hiten Tejwani,1501820.0
Jhamkudi,2024,Gujarati,post_covid,2.199999988079071,ok,True,"Drama, Horror",Drama,UA,UA,True,153.0,31 May 2024,False,,,,0,1.8985728160807622,326,0.8721,1.2974,0,Friday,5,3.5,2.0,Rs17.15 Cr,Rs18.7 Cr,Rs0.0 Cr,,,Jhamkudi_2024,Jhamkudi,1276778.0
Jija Sala Jija,2025,Gujarati,post_covid,0.6000000014901161,ok,True,"Comedy, Drama",Comedy,UA,U/A 13+,True,,21 Mar 2025,False,,,,0,1.4695641184365875,478,0.777,1.1907,0,Friday,3,0.0,0.0,Rs2.91 Cr,Rs2.62 Cr,₹0.00 Cr,,,Jija_Sala_Jija_2025,,1455239.0
Jindagi Once More,2026,Gujarati,post_covid,1.5000000149011612,ok,True,"Drama, Family",Drama,U,U,True,,19 Jun 2026,False,Deep Dholakia; Siddharth Randeria; Jahanvi Dhakan; Aarti Patel,Jaymin Modi,,1,1.01963519113231,2,0.9368,0.893,0,Friday,6,7.0,1.0,Rs5.33 Cr,Rs4.67 Cr,Rs0.0 Cr,,,Jindagi_Once_More_2026,Karna Shakya,1706764.0
Kaashi Raaghav,2025,Gujarati,post_covid,0.2300000004470348,ok,True,Drama,Drama,,,False,130.0,03 Jan 2025,False,,,,0,1.5864500177944099,426,0.7035,0.7762,0,Friday,1,0.0,0.0,Rs1.52 Cr,Rs1.35 Cr,₹0.00 Cr,,,Kaashi_Raaghav_2025,Kaashi Raaghav,1412110.0
Kamthaan,2024,Gujarati,post_covid,0.3999999947845936,ok,True,"Comedy, Crime",Comedy,UA,UA,True,124.0,02 Feb 2024,False,,,,0,2.218188423801213,268,0.7576,1.2055,0,Friday,2,8.0,1.0,Rs0.73 Cr,Rs1.02 Cr,₹0.00 Cr,,,Kamthaan_2024,Kamthaan,1234614.0
Kasoombo,2024,Gujarati,post_covid,0.8999999985098839,ok,True,"Action, Drama, Thriller",Action,,,False,156.0,16 Feb 2024,False,Raunaq Kamdar; Dharmendra Gohil; Darshan Pandya; Shraddha Dangar,Vijaygiri Bava,Vijaygiri Filmos,1,1.3350010541839938,1,0.7431,0.8866,0,Friday,2,10.0,1.0,Rs9.55 Cr,Rs7.53 Cr,Rs0.0 Cr,,14.94,Kasoombo_2024,Kasoombo,1227495.0
Kehvatlal Parivar,2022,Gujarati,post_covid,2.050000011920929,ok,True,"Comedy, Drama",Comedy,U,U,True,135.0,06 May 2022,False,Bhavya Gandhi; Sanjay Goradia; Vandana Pathak; Supriya Pathak; Shraddha Dangar,Vipul Mehta,Coconut Motion Pictures,1,,0,0.9718,1.7588,0,Friday,5,0.0,0.0,Rs21.5 Cr,Rs17.25 Cr,Rs1.15 Cr,Rs5.0 Cr,5.0,Kehvatlal_Parivar_2022,Kehvatlal Parivar,970085.0
Lagan Laagii Re,2026,Gujarati,post_covid,0.6000000089406967,ok,True,"Comedy, Romantic",Comedy,UA,U/A 13+,True,,06 Feb 2026,False,Malhar Thakar; Tatsat Munshi; Vedika Kaul Vyas; Aarohi Patel,Saandeep Patel,,1,1.1897730721873612,2,0.8251,2.1422,0,Friday,2,0.0,0.0,Rs3.96 Cr,Rs3.62 Cr,Rs0.0 Cr,,,Lagan_Laagii_Re_2026,Lagan Laagii Re,1624419.0
Lagan Special,2024,Gujarati,post_covid,1.0499999821186066,ok,True,Drama,Drama,UA,UA,True,233.0,09 Feb 2024,False,,,,0,2.1918610785280976,272,0.777,1.2243,0,Friday,2,0.0,0.0,Rs3.12 Cr,Rs2.71 Cr,Rs0.0 Cr,,,Lagan_Special_2024,Lagaan,1227502.0
Locha Laapsi,2024,Gujarati,post_covid,1.1600000262260437,ok,True,"Comedy, Thriller",Comedy,UA,UA,True,0.0,20 Sep 2024,False,,,,0,1.7445275358161618,371,0.7235,0.6946,0,Friday,9,0.0,0.0,Rs1.69 Cr,Rs2.5 Cr,Rs0.0 Cr,,,Locha_Laapsi_2024,Locha Laapsi,1353322.0
Maharani,2025,Gujarati,post_covid,0.3900000043213367,ok,True,"Comedy, Drama",Comedy,UA,U/A 7+,True,143.0,01 Aug 2025,False,Ojas Rawal; Sanjay Goradia; Shraddha Dangar; Manasi Parekh Gohil,Viral Shah,,1,1.1151415945278216,1,0.7787,0.8151,0,Friday,8,0.0,0.0,Rs2.29 Cr,Rs2.02 Cr,₹0.00 Cr,,,Maharani_2025,Maharani (2025 film),1521143.0
Misri,2025,Gujarati,post_covid,0.7599999904632568,ok,True,"Comedy, Romantic",Comedy,UA,U/A 13+,True,,31 Oct 2025,False,Prem Gadhavi; Raunaq Kamdar; Hitu Kanodia; Tiku Talsania; Manasi Parekh Gohil; Kaushambi Bhatt,Kushal Naik,,1,0.9884274697860584,2,0.9413,1.3648,0,Friday,10,0.0,0.0,Rs2.22 Cr,Rs1.95 Cr,₹0.00 Cr,,,Misri_2025,Vikram Misri,1568967.0
Mithada Maheman,2025,Gujarati,post_covid,1.4900000095367432,ok,True,"Comedy, Drama",Comedy,UA,U/A 16+,True,115.0,18 Apr 2025,False,,,,0,1.4548226267357272,486,0.8251,1.2265,0,Friday,4,7.5,2.0,Rs3.83 Cr,Rs3.76 Cr,₹0.00 Cr,,,Mithada_Maheman_2025,Mithada Maheman,1467823.0
Mom Tane Nai Samjay,2025,Gujarati,post_covid,0.6000000238418579,ok,True,"Drama, Family",Drama,UA,UA,True,0.0,10 Jan 2025,False,,,,0,1.576021143861486,429,0.8253,1.1991,0,Friday,1,0.0,0.0,Rs3.57 Cr,Rs3.2 Cr,₹0.00 Cr,,,Mom_Tane_Nai_Samjay_2025,Mom Tane Nai Samjay,1416945.0
Naadi Dosh,2022,Gujarati,post_covid,2.799999952316284,ok,True,"Comedy, Romantic",Comedy,UA,UA,True,131.0,17 Jun 2022,False,Raunaq Kamdar; Yash Soni; Ashish Kakkad; Janki Bodiwala; Dipika Raval,Krishnadev Yagnik,Big Box Series,1,,0,0.8071,2.3529,0,Friday,6,6.5,4.0,Rs14.0 Cr,Rs11.85 Cr,Rs0.0 Cr,Rs5.0 Cr,5.0,Naadi_Dosh_2022,Naadi Dosh,988716.0
Raado,2022,Gujarati,post_covid,0.6299999952316284,ok,True,Drama,Drama,A,A,True,142.0,22 Jul 2022,False,Hitu Kanodia; Yash Soni; Bharat Chawda; Nikita Sharma; Tarjanee Bhadla,Krishnadev Yagnik,Shukul Studios,1,1.3350010541839938,1,0.9539,1.9671,0,Friday,7,8.5,2.0,₹0.00 Cr,Rs1.85 Cr,₹0.00 Cr,,,Raado_2022,Raado,1001263.0
Samandar,2024,Gujarati,post_covid,0.4600000008940696,ok,True,"Action, Crime, Drama",Action,,,False,172.0,17 May 2024,False,,,,0,1.9198741815631615,321,0.7235,1.2573,0,Friday,5,0.0,0.0,Rs1.92 Cr,Rs2.07 Cr,₹0.00 Cr,,,Samandar_2024,Samandar (film),1215294.0
Sanghavi & Sons,2025,Gujarati,post_covid,0.5199999883770943,ok,True,"Drama, Family",Drama,UA,U/A 7+,True,,18 Jul 2025,False,Hiten Tejwani; Gaurav Paswala; Dharmesh Vyas; Manoj Joshi; Komal Thacker,Chandresh Bhatt,,1,0.5247285319328489,1,0.851,0.6136,0,Friday,7,0.0,0.0,Rs2.03 Cr,Rs1.84 Cr,Rs0.0 Cr,,,Sanghavi__Sons_2025,Sanghavi,1505411.0
Shubh Mangal Dhamal,2026,Gujarati,post_covid,0.3799999952316284,ok,True,"Comedy, Drama",Comedy,,,False,,22 May 2026,False,Akash Pandya; Pavan Kalyan Battula; Tushar Sadhu; Ragi Jani; Khushbu Trivedi; Vyoma Nandi,Vipul Sharma,,0,,0,,,0,Friday,5,,,Rs1.32 Cr,Rs1.19 Cr,₹0.00 Cr,,,Shubh_Mangal_Dhamal_2026,Laxmikant Berde,
Shubhchintak,2025,Gujarati,post_covid,0.6099999994039536,ok,True,"Comedy, Drama, Thriller",Comedy,UA,U/A 13+,True,141.0,30 May 2025,False,,,,0,1.396893106826486,522,0.8007,0.9915,0,Friday,5,0.0,0.0,Rs1.96 Cr,Rs1.77 Cr,₹0.00 Cr,,,Shubhchintak_2025,Shubhchintak,1490329.0
State of Ramadhani: Dharyu Dhani Nu Thay,2026,Gujarati,post_covid,0.1899999938905239,ok,True,"Drama, Family",Drama,,,False,,19 Jun 2026,False,Bharat Thakkar; Rurook Dave; Dharmesh Vyas; Prenal Oberai,Bhavesh Gorasiya,,1,0.4717194295721927,2,,,0,Friday,6,,,Rs1.67 Cr,Rs1.5 Cr,₹0.00 Cr,,,State_of_Ramadhani_Dharyu_Dhani_Nu_Thay_2026,Dharmesh Vyas,
Taaro Thayo,2025,Gujarati,post_covid,0.3699999935925007,ok,True,Drama,Drama,,,False,,17 Jan 2025,False,,,,0,1.563604939327345,435,,,0,Friday,1,,,Rs1.18 Cr,Rs1.06 Cr,₹0.00 Cr,,,Taaro_Thayo_2025,Taaro Thayo,
Tom & Cherry,2026,Gujarati,post_covid,1.1800000071525574,ok,True,Comedy,Comedy,UA,UA,True,126.0,28 Aug 2026,False,Kushal Mistry; Nimesh Diliprai; Anurag Prapanna; Aakash Zala; Madhavi Patel,Dharmesh S. Mehta,,1,0.3784364388841902,1,0.9368,2.1747,0,Friday,8,0.0,0.0,Rs3.4344 Cr,Rs3.02 Cr,Rs0.0 Cr,,,Tom__Cherry_2026,Tom,1755667.0
Trisha on the Rocks,2024,Gujarati,post_covid,2.080000013113022,ok,True,"Comedy, Drama, Romantic",Comedy,UA,UA,True,172.0,21 Jun 2024,False,,,,0,1.8627249784323745,336,0.8071,1.3597,0,Friday,6,6.3,3.0,Rs1.92 Cr,Rs4.06 Cr,₹0.00 Cr,,,Trisha_on_the_Rocks_2024,Trisha on the Rocks,1283181.0
Udan Chhoo,2024,Gujarati,post_covid,0.7600000202655792,ok,True,"Comedy, Drama, Family",Comedy,U,U,True,135.0,06 Sep 2024,False,,,,0,1.7616479221820145,366,0.8744,1.2188,0,Friday,9,0.0,0.0,Rs4.07 Cr,Rs4.47 Cr,₹0.00 Cr,,,Udan_Chhoo_2024,Udan Chhoo,1323593.0
Umbarro,2025,Gujarati,post_covid,1.6200000047683716,ok,True,"Comedy, Drama, Family",Comedy,UA,U/A 13+,True,137.0,24 Jan 2025,False,,,,0,1.551122416628446,439,0.649,1.291,0,Friday,1,4.0,1.0,Rs17.3 Cr,Rs14.69 Cr,Rs0.0 Cr,,,Umbarro_2025,Umbarro,1417664.0
Vanilla Ice Cream,2024,Gujarati,post_covid,0.2700000032782554,ok,True,"Drama, Family, Romantic",Drama,U,U,True,,01 Mar 2024,False,,,,0,2.14884614141595,279,0.738,1.1645,0,Friday,3,0.0,0.0,Rs1.24 Cr,Rs1.34 Cr,₹0.00 Cr,,,Vanilla_Ice_Cream_2024,Android 15,1224359.0
Vash Level 2,2025,Gujarati,post_covid,2.549999952316284,ok,True,Thriller,Thriller,A,A,True,103.0,27 Aug 2025,False,Hitu Kanodia; Hiten Kumar; Janki Bodiwala; Monal Gajjar,Krishnadev Yagnik,Patel Processing,1,4.007333185232471,1,0.8721,1.8426,1,Wednesday,8,6.853,34.0,Rs16.1 Cr,Rs7.28 Cr,Rs0.0 Cr,,,Vash_Level_2_2025,Vash Level 2,1419390.0
Vickida No Varghodo,2022,Gujarati,post_covid,0.6000000163912773,ok,True,"Comedy, Romantic",Comedy,U,U,True,156.0,08 Jul 2022,False,Jinal Belani; Malhar Thakar; Monal Gajjar,Vinit Kanojia,SP CineCorp,1,,0,0.7431,1.1084,0,Friday,7,8.5,2.0,Rs1.1 Cr,Rs2.57 Cr,Rs0.0 Cr,,,Vickida_No_Varghodo_2022,Vickida No Varghodo,1004024.0
1920 London,2016,Hindi,pre_covid,7.730000257492065,ok,True,,,,,False,117.0,06 May 2016,False,,,,0,2.7833610727915756,125,1.217,1.1013,0,Friday,5,4.315,54.0,Rs22.98 Cr,Rs15.49 Cr,Rs2.06 Cr,Rs15.0 Cr,15.0,1920_London_2016,1920 London,392222.0
2 States,2014,Hindi,pre_covid,38.09999942779541,ok,True,"Drama, Romantic",Drama,UA,U/A,True,150.0,18 Apr 2014,False,Arjun Kapoor; Ronit Roy; Amrita Singh; Alia Bhatt; Revathi,Abhishek Varman,,1,,0,5.2232,1.4181,1,Friday,4,6.551,167.0,Rs173.1 Cr,Rs102.33 Cr,Rs30.87 Cr,Rs50.0 Cr,50.0,2_States_2014,2 States (2014 film),259720.0
83,2021,Hindi,during_covid,45.30000019073486,ok,True,"Drama, Sports",Drama,U,U,True,160.0,24 Dec 2021,True,Saqib Saleem; Pankaj Tripathi; Chirag Patil; Jatin Sarna; Jiiva; Tahir Raj Bhasin; Dhairya Karwa; Nishant Dahiya; Ranveer Singh; Harrdy Sandhu; +4 more,Kabir Khan,Vibri Media,1,4.677211732463879,5,3.1385,2.3952,0,Friday,12,7.239,69.0,Rs193.0 Cr,Rs104.13 Cr,Rs64.0 Cr,Rs220.0 Cr,220.0,83,83 (film),601337.0
ABCD: Any Body Can Dance,2013,Hindi,pre_covid,18.389999866485596,ok,True,"Dance, Drama",Dance,UA,UA,True,143.0,08 Feb 2013,False,,,,0,1.9848947856292256,3,1.5525,1.2245,0,Friday,2,5.907,70.0,Rs61.03 Cr,Rs44.31 Cr,Rs3.35 Cr,Rs20.0 Cr,20.0,ABCD:_Any_Body_Can_Dance_2013,ABCD: Any Body Can Dance,157293.0
ABCD 2,2015,Hindi,pre_covid,46.53999996185303,ok,True,"Dance, Drama",Dance,UA,UA,True,154.0,19 Jun 2015,False,Prabhu Deva; Varun Dhawan; Remo D'Souza; Lauren Gottlieb; Tisca Chopra; Pooja Batra; Shraddha Kapoor,Remo D'Souza,,1,,0,1.9154,2.1883,1,Friday,6,5.762,103.0,Rs166.0 Cr,Rs106.12 Cr,Rs19.38 Cr,Rs65.0 Cr,65.0,ABCD_2_2015,ABCD 2,336790.0
A Flying Jatt,2016,Hindi,pre_covid,22.40000057220459,ok,True,,,,,False,151.0,25 Aug 2016,False,,,,0,2.7853279560244633,137,2.8981,1.4074,0,Thursday,8,3.029,51.0,Rs56.15 Cr,Rs38.57 Cr,Rs4.08 Cr,Rs45.0 Cr,45.0,A_Flying_Jatt_2016,A Flying Jatt,396643.0
Aakhri Sawal,2026,Hindi,post_covid,1.9500000178813937,ok,True,Drama,Drama,UA,U/A 16+,True,117.0,15 May 2026,False,Sanjay Dutt; Amit Sadh; Namashi Chakraborthy; Sameera Reddy; Nitu Chandra Srivastava; Mrinal Kulkarni,Abhijeet Mohan Warang,,1,3.3473154137982095,12,2.1431,2.4767,0,Friday,5,1.0,1.0,Rs3.54 Cr,Rs2.94 Cr,Rs0.5 Cr,,,Aakhri_Sawal_2026,Aakhri Sawal,1600771.0
Aashiqui 2,2013,Hindi,pre_covid,20.329999923706055,ok,True,"Drama, Romantic",Drama,U,U,True,134.0,26 Apr 2013,False,,,,0,2.5078140927446584,17,1.8565,2.7921,1,Friday,4,6.8,202.0,Rs109.07 Cr,Rs78.1 Cr,Rs3.63 Cr,Rs15.0 Cr,15.0,Aashiqui_2_2013,Aashiqui 2,192558.0
Action Jackson,2014,Hindi,pre_covid,29.300000190734863,ok,True,"Action, Comedy",Action,UA,UA,True,144.0,05 Dec 2014,False,,,,0,2.782139884466054,69,2.8855,1.1596,0,Friday,12,4.2,45.0,Rs88.8 Cr,Rs57.78 Cr,Rs10.79 Cr,Rs80.0 Cr,80.0,Action_Jackson_2014,Action Jackson (2014 film),308165.0
Ae Dil Hai Mushkil,2016,Hindi,pre_covid,35.69999980926514,ok,True,"Drama, Romantic",Drama,UA,UA,True,160.0,28 Oct 2016,True,Ranbir Kapoor; Shah Rukh Khan; Lisa Haydon; Anushka Sharma; Aishwarya Rai Bachchan; Alia Bhatt,Karan Johar,,1,4.448398297679713,2,2.6689,1.781,0,Friday,10,6.391,230.0,Rs240.72 Cr,Rs113.19 Cr,Rs82.25 Cr,Rs70.0 Cr,70.0,Ae_Dil_Hai_Mushkil_2016,Ae Dil Hai Mushkil,393445.0
Airlift,2016,Hindi,pre_covid,44.30000114440918,ok,True,"Drama, Historical",Drama,UA,UA,True,125.0,22 Jan 2016,False,,,,0,2.7562447509603816,111,2.5295,2.6712,0,Friday,1,7.144,225.0,Rs228.0 Cr,Rs128.1 Cr,Rs45.0 Cr,Rs30.0 Cr,30.0,Airlift_2016,Airlift (film),375290.0
Akaash Vani,2013,Hindi,pre_covid,1.4000000059604645,ok,True,Romantic,Romantic,,,False,,25 Jan 2013,False,,,,0,2.5396078085251252,2,1.3416,1.2202,0,Friday,1,5.679,14.0,Rs3.05 Cr,Rs2.13 Cr,Rs0.17 Cr,Rs10.0 Cr,10.0,Akaash_Vani_2013,Akaash Vani,181462.0
Akira,2016,Hindi,pre_covid,16.5,ok,True,"Action, Drama",Action,,,False,136.0,02 Sep 2016,False,,,,0,2.7879903334939735,138,1.9963,23.9373,0,Friday,9,7.941,5002.0,Rs43.9 Cr,Rs28.76 Cr,Rs5.07 Cr,Rs30.0 Cr,30.0,Akira_2016,Akira (2016 Hindi film),149.0
All Is Well,2015,Hindi,pre_covid,9.049999952316284,ok,True,"Comedy, Drama, Romantic",Comedy,U,U,True,126.0,21 Aug 2015,False,,,,0,2.729380734943499,95,1.82,1.149,0,Friday,8,5.6,18.0,Rs23.05 Cr,Rs15.93 Cr,Rs1.52 Cr,Rs28.0 Cr,28.0,All_Is_Well_2015,All Is Well (2015 film),355279.0
Alone,2015,Hindi,pre_covid,11.399999856948853,ok,True,,,,,False,,16 Jan 2015,False,,,,0,2.795803455374456,71,3.9513,8.1602,0,Friday,1,5.092,503.0,Rs29.6 Cr,Rs19.17 Cr,Rs3.72 Cr,Rs18.0 Cr,18.0,Alone_2015,Not Alone (film),134375.0
Alpha,2026,Hindi,post_covid,34.0,ok,True,"Action, Spy, Thriller",Action,UA,U/A,True,141.0,03 Jul 2026,False,Bobby Deol; Anil Kapoor; Hrithik Roshan; Alia Bhatt; Sharvari Wagh,Shiv Rawail,Yash Raj Films,1,4.160124481333045,14,5.2232,12.145,0,Friday,7,5.1,27.0,Rs99.1 Cr,Rs58.86 Cr,Rs29.05 Cr,,87.15,Alpha_2025,Alpha (2026 film),1122030.0
Angrezi Medium,2020,Hindi,during_covid,9.53000020980835,ok,True,"Comedy, Drama",Comedy,UA,UA,True,145.0,13 Mar 2020,False,Irrfan Khan; Deepak Dobriyal; Pankaj Tripathi; Kareena Kapoor Khan; Radhika Madan,Homi Adajania,Maddock Films,1,2.954151843598835,4,2.6411,1.4567,0,Friday,3,7.0,80.0,Rs15.0 Cr,Rs10.21 Cr,Rs3.0 Cr,,,Angrezi_Medium_2020,Angrezi Medium,606717.0
Antim: The Final Truth,2021,Hindi,during_covid,18.61000061035156,ok,True,"Action, Drama",Action,UA,UA,True,135.0,26 Nov 2021,False,Sayaji Shinde; Salman Khan; Mahesh Manjrekar; Aayush Sharma; Sachin Khedekar; Mahima Makwana,Mahesh Manjrekar,Zee Studio,1,4.258671775280191,10,4.8341,1.5108,0,Friday,11,6.536,28.0,Rs58.5 Cr,Rs39.57 Cr,Rs11.7 Cr,Rs35.0 Cr,35.0,Antim_The_Final_Truth,Antim: The Final Truth,774607.0
Assi,2026,Hindi,post_covid,4.200000047683716,ok,True,"Drama, Thriller",Drama,A,A,True,133.0,20 Feb 2026,False,Naseeruddin Shah; Kumud Mishra; Manoj Pahwa; Mohammed Zeeshan Ayyub; Taapsee Pannu; Seema Pahwa; Revathi; Kani Kusruti,Anubhav Sinha,T-Series,1,2.5220103746343714,9,1.307,2.3083,0,Friday,2,6.5,4.0,Rs14.94 Cr,Rs11.45 Cr,Rs1.5 Cr,,,Assi_2026,Assi (film),1435606.0
Aurangzeb,2013,Hindi,pre_covid,12.77999997138977,ok,True,"Action, Thriller",Action,UA,UA,True,137.0,17 May 2013,False,,,,0,2.5886620979984243,20,1.9401,0.054,0,Friday,5,6.0,26.0,Rs34.95 Cr,Rs22.11 Cr,Rs5.1 Cr,Rs22.0 Cr,22.0,Aurangzeb_2013,Aurangzeb (film),188306.0
Awarapan 2,2026,Hindi,post_covid,81.75,ok,True,Romantic,Romantic,UA,U/A,True,140.0,14 Aug 2026,True,Emraan Hashmi; Salil Acharya; Suvinder Vicky; Shabana Azmi; Disha Patani,Nitin Kakkar,Vishesh Films,1,2.7686654829193227,6,1.9355,5.1555,1,Friday,8,0.0,0.0,Rs212.962 Cr,Rs150.54 Cr,Rs33.55 Cr,,44.82,Awarapan_2_2026,Awarapan 2,1444466.0
Azhar,2016,Hindi,pre_covid,20.800000190734863,ok,True,"Drama, Sports",Drama,A,A,True,130.0,13 May 2016,False,,,,0,2.7784674563356635,126,1.6313,0.9213,0,Friday,5,5.679,39.0,Rs50.1 Cr,Rs33.16 Cr,Rs5.46 Cr,Rs38.0 Cr,38.0,Azhar_2016,Azhar (film),391778.0
Baaghi,2016,Hindi,pre_covid,38.5,ok,True,,,UA,UA,True,133.0,29 Apr 2016,False,Sudheer Babu; Sunil Grover; Tiger Shroff; Kota Srinivasa Rao; Shraddha Kapoor,Sabbir Khan,Nadiadwala Grandson Entertainment,1,3.104586687019206,1,2.3789,1.6365,0,Friday,4,6.325,151.0,Rs125.9 Cr,Rs76.1 Cr,Rs23.16 Cr,Rs37.0 Cr,37.0,Baaghi_2016,Baaghi (2016 film),391629.0
Baaghi 3,2020,Hindi,during_covid,53.829999923706055,ok,True,Action,Action,UA,UA,True,143.0,06 Mar 2020,False,Tiger Shroff; Riteish Deshmukh; Shraddha Kapoor; Ankita Lokhande,Ahmed Khan,Nadiadwala Grandson Entertainment,1,3.8851625426128495,4,2.3789,2.1652,1,Friday,3,6.3,126.0,Rs137.0 Cr,Rs96.5 Cr,Rs23.0 Cr,Rs100.0 Cr,100.0,Baaghi_3,Baaghi 3,594669.0
Baar Baar Dekho,2016,Hindi,pre_covid,21.15000009536743,ok,True,"Drama, Romantic",Drama,UA,U/A,True,141.0,09 Sep 2016,False,,,,0,2.788524222324445,139,2.4499,1.4757,0,Friday,9,5.833,63.0,Rs62.6 Cr,Rs31.24 Cr,Rs20.43 Cr,Rs53.0 Cr,53.0,Baar_Baar_Dekho_2016,Baar Baar Dekho,392344.0
Baby,2015,Hindi,pre_covid,36.019999504089355,ok,True,"Action, Thriller",Action,,,False,159.0,23 Jan 2015,False,,,,0,2.7919408582314027,72,2.3163,12.9719,0,Friday,1,7.817,4500.0,Rs142.98 Cr,Rs95.57 Cr,Rs13.96 Cr,Rs59.0 Cr,59.0,Baby_2015,Baby (2015 Hindi film),805.0
Baby Do Die Do,2026,Hindi,post_covid,1.8099999725818632,ok,True,"Action, Crime, Mystery, Thriller",Action,,,False,123.0,03 Jul 2026,False,Sikander Kher; Himanshu Malik; Chunky Panday; Marudhar Shekhawat; Huma Qureshi; Vidya Malavade,Nachiket Samant,Saleem Siblings,1,,0,1.7607,1.6303,0,Friday,7,9.0,1.0,Rs8.41 Cr,Rs7.45 Cr,Rs0.0 Cr,,,Baby_Do_Die_Do_2026,Baby Do Die Do,1512084.0
Badlapur,2015,Hindi,pre_covid,23.5,ok,True,Thriller,Thriller,UA,UA,True,135.0,20 Feb 2015,False,,,,0,2.7883620070423634,77,1.9154,1.6826,0,Friday,2,6.991,160.0,Rs78.9 Cr,Rs50.09 Cr,Rs11.28 Cr,Rs20.0 Cr,20.0,Badlapur_2015,Badlapur (film),323517.0
Bajirao Mastani,2015,Hindi,pre_covid,46.77999973297119,ok,True,"Historical, Romantic",Historical,U,U,True,158.0,18 Dec 2015,False,Raza Murad; Ranveer Singh; Milind Soman; Aditya Pancholi; Mahesh Manjrekar; Deepika Padukone; Tanvi Azmi; Priyanka Chopra,Sanjay Leela Bhansali,,1,3.984343667007772,1,4.3797,2.5679,0,Friday,12,7.245,321.0,Rs357.0 Cr,Rs184.3 Cr,Rs101.0 Cr,Rs145.0 Cr,145.0,Bajirao_Mastani_2015,Bajirao Mastani,362045.0
Bajrangi Bhaijaan,2015,Hindi,pre_covid,102.5999984741211,ok,True,"Comedy, Drama",Comedy,UA,U/A,True,163.0,17 Jul 2015,True,Salman Khan; Nawazuddin Siddiqui; Harshaali Malhotra; Meher Vij; Kareena Kapoor Khan,Kabir Khan,Salman Khan Films,1,4.439469724807757,1,4.8341,3.8011,0,Friday,7,7.811,577.0,Rs921.93 Cr,Rs320.34 Cr,Rs489.47 Cr,Rs90.0 Cr,90.0,Bajrangi_Bhaijaan_2015,Bajrangi Bhaijaan,348892.0
Bandar,2026,Hindi,post_covid,2.449999988079071,ok,True,"Crime, Thriller",Crime,A,A,True,136.0,05 Jun 2026,False,Jitendra Joshi; Bobby Deol; Raj B. Shetty; Sapna Pabbi,Anurag Kashyap,Zee Studio,1,3.503312881874523,6,1.949,3.7528,0,Friday,6,5.833,6.0,Rs4.97 Cr,Rs4.2 Cr,Rs0.0 Cr,,,Bandar_2026,Bandar (film),1293550.0
Bang Bang!,2014,Hindi,pre_covid,63.8799991607666,ok,True,"Action, Comedy",Action,UA,UA,True,153.0,02 Oct 2014,False,Danny Denzongpa; Hrithik Roshan; Javed Jaffrey; Jimmy Shergill; Katrina Kaif,Siddharth Anand,,1,4.23555473629417,1,2.6717,2.4079,0,Thursday,10,6.216,261.0,Rs340.0 Cr,Rs174.51 Cr,Rs70.0 Cr,Rs160.0 Cr,160.0,Bang_Bang!_2014,Bang Bang!,283589.0
Bangistan,2015,Hindi,pre_covid,3.649999976158142,ok,True,Comedy,Comedy,UA,UA,True,135.0,07 Aug 2015,False,,,,0,2.7288461375924826,93,1.3947,1.0355,0,Friday,8,5.7,13.0,Rs8.4 Cr,Rs5.27 Cr,Rs1.29 Cr,Rs25.0 Cr,25.0,Bangistan_2015,Bangistan,352099.0
Banjo,2016,Hindi,pre_covid,5.950000047683716,ok,True,,,,,False,140.0,23 Sep 2016,False,,,,0,2.7881278580797817,142,1.5342,1.8228,0,Friday,9,4.545,11.0,Rs13.2 Cr,Rs8.78 Cr,Rs1.35 Cr,Rs20.0 Cr,20.0,Banjo_2016,Banjo (2016 film),403517.0
Befikre,2016,Hindi,pre_covid,34.43000030517578,ok,True,"Comedy, Drama, Romantic",Comedy,A,A,True,132.0,09 Dec 2016,False,,,,0,2.770550235823006,149,3.1385,1.4282,0,Friday,12,5.061,66.0,Rs99.4 Cr,Rs60.23 Cr,Rs15.7 Cr,Rs64.0 Cr,64.0,Befikre_2016,Befikre,399624.0
Bell Bottom,2021,Hindi,during_covid,10.149999856948853,ok,True,Thriller,Thriller,UA,UA,True,123.0,19 Aug 2021,False,Akshay Kumar; Vaani Kapoor; Lara Dutta; Huma Qureshi,Ranjit M Tewari,Pooja Entertainment,1,4.454347274075035,12,2.5295,1.7365,0,Thursday,8,6.2,46.0,Rs53.7 Cr,Rs33.31 Cr,Rs14.3 Cr,Rs180.0 Cr,180.0,Bell_Bottom_2021,Bell Bottom (2021 film),721048.0
Besharam,2013,Hindi,pre_covid,18.96999979019165,ok,True,"Action, Comedy",Action,U,U,True,142.0,02 Oct 2013,False,,,,0,2.704679189973217,35,2.6689,1.083,0,Wednesday,10,4.568,44.0,Rs95.1 Cr,Rs59.87 Cr,Rs14.27 Cr,Rs83.0 Cr,83.0,Besharam_2013,Besharam (2013 film),218779.0
Bewakoofiyaan,2014,Hindi,pre_covid,7.25,ok,True,"Comedy, Romantic",Comedy,U,U,True,119.0,14 Mar 2014,False,,,,0,2.770135196555726,48,1.3258,1.1099,0,Friday,3,5.583,42.0,Rs21.93 Cr,Rs13.95 Cr,Rs3.1 Cr,Rs19.0 Cr,19.0,Bewakoofiyaan_2014,Bewakoofiyaan,254171.0
Bhaag Milkha Bhaag,2013,Hindi,pre_covid,32.30000019073486,ok,True,"Drama, Sports",Drama,U,U,True,186.0,12 Jul 2013,False,Farhan Akhtar; Yograj Singh; Dev Gill; Dalip Tahil; Rakeysh Omprakash Mehra; Sonam Kapoor; Divya Dutta,Rakeysh Omprakash Mehra,,1,,0,1.3165,2.3626,0,Friday,7,7.505,291.0,Rs168.0 Cr,Rs108.8 Cr,Rs21.12 Cr,Rs30.0 Cr,30.0,Bhaag_Milkha_Bhaag_2013,Bhaag Milkha Bhaag,206324.0
Bhabiji Ghar Par Hain!,2026,Hindi,post_covid,0.8500000089406967,ok,True,Comedy,Comedy,UA,U/A 16+,True,22.0,06 Feb 2026,False,Ravi Kishan; Mukesh Tiwari; Vidisha Srivastava; Shubhangi Atre,Shashank Bali,,1,3.1874732202706606,5,1.9951,2.5194,0,Friday,2,5.0,3.0,Rs1.68 Cr,Rs1.45 Cr,Rs0.0 Cr,,,Bhabiji_Ghar_Par_Hain_2026,Bhabiji Ghar Par Hain!,1587124.0
Bhai Tera Star Hai,2026,Hindi,post_covid,0.6599999964237213,ok,True,Comedy,Comedy,A,A,True,150.0,30 Jul 2026,False,Sanjay Kapoor; Raghav Juyal; Vineeth Kumar; Vivan Bhatena; Tina Desai; Niharika NM; Niki Walia; Parvathy Omanakuttan,Vivek B Agrawal,Indian Stories 2,1,2.2823823808108408,2,1.1132,1.8774,0,Thursday,7,0.0,0.0,Rs1.3 Cr,Rs1.12 Cr,Rs0.0 Cr,,,Bhai_Tera_Star_Hai_2026,Bhai Tera Star Hai,1642850.0
Bhangra Paa Le,2020,Hindi,during_covid,1.800000011920929,ok,True,"Comedy, Drama",Comedy,U,U,True,,03 Jan 2020,False,Sunny Kaushal; Shriya Pilgaonkar; Rukshar Dhillon,Sneha Taurani,RSVP Movies,1,,0,1.4971,1.1595,0,Friday,1,5.4,8.0,Rs2.9 Cr,Rs2.5 Cr,Rs0.1 Cr,Rs8.0 Cr,8.0,Bhangra_Paa_Le,Bhangra Paa Le,660056.0
Bharat Bhhagya Viddhaata,2026,Hindi,post_covid,4.25,ok,True,"Drama, Historical, Thriller",Drama,UA,U/A 16+,True,127.0,12 Jun 2026,False,Prasad Oak; Smita Tambe; Esha Dey; Kangana Ranaut; Girija Oak Godbole,Manoj Tapadia,,1,2.184896039244452,2,0.8245,1.6039,0,Friday,6,6.0,1.0,Rs8.32 Cr,Rs7.04 Cr,Rs0.0 Cr,,,Bharat_Bhhagya_Viddhaata_2026,Bharat Bhhagya Viddhaata,1351908.0
Bhoot Part One,2020,Hindi,during_covid,16.359999656677246,ok,True,Horror,Horror,A,A,True,114.0,21 Feb 2020,False,Ashutosh Rana; Vicky Kaushal; Bhumi Pednekar,Bhanu Pratap Singh,Zee Studio,1,3.8055507354580254,4,2.2861,1.589,1,Friday,2,5.588,40.0,Rs39.5 Cr,Rs31.1 Cr,Rs3.0 Cr,Rs50.0 Cr,50.0,Bhoot_2019,Bhoot – Part One: The Haunted Ship,616880.0
Bhoothnath Returns,2014,Hindi,pre_covid,17.97000026702881,ok,True,Comedy,Comedy,U,U,True,155.0,11 Apr 2014,False,,,,0,2.7740600759156844,51,1.9944,1.3497,1,Friday,4,6.223,92.0,Rs58.32 Cr,Rs39.15 Cr,Rs5.33 Cr,Rs32.0 Cr,32.0,Bhoothnath_Returns_2014,Bhoothnath Returns,264085.0
Bobby Jasoos,2014,Hindi,pre_covid,7.549999952316284,ok,True,"Comedy, Drama",Comedy,,,False,121.0,04 Jul 2014,False,,,,0,2.7502723800379827,55,1.9646,1.4121,0,Friday,7,5.455,33.0,Rs20.38 Cr,Rs11.55 Cr,Rs4.79 Cr,Rs24.0 Cr,24.0,Bobby_Jasoos_2014,Bobby Jasoos,272420.0
Bombay Velvet,2015,Hindi,pre_covid,15.849999904632568,ok,True,"Crime, Drama",Crime,UA,UA,True,149.0,15 May 2015,False,,,,0,2.7591105487789007,87,2.6689,1.2215,0,Friday,5,5.4,47.0,Rs43.2 Cr,Rs23.71 Cr,Rs11.54 Cr,Rs115.0 Cr,115.0,Bombay_Velvet_2015,Bombay Velvet,316654.0
Border 2,2026,Hindi,post_covid,121.0,ok,True,"Drama, War",Drama,UA,U/A,True,199.0,23 Jan 2026,False,Varun Dhawan; Diljit Dosanjh; Sunny Deol; Ahan Shetty; Sonam Bajwa; Medha Rana; Mona Singh,Anurag Singh,T-Series,1,3.5335860404276933,12,1.9661,6.2757,1,Friday,1,7.583,36.0,Rs450.19 Cr,Rs329.43 Cr,Rs57.25 Cr,Rs175.0 Cr,175.0,Border_2_2026,Border 2,1213898.0
Boss,2013,Hindi,pre_covid,17.84999990463257,ok,True,Action,Action,UA,U/A,True,143.0,16 Oct 2013,False,,,,0,2.7127222996106704,36,2.5295,2.8085,0,Wednesday,10,5.6,93.0,Rs84.83 Cr,Rs54.33 Cr,Rs11.49 Cr,Rs70.0 Cr,70.0,Boss_2013,Boss (2013 Hindi film),228355.0
Brothers,2015,Hindi,pre_covid,52.070000648498535,ok,True,"Drama, Sports",Drama,,,False,155.0,14 Aug 2015,True,,,,0,2.716165510750775,94,,2.4104,0,Friday,8,6.9,15.0,Rs140.0 Cr,Rs82.49 Cr,Rs25.5 Cr,Rs105.0 Cr,105.0,Brothers_2015,Brothers (2015 film),285203.0
Bullett Raja,2013,Hindi,pre_covid,23.330000400543213,ok,True,Action,Action,,,False,,29 Nov 2013,False,,,,0,2.725487196973645,38,2.8128,1.0957,0,Friday,11,5.833,33.0,Rs53.6 Cr,Rs36.05 Cr,Rs4.93 Cr,Rs51.0 Cr,51.0,Bullett_Raja_2013,Bullett Raja,220495.0
Bunty Aur Babli 2,2021,Hindi,during_covid,8.299999952316284,ok,True,"Comedy, Drama, Romantic",Comedy,UA,UA,True,177.0,19 Nov 2021,False,Saif Ali Khan; Siddhant Chaturvedi; Sharvari Wagh; Rani Mukerji,Varun V. Sharma,Yash Raj Films,1,2.906069995706001,5,2.8128,1.272,1,Friday,11,5.0,11.0,Rs20.5 Cr,Rs11.9 Cr,Rs6.5 Cr,Rs30.0 Cr,30.0,Bunty_Aur_Babli_2_2020,Bunty Aur Babli,666390.0
Calendar Girls,2015,Hindi,pre_covid,3.850000023841858,ok,True,Drama,Drama,A,A,True,,25 Sep 2015,False,,,,0,2.7426487388279464,101,0.8697,1.5335,0,Friday,9,4.667,12.0,Rs8.57 Cr,Rs6.35 Cr,Rs0.0 Cr,Rs12.0 Cr,12.0,Calendar_Girls_2015,Calendar Girls (2015 film),353952.0
Chand Mera Dil,2026,Hindi,post_covid,11.0,ok,True,"Action, Drama, Romantic",Action,UA,U/A,True,146.0,22 May 2026,False,Lakshya Lalwani; Ananya Pandey; Aastha Singh,Vivek Soni,Dharma Productions,1,3.6092949892285278,1,1.6357,3.4676,0,Friday,5,5.6,9.0,Rs38.11 Cr,Rs29.09 Cr,Rs3.85 Cr,,,Chand_Mera_Dil_2026,Chand Mera Dil,1371023.0
Chandigarh Kare Aashiqui,2021,Hindi,during_covid,14.529999732971191,ok,True,"Comedy, Romantic",Comedy,UA,UA,True,116.0,10 Dec 2021,False,Yograj Singh; Ayushmann Khurrana; Abhishek Bajaj; Kanwaljit Singh; Vaani Kapoor,Abhishek Kapoor,T-Series,1,3.505557402714172,7,1.7906,1.4793,0,Friday,12,5.961,51.0,Rs30.2 Cr,Rs22.4 Cr,Rs5.5 Cr,Rs40.0 Cr,40.0,Chandigarh_Kare_Aashiqui_2021,Chandigarh Kare Aashiqui,755836.0
Chashme Baddoor,2013,Hindi,pre_covid,18.699999809265137,ok,True,Comedy,Comedy,,,False,123.0,05 Apr 2013,False,,,,0,2.4313368804416657,13,1.9604,5.6936,0,Friday,4,4.69,29.0,Rs59.07 Cr,Rs41.27 Cr,Rs3.36 Cr,Rs22.0 Cr,22.0,Chashme_Baddoor_2013,Chashme Baddoor (2013 film),180853.0
Chehre,2021,Hindi,during_covid,2.049999952316284,ok,True,"Mystery, Thriller",Mystery,UA,UA,True,139.0,27 Aug 2021,False,Amitabh Bachchan; Annu Kapoor; Dhritiman Chatterjee; Emraan Hashmi; Raghubir Yadav; Krystle D'Souza; Rhea Chakraborty,Rumy Jafry,Saraswati Entertainment Private Limited,1,3.8800272131801052,4,1.9944,1.1629,0,Friday,8,6.4,26.0,Rs4.3 Cr,Rs3.2 Cr,Rs0.5 Cr,,,Chehre_2020,Chehre,695951.0
Chennai Express,2013,Hindi,pre_covid,93.66999816894533,ok,True,"Action, Comedy, Romantic",Action,UA,U/A,True,141.0,08 Aug 2013,True,Sathyaraj; Shah Rukh Khan; Mukesh Tiwari; Deepika Padukone; Kamini Kaushal,Rohit Shetty,UTV Motion Pictures,1,,0,3.0937,4.4459,0,Thursday,8,6.515,404.0,Rs422.0 Cr,Rs227.13 Cr,Rs112.0 Cr,Rs115.0 Cr,115.0,Chennai_Express_2013,Chennai Express,205022.0
Chhapaak,2020,Hindi,during_covid,19.019999980926514,ok,True,Biopic,Biopic,U,U,True,120.0,10 Jan 2020,False,Deepika Padukone,Meghna Gulzar,,1,4.51085950651685,1,2.428,1.068,0,Friday,1,7.2,37.0,Rs55.5 Cr,Rs34.93 Cr,Rs15.0 Cr,Rs50.0 Cr,50.0,Chhapaak_2020,Chhapaak,590404.0
Cocktail 2,2026,Hindi,post_covid,47.5,ok,True,"Comedy, Drama, Romantic",Comedy,A,A,True,150.0,19 Jun 2026,False,Shahid Kapoor; Kriti Sanon; Rashmika Mandanna,Homi Adajania,Maddock Films,1,3.471603411084428,7,2.5011,5.1095,1,Friday,6,5.529,35.0,Rs147.73 Cr,Rs95.5 Cr,Rs34.0 Cr,,131.742912,Cocktail_2_2026,Cocktail 2,1392469.0
Commando-A One Man Army,2013,Hindi,pre_covid,11.109999895095823,ok,True,Action,Action,UA,UA,True,124.0,12 Apr 2013,False,,,,0,2.470571290843116,14,2.1764,1.9109,0,Friday,4,6.3,63.0,Rs28.62 Cr,Rs21.2 Cr,Rs0.0 Cr,Rs17.0 Cr,17.0,Commando-A_One_Man_Army_2013,Commando: A One Man Army,185640.0
Creature,2014,Hindi,pre_covid,11.349999904632568,ok,True,,,,,False,134.0,12 Sep 2014,False,,,,0,2.7817058412301194,62,1.6316,6.979,0,Friday,9,6.8,886.0,Rs25.2 Cr,Rs17.55 Cr,Rs1.51 Cr,Rs25.0 Cr,25.0,Creature_2014,Creature 3D,10973.0
D Day,2013,Hindi,pre_covid,13.430000066757202,ok,True,"Action, Thriller",Action,UA,U/A,True,151.0,19 Jul 2013,False,,,,0,2.6520836240209937,26,2.6359,1.3324,0,Friday,7,6.6,70.0,Rs39.78 Cr,Rs23.75 Cr,Rs7.72 Cr,Rs26.0 Cr,26.0,D_Day_2013,D-Day (2013 film),206851.0
Daadi Ki Shaadi,2026,Hindi,post_covid,3.450000047683716,ok,True,"Comedy, Drama, Family",Comedy,U,U,True,150.0,08 May 2026,False,Kapil Sharma; Riddhima Kapoor Sahni; Neetu Singh; Sadia Khateeb,Ashish R Mohan,,1,1.727388499672224,3,1.0597,2.1895,0,Friday,5,5.0,6.0,Rs8.47 Cr,Rs7.69 Cr,Rs0.0 Cr,,,Daadi_Ki_Shaadi_2026,Daadi Ki Shaadi,1464795.0
Daawat-E-Ishq,2014,Hindi,pre_covid,13.570000171661375,ok,True,"Comedy, Romantic",Comedy,U,U,True,123.0,19 Sep 2014,False,,,,0,2.7814369446608755,64,2.6412,1.1254,0,Friday,9,6.806,62.0,Rs34.13 Cr,Rs25.28 Cr,Rs0.0 Cr,Rs30.0 Cr,30.0,Daawat-E-Ishq_2014,Daawat-e-Ishq,291154.0
Daayra,2026,Hindi,post_covid,4.5,ok,True,Crime,Crime,A,A,True,143.0,18 Sep 2026,False,Jitendra Joshi; Prithviraj Sukumaran; Kareena Kapoor Khan; Biswapati Sarkar; Kshitee Jog,Meghna Gulzar,Junglee Pictures,1,3.0382718647329052,10,2.6411,5.1573,0,Friday,9,0.0,0.0,Rs5.4 Cr,Rs4.5 Cr,Rs0.0 Cr,,,Daayra_2026,Daayra,1215889.0
Dangal,2016,Hindi,pre_covid,104.46000099182127,ok,True,"Drama, Sports",Drama,U,U,True,161.0,23 Dec 2016,True,Aamir Khan; Fatima Sana Shaikh; Sanya Malhotra,Nitesh Tiwari,UTV Motion Pictures,1,4.621141942733327,1,3.612,6.7142,0,Friday,12,7.9,1221.0,Rs2070.3 Cr,Rs374.43 Cr,Rs1535.3 Cr,Rs70.0 Cr,70.0,Dangal_2016,Dangal (2016 film),360814.0
Dear Zindagi,2016,Hindi,pre_covid,32.60000038146973,ok,True,Drama,Drama,UA,UA,True,150.0,25 Nov 2016,False,,,,0,2.7646929859077027,147,5.2232,2.6857,0,Friday,11,7.0,267.0,Rs136.12 Cr,Rs68.45 Cr,Rs43.71 Cr,Rs30.0 Cr,30.0,Dear_Zindagi_2016,Dear Zindagi,413543.0
Dedh Ishqiya,2014,Hindi,pre_covid,11.369999647140505,ok,True,"Black Comedy, Comedy",Black Comedy,UA,UA,True,148.0,10 Jan 2014,False,,,,0,2.754571407704828,40,1.7607,1.2184,0,Friday,1,6.543,47.0,Rs43.73 Cr,Rs27.24 Cr,Rs6.96 Cr,Rs35.0 Cr,35.0,Dedh_Ishqiya_2014,Dedh Ishqiya,248698.0
Detective Byomkesh Bakshy,2015,Hindi,pre_covid,14.050000190734863,ok,True,"Action, Mystery, Thriller",Action,UA,UA,True,147.0,03 Apr 2015,False,,,,0,2.770864678161062,81,1.0966,1.3592,0,Friday,4,6.8,117.0,Rs43.9 Cr,Rs26.83 Cr,Rs7.68 Cr,Rs35.0 Cr,35.0,Detective_Byomkesh_Bakshy_2015,Detective Byomkesh Bakshy!,320295.0
Dhamaal 4,2026,Hindi,post_covid,65.0,ok,True,Comedy,Comedy,UA,U/A 13+,True,143.0,10 Jul 2026,False,Riteish Deshmukh; Ravi Kishan; Sanjay Mishra; Ajay Devgn; Javed Jaffrey; Upendra Limaye; Arshad Warsi; Anjali Anand; Sanjeeda Shaikh; Esha Gupta,Indra Kumar,T-Series,1,3.5546907160243633,12,2.8855,11.9752,1,Friday,7,4.3,13.0,Rs230.17 Cr,Rs167.88 Cr,Rs30.85 Cr,,174.3,Dhamaal_4_2026,Dhamaal 4,1303331.0
Dhoom 3,2013,Hindi,pre_covid,100.60999870300292,ok,True,"Crime, Thriller",Crime,UA,U/A,True,172.0,20 Dec 2013,False,Jackie Shroff; Abhishek Bachchan; Aamir Khan; Uday Chopra; Katrina Kaif,Vijay Krishna Acharya,Yash Raj Films,1,,0,3.612,2.2427,1,Friday,12,5.967,330.0,Rs558.0 Cr,Rs271.07 Cr,Rs186.0 Cr,Rs175.0 Cr,175.0,Dhoom_3_2013,Dhoom 3,44977.0
Dhurandhar 2: The Revenge,2026,Hindi,post_covid,290.94000244140625,ok,True,"Action, Spy, Thriller",Action,A,A,True,229.0,19 Mar 2026,True,Sanjay Dutt; Rakesh Bedi; Arjun Rampal; Danish Pandor; Akshaye Khanna; R. Madhavan; Ranveer Singh; Sara Arjun; Yami Gautam,aditya dhar,Jio Studios,1,3.236811881324524,9,3.1385,7.8271,1,Thursday,3,7.3,162.0,Rs1813.39 Cr,Rs1080.76 Cr,Rs438.0 Cr,,118.939,Dhurandhar_2_2026,Dhurandhar: The Revenge,1582770.0
Dil Dhadakne Do,2015,Hindi,pre_covid,37.02999973297119,ok,True,"Comedy, Drama",Comedy,UA,UA,True,173.0,05 Jun 2015,False,,,,0,2.749787062169702,89,4.3797,2.1107,0,Friday,6,6.9,166.0,Rs150.05 Cr,Rs76.81 Cr,Rs43.35 Cr,Rs83.0 Cr,83.0,Dil_Dhadakne_Do_2015,Dil Dhadakne Do,338065.0
Dilwale,2015,Hindi,pre_covid,65.0,ok,True,"Action, Romantic",Action,UA,U/A,True,155.0,18 Dec 2015,False,Varun Dhawan; Johnny Lever; Sanjay Mishra; Shah Rukh Khan; Boman Irani; Varun Sharma; Kriti Sanon; Kajol,Rohit Shetty,Rohit Shetty Productions,1,3.8615714611296292,1,3.0937,2.4211,0,Friday,12,6.569,355.0,Rs388.0 Cr,Rs148.42 Cr,Rs176.0 Cr,Rs165.0 Cr,165.0,Dilwale_2015,Dilwale (2015 film),370665.0
Dishoom,2016,Hindi,pre_covid,37.31999969482422,ok,True,"Action, Comedy",Action,UA,UA,True,124.0,29 Jul 2016,False,,,,0,2.7676083766157764,133,2.4194,1.1672,0,Friday,7,5.51,103.0,Rs119.6 Cr,Rs70.03 Cr,Rs25.06 Cr,Rs55.0 Cr,55.0,Dishoom_2016,Dishoom,393441.0
Do Deewane Seher Mein,2026,Hindi,post_covid,4.200000047683716,ok,True,"Comedy, Musical, Romantic",Comedy,UA,U/A 13+,True,137.0,20 Feb 2026,False,Siddhant Chaturvedi; Joy Sengupta; Ila Arun; Mrunal Thakur; Sandeepa Dhar,Ravi Udywar,Zee Studio,1,2.2948550305460484,4,2.245,3.2804,0,Friday,2,6.579,19.0,Rs9.27 Cr,Rs7.98 Cr,Rs0.0 Cr,,,Do_Deewane_Seher_Mein_2026,Do Deewane Seher Mein,1241693.0
Do Lafzon Ki Kahani,2016,Hindi,pre_covid,3.709999918937683,ok,True,"Drama, Romantic",Drama,UA,UA,True,128.0,10 Jun 2016,False,,,,0,2.7802723256029735,128,1.8986,1.4101,0,Friday,6,6.4,14.0,Rs7.45 Cr,Rs5.72 Cr,Rs0.0 Cr,Rs11.0 Cr,11.0,Do_Lafzon_Ki_Kahani_2016,Do Lafzon Ki Kahani (film),391766.0
Dolly Ki Doli,2015,Hindi,pre_covid,10.650000095367432,ok,True,"Comedy, Drama",Comedy,UA,U/A,True,93.0,23 Jan 2015,False,,,,0,2.7919408582314027,72,1.4857,1.3084,0,Friday,1,5.196,28.0,Rs28.34 Cr,Rs19.07 Cr,Rs2.6 Cr,Rs18.0 Cr,18.0,Dolly_Ki_Doli_2015,Dolly Ki Doli,320024.0
Drishyam,2015,Hindi,pre_covid,23.15000009536743,ok,True,Thriller,Thriller,UA,U/A 13+,True,160.0,31 Jul 2015,False,Ajay Devgn; Ishita Dutta; Tabu; Shriya Saran,Nishikant Kamat,Viacom 18 Motion Pictures,1,4.3661512826087865,1,2.8855,2.8306,0,Friday,7,7.5,511.0,Rs110.4 Cr,Rs67.14 Cr,Rs19.77 Cr,Rs48.0 Cr,48.0,Drishyam_2015,Drishyam (2015 film),352173.0
Dum Laga Ke Haisha,2015,Hindi,pre_covid,5.950000047683716,ok,True,"Comedy, Romantic",Comedy,UA,UA,True,110.0,27 Feb 2015,False,,,,0,2.793622405895034,78,1.7481,1.5265,0,Friday,2,7.186,148.0,Rs42.79 Cr,Rs30.01 Cr,Rs2.28 Cr,Rs12.0 Cr,12.0,Dum_Laga_Ke_Haisha_2015,Dum Laga Ke Haisha,325138.0
Ek Din,2026,Hindi,post_covid,2.699999988079071,ok,True,"Drama, Romantic",Drama,UA,U/A 13+,True,125.0,01 May 2026,False,Kunal Kapoor; Junaid Khan; Sai Pallavi,Sunil Pandey,Aamir Khan Productions,1,3.6622787919044195,4,2.1997,3.4799,0,Friday,5,8.0,1.0,Rs5.5 Cr,Rs3.83 Cr,Rs0.45 Cr,,,Ek_Din_2026,Ek Din,1171094.0
Ek Paheli Leela,2015,Hindi,pre_covid,16.110000133514404,ok,True,Mystery,Mystery,A,A,True,144.0,10 Apr 2015,False,,,,0,2.7701392309135895,82,1.3143,1.205,0,Friday,4,4.318,22.0,Rs36.0 Cr,Rs26.35 Cr,Rs0.43 Cr,Rs20.0 Cr,20.0,Ek_Paheli_Leela_2015,Ek Paheli Leela,334875.0
Ek Thi Daayan,2013,Hindi,pre_covid,17.12999963760376,ok,True,Thriller,Thriller,UA,UA,True,,19 Apr 2013,False,,,,0,2.483454473242575,16,2.286,1.1412,0,Friday,4,5.041,37.0,Rs40.1 Cr,Rs25.48 Cr,Rs5.7 Cr,Rs24.0 Cr,24.0,Ek_Thi_Daayan_2013,Ek Thi Daayan,186747.0
Ek Villain,2014,Hindi,pre_covid,50.65999984741211,ok,True,"Romantic, Thriller",Romantic,UA,U/A,True,129.0,27 Jun 2014,False,Sidharth Malhotra; Remo Fernandes; Riteish Deshmukh; Aamna Sharif; Shraddha Kapoor; Prachi Desai,Mohit Suri,,1,3.71795270901042,1,2.1181,1.7963,0,Friday,6,6.542,179.0,Rs155.0 Cr,Rs105.76 Cr,Rs12.23 Cr,Rs39.0 Cr,39.0,Ek_Villain_2014,Ek Villain,276935.0
Entertainment,2014,Hindi,pre_covid,36.69999980926514,ok,True,"Comedy, Romantic",Comedy,U,U,True,145.0,08 Aug 2014,False,,,,0,2.754260360743277,58,4.9139,1.7368,0,Friday,8,4.868,76.0,Rs104.0 Cr,Rs72.03 Cr,Rs6.76 Cr,Rs80.0 Cr,80.0,Entertainment_2014,Entertainment (2014 film),278347.0
Fan,2016,Hindi,pre_covid,52.30000114440918,ok,True,Thriller,Thriller,UA,UA,True,138.0,15 Apr 2016,False,,,,0,2.7737435302121294,124,3.0937,2.977,0,Friday,4,6.239,283.0,Rs182.3 Cr,Rs84.1 Cr,Rs69.04 Cr,Rs85.0 Cr,85.0,Fan_2016,Fan (2016 film),377985.0
Finding Fanny,2014,Hindi,pre_covid,19.75,ok,True,Comedy,Comedy,UA,U/A,True,101.0,12 Sep 2014,False,,,,0,2.7817058412301194,62,2.428,1.4594,0,Friday,9,5.449,49.0,Rs63.54 Cr,Rs35.61 Cr,Rs15.47 Cr,Rs25.0 Cr,25.0,Finding_Fanny_2014,Finding Fanny,283201.0
Fitoor,2016,Hindi,pre_covid,14.050000190734863,ok,True,"Drama, Romantic",Drama,,,False,129.0,12 Feb 2016,False,,,,0,2.769161141763457,116,2.4499,2.1586,0,Friday,2,5.491,57.0,Rs39.7 Cr,Rs19.26 Cr,Rs13.7 Cr,Rs70.0 Cr,70.0,Fitoor,Fitoor,376047.0
Force 2,2016,Hindi,pre_covid,20.149999618530273,ok,True,"Action, Thriller",Action,UA,UA,True,127.0,18 Nov 2016,False,,,,0,2.772049945351647,145,2.4194,1.6484,1,Friday,11,6.7,49.0,Rs58.7 Cr,Rs35.7 Cr,Rs10.5 Cr,Rs40.0 Cr,40.0,Force_2_2016,Force 2,426558.0
Freaky Ali,2016,Hindi,pre_covid,8.600000143051147,ok,True,"Comedy, Romantic, Sports",Comedy,UA,UA,True,120.0,09 Sep 2016,False,,,,0,2.788524222324445,139,1.8229,1.0204,0,Friday,9,5.654,26.0,Rs21.3 Cr,Rs14.66 Cr,Rs1.51 Cr,Rs18.0 Cr,18.0,Freaky_Ali_2016,Freaky Ali,414276.0
Fukrey,2013,Hindi,pre_covid,9.680000066757202,ok,True,Comedy,Comedy,UA,UA,True,143.0,14 Jun 2013,False,,,,0,2.611169694638134,22,1.9646,1.1874,0,Friday,6,6.448,77.0,Rs50.7 Cr,Rs36.25 Cr,Rs1.76 Cr,Rs17.0 Cr,17.0,Fukrey_2013,Fukrey,199139.0
Gabbar is Back,2015,Hindi,pre_covid,39.410000801086426,ok,True,"Action, Drama",Action,UA,UA,True,121.0,01 May 2015,False,,,,0,2.7604541626810057,84,2.5295,1.3982,0,Friday,5,6.846,143.0,Rs135.5 Cr,Rs87.54 Cr,Rs17.33 Cr,Rs72.0 Cr,72.0,Gabbar_is_Back_2015,Gabbar Is Back,337876.0
Ghanchakkar,2013,Hindi,pre_covid,21.299999713897705,ok,True,"Black Comedy, Comedy, Drama",Black Comedy,UA,UA,True,137.0,28 Jun 2013,False,,,,0,2.618910636889811,24,1.605,1.097,0,Friday,6,5.0,33.0,Rs47.0 Cr,Rs32.85 Cr,Rs2.66 Cr,Rs29.0 Cr,29.0,Ghanchakkar_2013,Ghanchakkar (film),192097.0
Ghayal Once Again,2016,Hindi,pre_covid,23.38000011444092,ok,True,"Action, Drama",Action,UA,UA,True,127.0,05 Feb 2016,False,,,,0,2.7654689505722945,115,1.9661,1.0665,1,Friday,2,5.9,24.0,Rs57.6 Cr,Rs35.74 Cr,Rs9.35 Cr,Rs50.0 Cr,50.0,Ghayal_Once_Again,Ghayal: Once Again,381298.0
Ginny Wedss Sunny 2,2026,Hindi,post_covid,1.199999988079071,ok,True,"Comedy, Drama, Family, Romantic",Comedy,UA,U/A,True,134.0,24 Apr 2026,False,Sudhir Pandey; Avinash Tiwary; Lillete Dubey; Medha Shankar,Prasshant Jha,Zee Studio,1,2.184701913866291,3,0.9742,2.3034,1,Friday,4,0.0,0.0,Rs1.85 Cr,Rs1.58 Cr,Rs0.0 Cr,,,Ginny_Wedss_Sunny_2_2026,Ginny Wedss Sunny 2,1481041.0
Go Goa Gone,2013,Hindi,pre_covid,12.900000095367432,ok,True,Comedy,Comedy,A,A,True,112.0,10 May 2013,False,,,,0,2.5863870059458356,19,2.8128,1.2013,0,Friday,5,5.919,136.0,Rs38.67 Cr,Rs24.98 Cr,Rs4.95 Cr,Rs19.0 Cr,19.0,Go_Goa_Gone_2013,Go Goa Gone,191562.0
Goliyon Ki Rasleela Ram-Leela,2013,Hindi,pre_covid,52.75,ok,True,,,UA,UA,True,155.0,15 Nov 2013,False,Ranveer Singh; Sharad Kelkar; Priyanka Chopra; Deepika Padukone; Supriya Pathak; Richa Chaddha; Barkha Bisht,Sanjay Leela Bhansali,,1,,0,3.1385,2.1034,0,Friday,11,6.964,207.0,Rs218.07 Cr,Rs117.53 Cr,Rs59.5 Cr,Rs88.0 Cr,88.0,Goliyon_Ki_Rasleela_Ram-Leela_2013,Goliyon Ki Raasleela Ram-Leela,235984.0
Governor,2026,Hindi,post_covid,3.4499999284744263,ok,True,"Drama, Historical, Thriller",Drama,UA,U/A 13+,True,122.0,12 Jun 2026,False,Manoj Bajpayee; Noushad Mohamed Kunju; Paritosh Sand; Madhoo Shah; Adah Sharma; Krisha Kurup,Chinmay Mandlekar,,1,2.3489475085435796,9,1.509,3.6935,0,Friday,6,5.6,6.0,Rs6.93 Cr,Rs5.87 Cr,Rs0.0 Cr,,,Governor_2026,Governor (film),1475803.0
Grand Masti,2013,Hindi,pre_covid,40.18000030517578,ok,True,Comedy,Comedy,A,A,True,137.0,13 Sep 2013,False,Riteish Deshmukh; Vivek Oberoi; Aftab Shivdasani; Karishma Tanna; Kainaat Arora; Manjari Phadnis; Maryam Zakaria; Sonalee Kulkarni,Indra Kumar,,1,,0,1.3947,1.1495,0,Friday,9,4.631,42.0,Rs145.0 Cr,Rs102.21 Cr,Rs14.38 Cr,Rs35.0 Cr,35.0,Grand_Masti_2013,Grand Masti,220714.0
Great Grand Masti,2016,Hindi,pre_covid,8.300000190734863,ok,True,Comedy,Comedy,A,A,True,127.0,15 Jul 2016,False,,,,0,2.774604098420754,131,1.3947,1.0936,0,Friday,7,3.81,42.0,Rs20.25 Cr,Rs13.72 Cr,Rs1.73 Cr,Rs38.0 Cr,38.0,Great_Grand_Masti_2016,Great Grand Masti,403862.0
Guddu Rangeela,2015,Hindi,pre_covid,5.950000047683716,ok,True,Comedy,Comedy,A,A,True,124.0,03 Jul 2015,False,,,,0,2.760755642700442,91,2.0493,1.0844,0,Friday,7,4.6,7.0,Rs13.0 Cr,Rs8.62 Cr,Rs1.36 Cr,Rs15.0 Cr,15.0,Guddu_Rangeela_2015,Guddu Rangeela,347897.0
Gulaab Gang,2014,Hindi,pre_covid,8.799999952316284,ok,True,"Crime, Drama",Crime,,,False,139.0,07 Mar 2014,False,,,,0,2.789029223667163,46,1.4121,1.4812,0,Friday,3,5.972,18.0,Rs22.5 Cr,Rs14.4 Cr,Rs3.06 Cr,Rs27.0 Cr,27.0,Gulaab_Gang_2014,Gulaab Gang,254420.0
Gunday,2014,Hindi,pre_covid,43.93000030517578,ok,True,"Action, Thriller",Action,UA,UA,True,152.0,14 Feb 2014,False,,,,0,2.759980600629892,43,4.3797,1.6285,0,Friday,2,4.866,117.0,Rs130.9 Cr,Rs78.61 Cr,Rs24.78 Cr,Rs51.0 Cr,51.0,Gunday_2014,Gunday,250551.0
Hai Jawani Toh Ishq Hona Hai,2026,Hindi,post_covid,24.5,ok,True,"Comedy, Romantic",Comedy,UA,U/A,True,136.0,05 Jun 2026,False,Varun Dhawan; Jimmy Shergill; Manish Paul; Chunky Pandey; Rakesh Bedi; Pooja Hegde; Mouni Roy; Mrunal Thakur,David Dhawan,Tips Films Pvt. Ltd.,1,3.6313118099896595,13,2.8228,4.3683,0,Friday,6,5.3,30.0,Rs74.83 Cr,Rs51.25 Cr,Rs14.1 Cr,,,Hai_Jawani_Toh_Ishq_Hona_Hai_2025,Hai Jawani Toh Ishq Hona Hai,1308553.0
Haider,2014,Hindi,pre_covid,20.730000019073486,ok,True,"Crime, Drama",Crime,UA,U/A,True,160.0,02 Oct 2014,False,,,,0,2.7759492381367536,66,2.0125,1.7839,0,Thursday,10,7.232,261.0,Rs79.2 Cr,Rs55.93 Cr,Rs3.69 Cr,Rs45.0 Cr,45.0,Haider_2014,Haider (film),280795.0
Haiwaan,2026,Hindi,post_covid,7.350000023841858,ok,True,"Action, Thriller",Action,UA,U/A,True,165.0,11 Sep 2026,False,Saif Ali Khan; Boman Irani; Sharib Hashmi; Akshay Kumar; Saiyami Kher; Shriya Pilgaonkar,Priyadarshan,Thespian Films,1,3.1758183835759684,10,2.8128,4.8408,0,Friday,9,0.0,0.0,Rs15.04 Cr,Rs9.88 Cr,Rs3.25 Cr,,,Haiwaan_2026,Haiwaan (film),1475799.0
Hamari Adhuri Kahani,2015,Hindi,pre_covid,16.449999809265137,ok,True,"Drama, Romantic",Drama,UA,UA,True,129.0,12 Jun 2015,False,,,,0,2.7596602649780233,90,1.605,1.3516,0,Friday,6,6.2,47.0,Rs51.9 Cr,Rs34.43 Cr,Rs5.76 Cr,Rs38.0 Cr,38.0,Hamari_Adhuri_Kahani_2015,Hamari Adhuri Kahani,339367.0
Hanuman Ansh,2026,Hindi,post_covid,0.6000000163912773,ok,True,"Devotional, Drama",Devotional,U,U,True,150.0,07 Aug 2026,False,Shobhinaw Satyaa; Anil Rastogi; Chandan Anand; Gulshan Pandey; Purnima Tiwari,Vishal Chaturvedi,Swambhu Media Network,0,,0,1.0817,25.5451,0,Friday,8,8.0,11.0,Rs347.054 Cr,Rs271.88 Cr,Rs26.0 Cr,Rs2.0 Cr,2.0,Hanuman_Ansh_2026,Hanuman Ansh,1709391.0
Happy Bhaag Jayegi,2016,Hindi,pre_covid,10.709999799728394,ok,True,"Comedy, Romantic",Comedy,U,U,True,126.0,12 Aug 2016,False,,,,0,2.774163328619679,134,1.9646,0.9606,0,Friday,8,6.308,39.0,Rs46.5 Cr,Rs28.82 Cr,Rs6.5 Cr,Rs20.0 Cr,20.0,Happy_Bhaag_Jayegi_2016,Happy Bhag Jayegi,406042.0
Happy New Year,2014,Hindi,pre_covid,76.19999980926514,ok,True,"Comedy, Drama",Comedy,UA,U/A,True,184.0,23 Oct 2014,True,Boman Irani; Shah Rukh Khan; Jackie Shroff; Anupam Kher; Sonu Sood; Abhishek Bachchan; Deepika Padukone,Farah Khan,Yash Raj Films,1,4.621141942733327,1,3.0937,3.2893,0,Thursday,10,6.144,305.0,Rs397.0 Cr,Rs199.95 Cr,Rs102.0 Cr,Rs150.0 Cr,150.0,Happy_New_Year_2014,Happy New Year (2014 film),277432.0
Happy Patel: Khatarnak Jasoos,2026,Hindi,post_covid,4.350000023841858,ok,True,"Action, Comedy, Romantic",Action,A,A,True,121.0,16 Jan 2026,False,Vir Das; Imran Khan; Aamir Khan; Mithila Palkar; Mona Singh,Kavi Shastri,Aamir Khan Productions,1,4.090558089218297,7,1.5321,2.0019,0,Friday,1,6.333,18.0,Rs7.36 Cr,Rs6.21 Cr,Rs0.0 Cr,,,Happy_Patel_Khatarnak_Jasoos_2026,Happy Patel: Khatarnak Jasoos,1282440.0
Hasee Toh Phasee,2014,Hindi,pre_covid,18.5,ok,True,"Comedy, Drama, Romantic",Comedy,UA,UA,True,141.0,07 Feb 2014,False,,,,0,2.7549702705122776,42,2.1181,1.4522,0,Friday,2,6.6,120.0,Rs63.4 Cr,Rs37.36 Cr,Rs11.5 Cr,Rs25.0 Cr,25.0,Hasee_Toh_Phasee_2014,Hasee Toh Phasee,251626.0
Hate Story 2,2014,Hindi,pre_covid,15.740000247955322,ok,True,Thriller,Thriller,A,A,True,130.0,18 Jul 2014,False,,,,0,2.753145611284852,57,0.896,1.7363,1,Friday,7,4.338,34.0,Rs36.4 Cr,Rs26.96 Cr,Rs0.0 Cr,Rs15.0 Cr,15.0,Hate_Story_2_2014,Hate Story 2,282346.0
Hate Story 3,2015,Hindi,pre_covid,26.85999965667725,ok,True,Thriller,Thriller,A,A,True,121.0,04 Dec 2015,False,,,,0,2.765658473336784,108,1.217,1.5401,1,Friday,12,4.79,31.0,Rs75.1 Cr,Rs51.73 Cr,Rs5.28 Cr,Rs20.0 Cr,20.0,Hate_Story_3_2015,Hate Story 3,361131.0
Haunted 3D: Echoes of the Past,2026,Hindi,post_covid,9.299999952316284,ok,True,"Horror, Suspense, Thriller",Horror,,,False,,12 Jun 2026,False,Mahakshay Chakraborty; Praneet Bhatt; Shruti Prakash; Chetna Pande,Vikram Bhatt,,0,,0,0.7615,3.7233,0,Friday,6,10.0,2.0,Rs21.86 Cr,Rs18.49 Cr,Rs0.0 Cr,,,Haunted_3D_Echoes_of_the_Past_2026,Haunted 3D: Echoes of the Past,1486860.0
Hero,2015,Hindi,pre_covid,21.15000009536743,ok,True,,,,,False,145.0,11 Sep 2015,False,,,,0,2.737998716942914,99,3.8929,46.2,0,Friday,9,7.725,16922.0,Rs49.0 Cr,Rs33.47 Cr,Rs3.81 Cr,Rs32.0 Cr,32.0,Hero_2015,Hero (2015 Hindi film),177572.0
Heropanti,2014,Hindi,pre_covid,21.300000190734863,ok,True,Action,Action,UA,UA,True,146.0,23 May 2014,False,Prakash Raj; Tiger Shroff; Kriti Sanon; Sandeepa Dhar,Sabbir Khan,Nadiadwala Grandson Entertainment,1,,0,2.5011,1.3135,0,Friday,5,5.688,72.0,Rs75.9 Cr,Rs52.7 Cr,Rs4.76 Cr,Rs25.0 Cr,25.0,Heropanti_2014,Heropanti,271200.0
Highway,2014,Hindi,pre_covid,13.990000247955322,ok,True,Drama,Drama,,,False,133.0,21 Feb 2014,False,,,,0,2.783733444476356,44,5.2691,1.7182,0,Friday,2,8.667,3.0,Rs52.44 Cr,Rs30.65 Cr,Rs11.07 Cr,Rs25.0 Cr,25.0,Highway_2014,Highway (2014 Hindi film),1455945.0
Himmatwala,2013,Hindi,pre_covid,31.15000057220459,ok,True,"Action, Comedy",Action,UA,UA,True,150.0,29 Mar 2013,True,,,,0,2.344747248105005,12,4.9139,0.1241,0,Friday,3,2.871,58.0,Rs65.8 Cr,Rs47.45 Cr,Rs1.75 Cr,Rs68.0 Cr,68.0,Himmatwala_2013,Himmatwala (2013 film),180680.0
Holiday,2014,Hindi,pre_covid,41.35000038146973,ok,True,"Action, Thriller",Action,,,False,161.0,06 Jun 2014,False,Gireesh Sahedev; Govinda; Akshay Kumar; Freddy Daruwala; Sonakshi Sinha,,,1,,0,3.9513,8.1602,0,Friday,6,5.092,503.0,Rs178.4 Cr,Rs112.53 Cr,Rs24.97 Cr,Rs50.0 Cr,50.0,Holiday_2014,Holiday: A Soldier Is Never Off Duty,134375.0
Housefull 3,2016,Hindi,pre_covid,53.22999954223633,ok,True,Comedy,Comedy,UA,UA,True,134.0,03 Jun 2016,False,Abhishek Bachchan; Chunky Pandey; Akshay Kumar; Boman Irani; Riteish Deshmukh; Jackie Shroff; Nargis Fakhri; Jacqueline Fernandez; Lisa Haydon,Sajid-Farhad,,1,4.621141942733327,1,2.5295,1.5737,1,Friday,6,5.073,116.0,Rs185.7 Cr,Rs110.2 Cr,Rs31.5 Cr,Rs85.0 Cr,85.0,Housefull_3_2016,Housefull 3,391779.0
Humpty Sharma Ki Dulhania,2014,Hindi,pre_covid,32.730000495910645,ok,True,Romantic,Romantic,UA,UA,True,135.0,11 Jul 2014,False,,,,0,2.7394805746332263,56,5.2232,1.5913,0,Friday,7,6.435,124.0,Rs119.6 Cr,Rs76.81 Cr,Rs12.9 Cr,Rs33.0 Cr,33.0,Humpty_Sharma_Ki_Dulhania_2014,Humpty Sharma Ki Dulhania,276928.0
Humshakals,2014,Hindi,pre_covid,39.99999904632568,ok,True,"Comedy, Romantic",Comedy,UA,UA,True,158.0,20 Jun 2014,False,,,,0,2.7324334973823166,54,4.9139,1.0442,0,Friday,6,3.169,62.0,Rs103.4 Cr,Rs63.57 Cr,Rs17.58 Cr,Rs64.0 Cr,64.0,Humshakals_2014,Humshakals,273505.0
Hunterrr,2015,Hindi,pre_covid,5.899999976158142,ok,True,Comedy,Comedy,A,A,True,141.0,20 Mar 2015,False,,,,0,2.781356469036227,80,1.7065,1.0762,0,Friday,3,6.039,38.0,Rs18.22 Cr,Rs13.42 Cr,Rs0.0 Cr,Rs9.0 Cr,9.0,Hunterrr_2015,Hunterrr,325892.0
Ikkis,2026,Hindi,post_covid,13.150000095367432,ok,True,"Action, Drama, War",Action,UA,U/A 13+,True,147.0,01 Jan 2026,False,Dharmendra; Sikandar Kher; Agastya Nanda; Jaideep Ahlawat; Simar Bhatia,Sriram Raghavan,Maddock Films,1,3.1654750481410856,5,1.9541,2.5356,0,Thursday,1,6.37,23.0,Rs41.65 Cr,Rs31.85 Cr,Rs3.5 Cr,,,Ikkis_2025,Ikkis,1196946.0
Indoo Ki Jawani,2020,Hindi,during_covid,1.1500000059604645,ok,True,"Comedy, Drama",Comedy,UA,UA,True,115.0,11 Dec 2020,False,Aditya Seal; Kiara Advani,Abir Sengupta,T-Series,1,4.231902700198907,2,2.6444,0.8112,0,Friday,12,3.8,10.0,Rs2.4 Cr,Rs1.59 Cr,Rs0.5 Cr,,,Indoo_Ki_Jawani_2020,Indoo Ki Jawani,693838.0
Jai Gangaajal,2016,Hindi,pre_covid,17.65000009536743,ok,True,"Crime, Drama",Crime,U,U,True,149.0,04 Mar 2016,False,,,,0,2.772810123110478,119,4.3797,1.001,0,Friday,3,5.4,15.0,Rs49.6 Cr,Rs32.77 Cr,Rs5.36 Cr,Rs33.0 Cr,33.0,Jai_Gangaajal,Jai Gangaajal,375199.0
Jai Ho,2014,Hindi,pre_covid,57.720001220703125,ok,True,"Action, Drama",Action,,,False,142.0,24 Jan 2014,False,Pulkit Samrat; Aditya Pancholi; Mahesh Manjrekar; Salman Khan; Danny Denzongpa; Vatsal Sheth; Sunil Shetty; Tabu; Daisy Shah; Sana Khan,Sohail Khan,,1,3.957951926386181,1,2.3703,2.8634,0,Friday,1,6.0,3.0,Rs186.37 Cr,Rs117.2 Cr,Rs36.35 Cr,Rs65.0 Cr,65.0,Jai_Ho_2014,Jai Ho (film),354167.0
Jai Mummy Di,2020,Hindi,during_covid,1.5000000298023224,ok,True,"Drama, Romantic",Drama,UA,UA,True,103.0,17 Jan 2020,False,Sunny Singh; Poonam Dhillon; Sonnalli Seygall; Supriya Pathak,Navjot Gulati,T-Series,1,3.316728248557596,1,0.997,0.9955,0,Friday,1,4.9,20.0,Rs3.0 Cr,Rs2.25 Cr,Rs0.4 Cr,Rs20.0 Cr,20.0,Jai_Mummy_Di_2019,Jai Mummy Di,655459.0
Jawaani Jaaneman,2020,Hindi,during_covid,12.830000162124634,ok,True,Romantic,Romantic,UA,UA,True,115.0,31 Jan 2020,False,Saif Ali Khan; Alaya Furniturewala; Tabu,Nitin Kakkar,Zee Studio,1,3.2002517245279862,4,2.8128,1.2015,0,Friday,1,5.938,40.0,Rs42.0 Cr,Rs27.15 Cr,Rs9.5 Cr,Rs40.0 Cr,40.0,Jawaani_Jaaneman_2020,Jawaani Jaaneman,607297.0
Jayantabhai Ki Luv Story,2013,Hindi,pre_covid,1.75,ok,True,"Comedy, Crime, Romantic",Comedy,UA,UA,True,,14 Feb 2013,False,,,,0,2.4506860882050963,5,1.7361,1.0568,0,Thursday,2,4.6,14.0,Rs5.53 Cr,Rs3.7 Cr,Rs0.53 Cr,Rs13.0 Cr,13.0,Jayantabhai_Ki_Luv_Story_2013,Jayantabhai Ki Luv Story,189542.0
Jazbaa,2015,Hindi,pre_covid,15.25,ok,True,"Crime, Thriller",Crime,,,False,123.0,09 Oct 2015,False,,,,0,2.749964529768407,104,2.5696,1.054,0,Friday,10,6.8,34.0,Rs42.95 Cr,Rs25.28 Cr,Rs8.82 Cr,Rs28.0 Cr,28.0,Jazbaa_2015,Jazbaa,360826.0
Jolly LLB,2013,Hindi,pre_covid,12.34999966621399,ok,True,"Black Comedy, Comedy",Black Comedy,UA,UA,True,128.0,15 Mar 2013,False,,,,0,2.383888599598248,10,1.6491,1.0977,0,Friday,3,7.097,150.0,Rs46.0 Cr,Rs32.43 Cr,Rs2.22 Cr,Rs12.0 Cr,12.0,Jolly_LLB_2013,Jolly LLB,177358.0
Kaamyaab,2020,Hindi,during_covid,1.0000000149011612,ok,True,Drama,Drama,,,False,120.0,06 Mar 2020,False,Sanjay Mishra; Deepak Dobriyal,Hardik Mehta,Red Chillies Entertainment,1,4.08465417139299,3,1.3902,1.0389,0,Friday,3,6.632,19.0,Rs2.0 Cr,Rs1.6 Cr,Rs0.1 Cr,Rs7.0 Cr,7.0,Kaamyaab_2020,Kaamyaab,598859.0
Kaanchi...,2014,Hindi,pre_covid,2.319999992847442,ok,True,Romantic,Romantic,,,False,140.0,25 Apr 2014,False,,,,0,2.7773062051869846,52,2.1288,1.274,0,Friday,4,5.2,5.0,Rs5.13 Cr,Rs3.78 Cr,Rs0.0 Cr,Rs20.0 Cr,20.0,Kaanchi..._2014,Kaanchi (2014 film),266310.0
Kahaani 2,2016,Hindi,pre_covid,16.950000286102295,ok,True,Thriller,Thriller,UA,UA,True,128.0,02 Dec 2016,False,,,,0,2.769759425721316,148,2.6359,1.0911,1,Friday,12,6.573,62.0,Rs55.9 Cr,Rs33.03 Cr,Rs11.3 Cr,Rs25.0 Cr,25.0,Kahaani_2_2016,Kahaani 2: Durga Rani Singh,413547.0
Kai Po Che!,2013,Hindi,pre_covid,17.869999885559082,ok,True,Drama,Drama,U,U,True,126.0,22 Feb 2013,False,,,,0,2.2762353556930863,7,1.4857,1.2315,0,Friday,2,7.077,155.0,Rs74.0 Cr,Rs49.25 Cr,Rs7.51 Cr,Rs30.0 Cr,30.0,Kai_Po_Che!_2013,Kai Po Che!,168245.0
Kapoor & Sons,2016,Hindi,pre_covid,26.200000286102295,ok,True,"Comedy, Drama",Comedy,UA,UA,True,,18 Mar 2016,False,,,,0,2.767800161853197,121,5.2232,1.2816,0,Friday,3,7.055,208.0,Rs143.4 Cr,Rs73.22 Cr,Rs44.54 Cr,Rs35.0 Cr,35.0,Kapoor_Sons,Anil Kapoor,374173.0
Katti Batti,2015,Hindi,pre_covid,16.25,ok,True,"Drama, Romantic",Drama,UA,UA,True,135.0,18 Sep 2015,False,,,,0,2.741597104781452,100,1.0556,0.8123,0,Friday,9,5.421,19.0,Rs42.7 Cr,Rs24.57 Cr,Rs9.53 Cr,Rs30.0 Cr,30.0,Katti_Batti_2015,Katti Batti,330636.0
Khamoshiyan: Silences Have Secrets,2015,Hindi,pre_covid,6.700000047683716,ok,True,Romantic,Romantic,A,A,True,122.0,30 Jan 2015,False,,,,0,2.798466301008221,74,1.9646,1.2434,0,Friday,1,4.7,19.0,Rs19.5 Cr,Rs13.78 Cr,Rs0.9 Cr,Rs11.0 Cr,11.0,Khamoshiyan:_Silences_Have_Secrets_2015,Khamoshiyan,323030.0
Khoobsurat,2014,Hindi,pre_covid,11.450000047683716,ok,True,"Comedy, Drama",Comedy,UA,UA,True,127.0,19 Sep 2014,False,,,,0,2.7814369446608755,64,2.0493,1.5164,0,Friday,9,6.6,131.0,Rs53.1 Cr,Rs24.49 Cr,Rs20.04 Cr,Rs18.0 Cr,18.0,Khoobsurat_2014,Khoobsurat (2014 film),291157.0
Ki & Ka,2016,Hindi,pre_covid,25.220000743865967,ok,True,"Drama, Romantic",Drama,UA,UA,True,,01 Apr 2016,False,,,,0,2.769737197069905,123,2.6411,1.3383,0,Friday,4,5.5,64.0,Rs99.25 Cr,Rs52.24 Cr,Rs28.73 Cr,Rs30.0 Cr,30.0,Ki_Ka_2016,KI,390437.0
Kick,2014,Hindi,pre_covid,83.72999954223633,ok,True,Action,Action,UA,U/A,True,146.0,25 Jul 2014,False,Salman Khan; Nawazuddin Siddiqui; Saurabh Shukla; Mithun Chakraborty; Sanjay Mishra; Randeep Hooda; Jacqueline Fernandez; Archana Puran Singh,Sajid Nadiadwala,UTV Motion Pictures,1,,0,6.7529,11.8914,0,Friday,7,6.405,6720.0,Rs378.0 Cr,Rs231.85 Cr,Rs68.0 Cr,Rs100.0 Cr,100.0,Kick_2014,Kick (2014 film),59859.0
Kill Dil,2014,Hindi,pre_covid,20.15000009536743,ok,True,"Action, Comedy, Romantic",Action,UA,UA,True,127.0,14 Nov 2014,False,,,,0,2.7804678136145045,67,3.1385,1.4821,0,Friday,11,5.109,46.0,Rs58.6 Cr,Rs33.12 Cr,Rs13.89 Cr,Rs40.0 Cr,40.0,Kill_Dil_2014,Kill Dil,296690.0
Kis Kisko Pyaar Karoon,2015,Hindi,pre_covid,28.800000190734863,ok,True,Romantic,Romantic,UA,UA,True,133.0,25 Sep 2015,False,,,,0,2.7426487388279464,101,1.0597,1.7805,0,Friday,9,5.514,35.0,Rs72.25 Cr,Rs49.98 Cr,Rs4.78 Cr,Rs18.0 Cr,18.0,Kis_Kisko_Pyaar_Karoon_2015,Kis Kisko Pyaar Karoon,358985.0
Krishnavataram Part 1: The Heart,2026,Hindi,post_covid,6.520000100135803,ok,True,"Adventure, Devotional, Drama, Romantic",Adventure,U,U,True,150.0,07 May 2026,False,Siddharth Gupta; Sanskruti Jayana; Sushmitha Bhat; Nivaashiyni Krishnan,Hardik Gajjar,,0,,0,0.9517,3.7935,1,Thursday,5,8.857,7.0,Rs45.79 Cr,Rs36.11 Cr,Rs0.0 Cr,,132.8,Krishnavataram_Part_1_The_Heart_2026,Krishnavataram Part 1: The Heart (Hridayam),1673393.0
Krrish 3,2013,Hindi,pre_covid,68.10000038146973,ok,True,Sci-Fi,Sci-Fi,UA,U/A,True,152.0,01 Nov 2013,True,Hrithik Roshan; Vivek Oberoi; Kangana Ranaut; Priyanka Chopra,Rakesh Roshan,,1,3.71795270901042,1,4.3797,2.6639,1,Friday,11,5.621,214.0,Rs374.0 Cr,Rs231.79 Cr,Rs61.0 Cr,Rs94.0 Cr,94.0,Krrish_3_2013,Krrish 3,204435.0
Kuch Kuch Locha Hai,2015,Hindi,pre_covid,2.300000011920929,ok,True,Comedy,Comedy,,,False,144.0,08 May 2015,False,,,,0,2.7714967878131627,85,0.884,1.1869,0,Friday,5,4.0,10.0,Rs4.18 Cr,Rs3.1 Cr,Rs0.0 Cr,Rs13.0 Cr,13.0,Kuch_Kuch_Locha_Hai_2015,Kuch Kuch Locha Hai,339169.0
Kyaa Kool Hain Hum 3,2016,Hindi,pre_covid,17.199999809265137,ok,True,Comedy,Comedy,A,A,True,137.0,22 Jan 2016,False,,,,0,2.7562447509603816,111,1.2667,0.9179,1,Friday,1,2.788,33.0,Rs38.0 Cr,Rs28.01 Cr,Rs1.27 Cr,Rs25.0 Cr,25.0,Kyaa_Kool_Hain_Hum_3_2016,Kyaa Super Kool Hain Hum,376884.0
Lootera,2013,Hindi,pre_covid,19.0,ok,True,Romantic,Romantic,,,False,135.0,05 Jul 2013,False,,,,0,2.6383376780396737,25,3.1385,1.0878,0,Friday,7,6.968,95.0,Rs46.3 Cr,Rs29.0 Cr,Rs7.15 Cr,Rs30.0 Cr,30.0,Lootera_2013,Lootera,205017.0
Love Aaj Kal,2020,Hindi,during_covid,28.510000228881836,ok,True,Romantic,Romantic,UA,UA,True,141.0,14 Feb 2020,False,Kartik Aaryan; Randeep Hooda; Sara Ali Khan; Arushi Sharma,Imtiaz Ali,Window Seat Films,1,4.4914531836375104,2,1.4486,1.1255,0,Friday,2,5.608,51.0,Rs56.9 Cr,Rs39.76 Cr,Rs10.0 Cr,Rs60.0 Cr,60.0,Love_Aaj_Kal_2020,Love Aaj Kal (2020 film),590403.0
M.S. Dhoni: The Untold Story,2016,Hindi,pre_covid,66.0,ok,True,Sports,Sports,U,U,True,190.0,30 Sep 2016,False,Rajesh Sharma; Kumud Mishra; Sushant Singh Rajput; Anupam Kher; Kiara Advani; Disha Patani,Neeraj Pandey,,1,,0,2.6444,2.2792,0,Friday,9,7.291,214.0,Rs215.5 Cr,Rs133.09 Cr,Rs30.82 Cr,Rs104.0 Cr,104.0,M.S._Dhoni:_The_Untold_Story_2016,M.S. Dhoni: The Untold Story,388333.0
Madaari,2016,Hindi,pre_covid,9.899999856948853,ok,True,Thriller,Thriller,UA,UA,True,,22 Jul 2016,False,,,,0,2.7704784190438416,132,2.5376,1.4263,0,Friday,7,7.388,94.0,Rs28.8 Cr,Rs18.33 Cr,Rs4.05 Cr,Rs20.0 Cr,20.0,Madaari_2016,Madaari (2016 film),397365.0
Madras Cafe,2013,Hindi,pre_covid,21.769999742507935,ok,True,Thriller,Thriller,UA,UA,True,120.0,23 Aug 2013,False,,,,0,2.6808428394759956,29,2.4194,1.6176,0,Friday,8,6.691,131.0,Rs66.71 Cr,Rs42.47 Cr,Rs9.38 Cr,Rs34.0 Cr,34.0,Madras_Cafe_2013,Madras Cafe,215776.0
Main Tera Hero,2014,Hindi,pre_covid,22.74999952316284,ok,True,"Action, Comedy, Romantic",Action,UA,UA,True,128.0,04 Apr 2014,False,,,,0,2.7661896272259323,50,2.6412,1.5493,0,Friday,4,5.646,198.0,Rs77.25 Cr,Rs50.91 Cr,Rs8.55 Cr,Rs40.0 Cr,40.0,Main_Tera_Hero_2014,Main Tera Hero,262903.0
Main Vaapas Aaunga,2026,Hindi,post_covid,5.5,ok,True,"Drama, Period, Romantic",Drama,UA,U/A 16+,True,167.0,12 Jun 2026,False,Diljit Dosanjh; Naseeruddin Shah; Vedang Raina; Sharvari Wagh,Imtiaz Ali,,1,2.8604851241459652,8,1.8553,4.5675,0,Friday,6,7.16,25.0,Rs99.39 Cr,Rs65.16 Cr,Rs21.98 Cr,,60.59,Main_Vaapas_Aaunga_2026,Main Vaapas Aaunga,1431068.0
Malang,2020,Hindi,during_covid,25.36000061035156,ok,True,"Action, Drama, Romantic, Thriller",Action,A,A,True,135.0,07 Feb 2020,False,Anil Kapoor; Kunal Khemu; Aditya Roy Kapur; Disha Patani,Mohit Suri,T-Series,1,3.83532568805268,6,3.7535,1.3627,0,Friday,2,7.0,67.0,Rs80.0 Cr,Rs59.84 Cr,Rs10.0 Cr,Rs50.0 Cr,50.0,Malang_2020,Malang (film),661043.0
Manjhi - The Mountain Man,2015,Hindi,pre_covid,6.25,ok,True,"Biography, Drama",Biography,U,U,True,117.0,21 Aug 2015,False,,,,0,2.729380734943499,95,1.7065,1.5611,0,Friday,8,7.373,83.0,Rs16.79 Cr,Rs12.44 Cr,Rs0.0 Cr,Rs8.0 Cr,8.0,Manjhi_-_The_Mountain_Man,Manjhi – The Mountain Man,353898.0
Mardaani,2014,Hindi,pre_covid,14.380000114440918,ok,True,"Crime, Thriller",Crime,A,A,True,113.0,22 Aug 2014,False,,,,0,2.7690976442797415,59,1.9825,2.0305,0,Friday,8,6.687,126.0,Rs59.3 Cr,Rs35.65 Cr,Rs11.19 Cr,Rs20.0 Cr,20.0,Mardaani_2014,Mardaani,287767.0
Mardaani 3,2026,Hindi,post_covid,17.5,ok,True,"Action, Thriller",Action,UA,U/A 16+,True,129.0,30 Jan 2026,False,Mallika Prasad; Rani Mukerji; Janki Bodiwala,Abhiraj Minawala,Yash Raj Films,1,2.6371403876438815,3,1.9825,6.613,1,Friday,1,7.6,44.0,Rs76.27 Cr,Rs51.82 Cr,Rs14.6 Cr,,,Mardaani_3_2026,Mardaani 3,1339876.0
Mary Kom,2014,Hindi,pre_covid,30.350000381469727,ok,True,Sports,Sports,U,U,True,122.0,05 Sep 2014,False,,,,0,2.7708286537216456,61,4.3797,1.347,0,Friday,9,7.033,106.0,Rs91.33 Cr,Rs56.3 Cr,Rs15.28 Cr,Rs30.0 Cr,30.0,Mary_Kom_2014,Mary Kom (film),284288.0
Masaan,2015,Hindi,pre_covid,0.8500000089406967,ok,True,Drama,Drama,A,A,True,109.0,24 Jul 2015,False,,,,0,2.7518207081758463,92,1.651,2.3936,0,Friday,7,7.1,216.0,Rs4.63 Cr,Rs3.43 Cr,Rs0.0 Cr,Rs7.0 Cr,7.0,Masaan_2015,Masaan,336203.0
Mastizaade,2016,Hindi,pre_covid,18.5,ok,True,"Comedy, Psychological",Comedy,A,A,True,107.0,29 Jan 2016,False,,,,0,2.7668840353801514,113,1.5321,1.16,0,Friday,1,2.8,30.0,Rs51.0 Cr,Rs36.16 Cr,Rs2.26 Cr,Rs30.0 Cr,30.0,Mastizaade_2016,Mastizaade,363185.0
Matru Ki Bijlee Ka Mandola,2013,Hindi,pre_covid,22.350000381469727,ok,True,"Black Comedy, Comedy",Black Comedy,UA,UA,True,151.0,11 Jan 2013,False,,,,0,1.9286186165983112,1,1.5151,0.9466,0,Friday,1,5.656,45.0,Rs62.56 Cr,Rs40.5 Cr,Rs7.88 Cr,Rs43.0 Cr,43.0,Matru_Ki_Bijlee_Ka_Mandola_2013,Matru Ki Bijlee Ka Mandola,139521.0
Mere Dad Ki Maruti,2013,Hindi,pre_covid,4.509999990463257,ok,True,Comedy,Comedy,,PG,False,101.0,15 Mar 2013,False,,,,0,2.383888599598248,10,0.884,0.8734,0,Friday,3,6.05,30.0,Rs17.3 Cr,Rs12.25 Cr,Rs0.76 Cr,Rs10.0 Cr,10.0,Mere_Dad_Ki_Maruti_2013,Mere Dad Ki Maruti,179711.0
Mirzapur The Movie,2026,Hindi,post_covid,93.0,ok,True,"Action, Crime, Drama, Thriller",Action,A,A,True,197.0,04 Sep 2026,False,Rajesh Tailang; Ali Fazal; Jitendra Kumar; Pankaj Tripathi; Divyendu Sharma; Ravi Kishan; Abhishek Banerjee; Rasika Dugal; Sonal Chauhan; Shweta Tripathi; +2 more,Gurmmeet Singh,Excel Entertainment,1,3.121539117508154,3,1.9951,12.5496,0,Friday,9,6.9,18.0,Rs308.84 Cr,Rs214.65 Cr,Rs52.0 Cr,,72.7615848,Mirzapur_The_Movie_2026,Mirzapur (film),1378537.0
Mirzya,2016,Hindi,pre_covid,6.5,ok,True,"Fantasy, Romantic, Thriller",Fantasy,UA,UA,True,,07 Oct 2016,False,,,,0,2.782188094501865,143,2.1611,0.8658,0,Friday,10,6.2,19.0,Rs15.0 Cr,Rs10.49 Cr,Rs0.84 Cr,Rs45.0 Cr,45.0,Mirzya_2016,Mirzya (film),403540.0
Mohenjo Daro,2016,Hindi,pre_covid,30.550000190734863,ok,True,"Adventure, Romantic",Adventure,UA,U/A,True,169.0,12 Aug 2016,False,,,,0,2.774163328619679,134,2.8228,1.8905,0,Friday,8,6.1,96.0,Rs107.9 Cr,Rs58.23 Cr,Rs29.29 Cr,Rs120.0 Cr,120.0,Mohenjo_Daro_2016,Mohenjo Daro (film),402672.0
Mr. X,2015,Hindi,pre_covid,5.599999904632568,ok,True,Thriller,Thriller,,,False,133.0,17 Apr 2015,False,,,,0,2.770976867838816,83,1.7427,1.1036,0,Friday,4,4.917,24.0,Rs37.0 Cr,Rs24.55 Cr,Rs3.86 Cr,Rs35.0 Cr,35.0,Mr._X_2015,Mr. X (2015 film),329909.0
Mumbai Saga,2021,Hindi,during_covid,8.700000047683716,ok,True,Crime,Crime,A,A,True,125.0,19 Mar 2021,False,John Abraham; Sunil Shetty; Gulshan Grover; Emraan Hashmi; Prateik Babbar; Jackie Shroff; Kajal Aggarwal,Sanjay Gupta (director),White Feather Films,1,3.881563778280049,5,2.4194,1.6271,0,Friday,3,5.667,27.0,Rs22.0 Cr,Rs16.5 Cr,Rs2.8 Cr,Rs40.0 Cr,40.0,Mumbai_Saga_2020,Mumbai Saga,608746.0
Murder 3,2013,Hindi,pre_covid,13.420000076293944,ok,True,Thriller,Thriller,UA,UA,True,123.0,15 Feb 2013,False,,,,0,2.2108385587839936,6,2.0493,1.3031,1,Friday,2,3.7,30.0,Rs33.1 Cr,Rs22.53 Cr,Rs2.68 Cr,Rs15.0 Cr,15.0,Murder_3_2013,Murder 3,168114.0
NH10,2015,Hindi,pre_covid,13.399999856948853,ok,True,Thriller,Thriller,A,A,True,115.0,13 Mar 2015,False,,,,0,2.7828011307120293,79,1.2532,1.6225,0,Friday,3,6.9,92.0,Rs43.9 Cr,Rs32.18 Cr,Rs0.46 Cr,Rs15.0 Cr,15.0,NH10_2015,NH10 (film),330431.0
Nautanki Saala,2013,Hindi,pre_covid,13.199999809265137,ok,True,"Comedy, Drama, Romantic",Comedy,U,U,True,,12 Apr 2013,False,,,,0,2.470571290843116,14,1.235,0.9976,0,Friday,4,5.115,26.0,Rs32.63 Cr,Rs21.52 Cr,Rs3.58 Cr,Rs15.0 Cr,15.0,Nautanki_Saala_2013,Nautanki Saala!,184793.0
Neerja,2016,Hindi,pre_covid,21.94999933242798,ok,True,"Biopic, Drama",Biopic,UA,UA,True,121.0,19 Feb 2016,False,,,,0,2.7697549723960035,118,1.5151,1.7496,0,Friday,2,7.3,245.0,Rs120.35 Cr,Rs75.52 Cr,Rs18.4 Cr,Rs25.0 Cr,25.0,Neerja,Neerja,376869.0
O Romeo,2026,Hindi,post_covid,30.149999618530273,ok,True,"Action, Comedy, Thriller",Action,A,A,True,178.0,13 Feb 2026,False,Shahid Kapoor; Vikrant Massey; Avinash Tiwary; Nana Patekar; Tripti Dimri; Disha Patani; Tamannaah,Vishal Bhardwaj,Nadiadwala Grandson Entertainment,1,3.4770682741006254,6,1.5961,2.273,0,Friday,2,5.647,17.0,Rs110.81 Cr,Rs72.99 Cr,Rs24.75 Cr,,149.4,O_Romeo_2026,O'Romeo,1275574.0
Ohh My Dog,2026,Hindi,post_covid,3.200000047683716,ok,True,"Adventure, Drama",Adventure,UA,U/A,True,150.0,07 Aug 2026,False,Pankaj Tripathi; Shreedhar Dubey; Jitendra Joshi; Rajesh Kumar; Geeta Agrawal Sharma,Amit Rai,Thinking Hats Entertainment Solutions,1,2.954783156291055,10,1.2326,2.1677,0,Friday,8,0.0,0.0,Rs5.88 Cr,Rs4.98 Cr,Rs0.0 Cr,,,Ohh_My_Dog_2026,Ohh My Dog,1727563.0
Once Upon Ay Time In Mumbai Dobaara!,2013,Hindi,pre_covid,28.699999809265137,ok,True,,,,,False,152.0,15 Aug 2013,True,,,,0,2.655474832336331,28,,,0,Thursday,8,,,Rs91.7 Cr,Rs61.09 Cr,Rs9.23 Cr,Rs75.0 Cr,75.0,Once_Upon_Ay_Time_In_Mumbai_Dobaara!_2013,Once Upon ay Time in Mumbai Dobaara!,
PK,2014,Hindi,pre_covid,95.40999794006348,ok,True,Comedy,Comedy,UA,U/A,True,152.0,19 Dec 2014,False,Boman Irani; Parikshit Sahni; Saurabh Shukla; Aamir Khan; Ranbir Kapoor; Sushant Singh Rajput; Sanjay Dutt; Anushka Sharma,Rajkumar Hirani,Vinod Chopra Films,1,4.439469724807757,1,3.612,7.1924,0,Friday,12,7.701,1212.0,Rs792.0 Cr,Rs340.8 Cr,Rs303.0 Cr,Rs85.0 Cr,85.0,PK_2014,PK (film),297222.0
Panga,2020,Hindi,during_covid,14.910000085830688,ok,True,"Drama, Sports",Drama,U,U,True,131.0,24 Jan 2020,False,Jassi Gill; Neena Gupta; Kangana Ranaut; Richa Chaddha,Ashwiny Iyer Tiwari,Fox Star Studios,1,3.6724959845576874,2,1.2244,1.1005,0,Friday,1,6.714,28.0,Rs40.0 Cr,Rs27.34 Cr,Rs8.0 Cr,Rs49.0 Cr,49.0,Panga_2020,Panga (film),656007.0
Pati Patni Aur Woh Do,2026,Hindi,post_covid,17.5,ok,True,"Comedy, Romantic",Comedy,UA,U/A,True,122.0,15 May 2026,False,Ayushmann Khurrana; Rakul Preet Singh; Sara Ali Khan; Wamiqa Gabbi,Mudassar Aziz,T-Series,1,3.805660434200032,12,2.1739,5.1488,0,Friday,5,6.0,20.0,Rs67.96 Cr,Rs51.38 Cr,Rs7.85 Cr,,,Pati_Patni_Aur_Woh_Do_2026,Pati Patni Aur Woh Do,1320660.0
Phantom,2015,Hindi,pre_covid,33.22000026702881,ok,True,"Action, Thriller",Action,,,False,135.0,28 Aug 2015,False,,,,0,2.7173169476109216,97,8.6819,21.1611,0,Friday,8,6.583,16218.0,Rs84.4 Cr,Rs54.24 Cr,Rs11.18 Cr,Rs70.0 Cr,70.0,Phantom_2015,Phantom (2015 film),1893.0
Phata Poster Nikla Hero,2013,Hindi,pre_covid,20.34999990463257,ok,True,"Action, Comedy",Action,U,U,True,,20 Sep 2013,False,,,,0,2.731639542492259,33,1.5647,1.3359,0,Friday,9,5.123,69.0,Rs63.14 Cr,Rs36.37 Cr,Rs14.04 Cr,Rs40.0 Cr,40.0,Phata_Poster_Nikla_Hero_2013,Phata Poster Nikhla Hero,222430.0
Piku,2015,Hindi,pre_covid,25.350000858306885,ok,True,"Comedy, Drama",Comedy,UA,UA,True,122.0,08 May 2015,False,,,,0,2.7714967878131627,85,2.5376,2.1046,0,Friday,5,7.2,226.0,Rs141.3 Cr,Rs79.42 Cr,Rs34.08 Cr,Rs40.0 Cr,40.0,Piku_2015,Piku,332835.0
Pink,2016,Hindi,pre_covid,21.51000070571899,ok,True,"Drama, Thriller",Drama,UA,UA,True,136.0,16 Sep 2016,False,Amitabh Bachchan; Taapsee Pannu,Aniruddha Roy Chowdhury,Rising Sun Films,1,,0,1.9944,2.132,0,Friday,9,7.374,250.0,Rs104.3 Cr,Rs65.42 Cr,Rs15.99 Cr,Rs23.0 Cr,23.0,Pink_2016,Pink (2016 film),415358.0
Prem Ratan Dhan Payo,2015,Hindi,pre_covid,89.41999816894531,ok,True,"Drama, Romantic",Drama,UA,U/A,True,184.0,12 Nov 2015,True,Neil Nitin Mukesh; Deepak Dobriyal; Salman Khan; Anupam Kher; Sonam Kapoor; Swara Bhaskar,Sooraj Barjatya,Rajshri Productions,1,4.54000351995229,2,4.8341,1.7845,0,Thursday,11,5.287,129.0,Rs405.85 Cr,Rs210.16 Cr,Rs95.85 Cr,Rs180.0 Cr,180.0,Prem_Ratan_Dhan_Payo_2015,Prem Ratan Dhan Payo,362136.0
Pyaar Ka Punchnama 2,2015,Hindi,pre_covid,22.90000009536743,ok,True,,,,,False,149.0,16 Oct 2015,False,,,,0,2.750327657187525,105,1.3416,1.3715,1,Friday,10,6.489,88.0,Rs88.2 Cr,Rs64.21 Cr,Rs1.52 Cr,Rs22.0 Cr,22.0,Pyaar_Ka_Punchnama_2_2015,Pyaar Ka Punchnama,363413.0
Queen,2014,Hindi,pre_covid,9.899999737739565,ok,True,"Comedy, Drama",Comedy,,,False,146.0,07 Mar 2014,False,,,,0,2.789029223667163,46,3.3152,5.3028,0,Friday,3,7.193,436.0,Rs93.05 Cr,Rs60.83 Cr,Rs10.93 Cr,Rs20.0 Cr,20.0,Queen_2014,Queen (2013 film),10452.0
R... Rajkumar,2013,Hindi,pre_covid,29.649999618530273,ok,True,Action,Action,UA,UA,True,146.0,06 Dec 2013,False,,,,0,2.737441632262997,39,1.8786,1.4533,0,Friday,12,6.083,108.0,Rs100.2 Cr,Rs65.95 Cr,Rs11.3 Cr,Rs56.0 Cr,56.0,R..._Rajkumar_2013,R... Rajkumar,240614.0
Raanjhanaa,2013,Hindi,pre_covid,19.90000009536743,ok,True,"Drama, Romantic",Drama,U,U,True,146.0,21 Jun 2013,False,,,,0,2.6006133096444204,23,2.3293,1.3992,0,Friday,6,6.617,171.0,Rs93.97 Cr,Rs60.22 Cr,Rs12.67 Cr,Rs30.0 Cr,30.0,Raanjhanaa_2013,Raanjhanaa,191121.0
Raaz Reboot,2016,Hindi,pre_covid,18.09999990463257,ok,True,Thriller,Thriller,UA,UA,True,128.0,16 Sep 2016,False,,,,0,2.7869820391295708,141,1.605,1.1625,0,Friday,9,4.017,30.0,Rs43.0 Cr,Rs30.31 Cr,Rs2.09 Cr,Rs31.0 Cr,31.0,Raaz_Reboot_2016,Raaz: Reboot,363335.0
Race 2,2013,Hindi,pre_covid,51.34999942779541,ok,True,"Action, Thriller",Action,UA,UA,True,150.0,25 Jan 2013,False,Saif Ali Khan; Aditya Pancholi; John Abraham; Anil Kapoor; Deepika Padukone; Ameesha Patel; Jacqueline Fernandez,,,1,,0,3.7535,1.7965,1,Friday,1,5.454,131.0,Rs162.0 Cr,Rs101.45 Cr,Rs30.12 Cr,Rs85.0 Cr,85.0,Race_2_2013,Race 2,44749.0
Ragini MMS 2,2014,Hindi,pre_covid,24.34999990463257,ok,True,,,A,A,True,119.0,21 Mar 2014,False,,,,0,2.756667400714723,49,1.1798,1.6137,1,Friday,3,4.7,40.0,Rs62.54 Cr,Rs46.78 Cr,Rs0.8 Cr,Rs18.0 Cr,18.0,Ragini_MMS_2_2014,Ragini MMS 2,260266.0
Rahu Ketu,2026,Hindi,post_covid,4.399999976158142,ok,True,"Adventure, Comedy, Fantasy",Adventure,UA,U/A 16+,True,139.0,16 Jan 2026,False,Pulkit Samrat; Chunky Pandey; Varun Sharma; Piyush Mishra; Shalini Pandey,Vipul Vig,Zee Studio,1,3.5950410803146546,6,1.2667,1.4328,0,Friday,1,3.75,2.0,Rs7.6 Cr,Rs6.42 Cr,Rs0.0 Cr,,,Rahu_Ketu_2026,Rahu Ketu (2026 film),1457939.0
Raja Natwarlal,2014,Hindi,pre_covid,17.369999885559082,ok,True,"Comedy, Crime",Comedy,U,U,True,140.0,29 Aug 2014,False,,,,0,2.7684971497337187,60,1.605,1.6164,0,Friday,8,6.463,27.0,Rs44.27 Cr,Rs26.6 Cr,Rs8.36 Cr,Rs45.0 Cr,45.0,Raja_Natwarlal_2014,Raja Natwarlal,287859.0
Ramaiya Vastavaiya,2013,Hindi,pre_covid,14.330000162124634,ok,True,"Action, Comedy, Drama, Romantic",Action,U,U,True,148.0,19 Jul 2013,False,,,,0,2.6520836240209937,26,1.2854,1.6427,0,Friday,7,6.292,48.0,Rs50.0 Cr,Rs36.0 Cr,Rs1.4 Cr,Rs38.0 Cr,38.0,Ramaiya_Vastavaiya_2013,Ramaiya Vastavaiya,208036.0
Ramprasad Ki Tehrvi,2021,Hindi,during_covid,0.550000011920929,ok,True,"Comedy, Drama",Comedy,UA,U/A,True,115.0,01 Jan 2021,False,Naseeruddin Shah; Vikrant Massey; Vinay Pathak; Supriya Pathak; Konkona Sen Sharma,Seema Pahwa,Jio Studios,1,2.706736271567241,2,2.286,1.2402,0,Friday,1,6.6,25.0,Rs1.87 Cr,Rs1.57 Cr,Rs0.0 Cr,Rs10.0 Cr,10.0,Ramprasad_Ki_Tehrvi_2021,Ramprasad Ki Tehrvi,643807.0
Return of the Jungle,2026,Hindi,post_covid,0.6600000113248825,ok,True,"Adventure, Animation, Comedy, Drama",Adventure,,,False,,29 May 2026,False,,,,0,1.348683462941115,553,,1.4189,0,Friday,5,0.0,0.0,Rs1.78 Cr,Rs1.52 Cr,Rs0.0 Cr,,,Return_of_the_Jungle_2026,Return of the Jungle,1206167.0
Revolver Rani,2014,Hindi,pre_covid,5.899999976158142,ok,True,"Crime, Drama",Crime,UA,UA,True,133.0,25 Apr 2014,False,,,,0,2.7773062051869846,52,1.5321,0.9469,0,Friday,4,3.625,8.0,Rs13.84 Cr,Rs10.25 Cr,Rs0.0 Cr,Rs22.0 Cr,22.0,Revolver_Rani_2014,Revolver Rani,266550.0
Rock On 2,2016,Hindi,pre_covid,7.0,ok,True,Drama,Drama,UA,U/A,True,143.0,11 Nov 2016,False,,,,0,2.776859725932701,144,2.6359,0.9551,1,Friday,11,4.833,15.0,Rs17.8 Cr,Rs10.56 Cr,Rs3.54 Cr,Rs40.0 Cr,40.0,Rock_On_2_2016,Rock On 2,413588.0
Rocky Handsome,2016,Hindi,pre_covid,10.829999923706056,ok,True,"Action, Thriller",Action,UA,UA,True,126.0,24 Mar 2016,True,,,,0,2.772188824328338,122,2.4194,1.3177,0,Thursday,3,6.288,78.0,Rs35.6 Cr,Rs25.08 Cr,Rs1.74 Cr,Rs40.0 Cr,40.0,Rocky_Handsome,Rocky Handsome,376873.0
Roohi,2021,Hindi,during_covid,8.799999952316284,ok,True,"Comedy, Horror",Comedy,UA,UA,True,134.0,11 Mar 2021,False,Rajkummar Rao; Pankaj Tripathi; Varun Sharma; Ronit Roy; Janhvi Kapoor; Seema Pahwa; Aamna Sharif,Hardik Mehta,Maddock Films,1,2.387265503208174,9,1.6852,1.3097,0,Thursday,3,4.5,41.0,Rs28.7 Cr,Rs21.93 Cr,Rs3.0 Cr,Rs25.0 Cr,25.0,Rooh_Afza_2020,Roohi (2021 film),694103.0
Roy,2015,Hindi,pre_covid,17.52999973297119,ok,True,"Drama, Romantic",Drama,UA,UA,True,140.0,13 Feb 2015,False,,,,0,2.7866379410049387,76,2.6689,1.3293,0,Friday,2,4.621,29.0,Rs56.05 Cr,Rs44.56 Cr,Rs3.47 Cr,Rs50.0 Cr,50.0,Roy_2015,Roy (2015 film),316900.0
Rustom,2016,Hindi,pre_covid,50.41999912261963,ok,True,"Crime, Thriller",Crime,,,False,,12 Aug 2016,False,,,,0,2.774163328619679,134,2.5295,1.5032,0,Friday,8,6.77,148.0,Rs216.35 Cr,Rs127.49 Cr,Rs39.28 Cr,Rs50.0 Cr,50.0,Rustom_2016,Rustom (film),392572.0
Saaho,2019,Hindi,pre_covid,79.08,ok,True,Action,Action,UA,U/A 13+,True,170.0,30 Aug 2019,False,Prabhas; Neil Nitin Mukesh; Vennela Kishore; Arun Vijay; Murali Sharma; Mahesh Manjrekar; Jackie Shroff; Chunky Pandey; Tinnu Anand; Evelyn Sharma; +2 more,Sujeeth,Yash Raj Films,1,4.820281565605037,2,1.8911,2.5148,0,Friday,8,5.7,117.0,Rs451.0 Cr,Rs145.67 Cr,Rs92.0 Cr,Rs350.0 Cr,350.0,Saaho_2019,Saaho,454292.0
Saala Khadoos,2016,Hindi,pre_covid,10.03000020980835,ok,True,"Drama, Sports",Drama,U,U,True,109.0,29 Jan 2016,False,,,,0,2.7668840353801514,113,1.9273,1.3274,0,Friday,1,7.341,66.0,Rs21.0 Cr,Rs14.85 Cr,Rs0.96 Cr,Rs20.0 Cr,20.0,Saala_Khadoos,Irudhi Suttru,357706.0
Sab Kushal Mangal,2020,Hindi,during_covid,0.7500000149011612,ok,True,"Comedy, Romantic",Comedy,,,False,,03 Jan 2020,False,Akshaye Khanna; Priyaank Sharma; Riva Kishan,Karan Vishwanath Kashyap,One Up Entertainment,1,2.59072563497756,3,2.4836,0.7842,0,Friday,1,4.0,1.0,Rs1.4 Cr,Rs1.15 Cr,Rs0.05 Cr,Rs15.0 Cr,15.0,Sab_Kushal_Mangal,Sab Kushal Mangal,659672.0
"Saheb, Biwi Aur Gangster Returns",2013,Hindi,pre_covid,12.619999647140505,ok,True,,,A,A,True,124.0,08 Mar 2013,False,,,,0,2.358594080129841,9,2.5376,1.5553,1,Friday,3,6.87,27.0,Rs29.32 Cr,Rs21.63 Cr,Rs0.12 Cr,Rs19.0 Cr,19.0,"Saheb,_Biwi_Aur_Gangster_Returns_2013","Saheb, Biwi Aur Gangster Returns",172817.0
Saina,2021,Hindi,during_covid,0.75,ok,True,"Biopic, Sports",Biopic,U,U,True,135.0,26 Mar 2021,False,Paresh Rawal; Manav Kaul; Parineeti Chopra,Amole Gupte,T-Series,1,4.005900614354643,4,1.2489,1.1983,0,Friday,3,6.4,9.0,Rs1.5 Cr,Rs1.1 Cr,Rs0.2 Cr,Rs25.0 Cr,25.0,Saina,Saina (film),801831.0
Sairat,2016,Hindi,pre_covid,12.1,ok,True,"Drama, Romantic",Drama,UA,U/A,True,174.0,29 Apr 2016,False,Akash Thosar; Rinku Rajguru,Nagraj Manjule,Zee Studio,1,,0,0.7806,1.4213,0,Friday,4,7.6,74.0,Rs110.0 Cr,Rs80.98 Cr,Rs6.0 Cr,Rs4.0 Cr,4.0,Sairat_2016,Sairat,383367.0
Sanam Re,2016,Hindi,pre_covid,17.119999885559082,ok,True,Romantic,Romantic,A,A,True,153.0,12 Feb 2016,False,,,,0,2.769161141763457,116,1.6022,1.1297,0,Friday,2,5.958,60.0,Rs39.0 Cr,Rs27.65 Cr,Rs1.67 Cr,Rs25.0 Cr,25.0,Sanam_Re,Sanam Teri Kasam (2016 film),382717.0
Sanam Teri Kasam,2016,Hindi,pre_covid,4.559999942779541,ok,True,Romantic,Romantic,UA,UA,True,153.0,05 Feb 2016,False,Manish Chaudhari; Sudesh Berry; Harshvardhan Rane; Murali Sharma; Mawra Hocane,Radhika Rao,,1,,0,1.9806,1.9351,0,Friday,2,7.916,148.0,Rs54.2 Cr,Rs42.28 Cr,Rs2.8 Cr,Rs18.0 Cr,18.0,Sanam_Teri_Kasam_2016,Sanam Teri Kasam (2016 film),381418.0
Sarbjit,2016,Hindi,pre_covid,13.97000002861023,ok,True,Drama,Drama,UA,UA,True,131.0,20 May 2016,False,,,,0,2.7808567675341567,127,2.5696,1.1522,0,Friday,5,7.625,36.0,Rs41.5 Cr,Rs27.21 Cr,Rs4.76 Cr,Rs30.0 Cr,30.0,Sarbjit_2016,Sarbjit (film),393421.0
Satyagraha,2013,Hindi,pre_covid,39.140000343322754,ok,True,Drama,Drama,UA,UA,True,153.0,30 Aug 2013,False,,,,0,2.6956628737857047,30,2.8855,1.0062,0,Friday,8,6.125,40.0,Rs91.05 Cr,Rs63.75 Cr,Rs4.99 Cr,Rs60.0 Cr,60.0,Satyagraha_2013,Satyagraha (film),217446.0
Satyameva Jayate 2,2021,Hindi,during_covid,6.8999998569488525,ok,True,Action,Action,UA,UA,True,138.0,25 Nov 2021,False,Anup Soni; Harsh Chhaya; John Abraham; Sahil Vaid; Gautami Kapoor; Divya Khosla Kumar,Milap Milan Zaveri,T-Series,1,3.228278427370689,6,2.4194,1.2544,1,Thursday,11,5.5,25.0,Rs15.0 Cr,Rs14.16 Cr,Rs2.6 Cr,Rs60.0 Cr,60.0,Satyameva_Jayate_2_2020,Satyameva Jayate 2,695973.0
Shaadi Ke Side Effects,2014,Hindi,pre_covid,21.27999973297119,ok,True,"Comedy, Romantic",Comedy,UA,UA,True,145.0,28 Feb 2014,False,,,,0,2.7820367752359014,45,1.5321,1.0105,0,Friday,2,5.343,35.0,Rs69.7 Cr,Rs37.24 Cr,Rs19.43 Cr,Rs41.0 Cr,41.0,Shaadi_Ke_Side_Effects_2014,Shaadi Ke Side Effects,254418.0
Shaandaar,2015,Hindi,pre_covid,20.399999618530273,ok,True,"Comedy, Romantic",Comedy,UA,UA,True,144.0,22 Oct 2015,False,,,,0,2.7543234195058286,106,5.2232,1.5889,0,Thursday,10,4.313,67.0,Rs73.3 Cr,Rs43.1 Cr,Rs13.35 Cr,Rs69.0 Cr,69.0,Shaandaar_2015,Shaandaar (2015 film),362140.0
Shamitabh,2015,Hindi,pre_covid,13.25,ok,True,,,UA,UA,True,135.0,06 Feb 2015,False,,,,0,2.788369688128809,75,2.3293,1.1461,0,Friday,2,6.008,61.0,Rs37.2 Cr,Rs22.27 Cr,Rs7.14 Cr,Rs40.0 Cr,40.0,Shamitabh_2015,Shamitabh,323426.0
Shatak: Sangh Ke 100 Varsh,2026,Hindi,post_covid,1.1500000059604645,ok,True,"Drama, Historical, Social",Drama,,,False,112.0,20 Feb 2026,False,,Aashish Mall,Panorama Studios,0,1.3559891458971414,547,,,0,Friday,2,,,Rs2.71 Cr,Rs2.31 Cr,Rs0.0 Cr,,,Shatak_Sangh_Ke_100_Varsh_2026,Shatak: Sangh Ke 100 Varsh,
Shikara,2020,Hindi,during_covid,4.950000047683716,ok,True,Drama,Drama,UA,UA,True,120.0,07 Feb 2020,False,Aadil Khan; Sadia,Vidhu Vinod Chopra,Vinod Chopra Films,0,,0,1.0497,1.6783,0,Friday,2,4.2,9.0,Rs11.5 Cr,Rs8.25 Cr,Rs1.5 Cr,Rs25.0 Cr,25.0,Shikara_2020,Shikara (2020 film),661671.0
Shivaay,2016,Hindi,pre_covid,28.5600004196167,ok,True,"Action, Thriller",Action,UA,UA,True,162.0,28 Oct 2016,True,Ajay Devgn,Ajay Devgn,,1,3.775217833328165,2,2.8855,1.3541,0,Friday,10,5.9,67.0,Rs147.29 Cr,Rs100.45 Cr,Rs8.74 Cr,Rs100.0 Cr,100.0,Shivaay_2016,Shivaay,370992.0
Shootout at Wadala,2013,Hindi,pre_covid,30.450000762939453,ok,True,Crime,Crime,A,A,True,150.0,03 May 2013,False,,,,0,2.538497450309201,18,3.7535,0.0717,0,Friday,5,5.5,44.0,Rs83.7 Cr,Rs58.65 Cr,Rs4.52 Cr,Rs45.0 Cr,45.0,Shootout_at_Wadala_2013,Shootout at Wadala,188640.0
Shubh Mangal Zyada Saavdhan,2020,Hindi,during_covid,32.65999984741211,ok,True,"Comedy, Romantic",Comedy,UA,UA,True,117.0,21 Feb 2020,False,Ayushmann Khurrana; Gajraj Rao; Jitu Kumar; Neena Gupta; Maanvi Gagroo,Hitesh Kewalya,T-Series,1,3.2739396360181523,6,1.5081,1.4879,0,Friday,2,6.031,64.0,Rs83.0 Cr,Rs62.05 Cr,Rs10.0 Cr,Rs35.0 Cr,35.0,Shubh_Mangal_Zyada_Saavdhan_2020,Shubh Mangal Zyada Saavdhan,606535.0
Shuddh Desi Romance,2013,Hindi,pre_covid,23.12000036239624,ok,True,"Comedy, Romantic",Comedy,UA,UA,True,141.0,06 Sep 2013,False,,,,0,2.727814824693305,31,1.7906,1.1414,0,Friday,9,5.743,70.0,Rs75.2 Cr,Rs46.45 Cr,Rs12.5 Cr,Rs25.0 Cr,25.0,Shuddh_Desi_Romance_2013,Shuddh Desi Romance,209410.0
Singh Is Bliing,2015,Hindi,pre_covid,54.44000053405762,ok,True,"Action, Comedy",Action,UA,UA,True,139.0,02 Oct 2015,False,,,,0,2.7376797061300935,103,2.5295,1.1561,0,Friday,10,5.27,87.0,Rs146.0 Cr,Rs90.05 Cr,Rs26.0 Cr,Rs76.0 Cr,76.0,Singh_Is_Bliing_2015,Singh Is Bliing,283827.0
Singh Saab The Great,2013,Hindi,pre_covid,18.570000171661377,ok,True,"Action, Drama",Action,,,False,150.0,22 Nov 2013,False,,,,0,2.718770694454564,37,2.2631,1.3696,0,Friday,11,4.795,22.0,Rs38.0 Cr,Rs26.44 Cr,Rs2.31 Cr,Rs35.0 Cr,35.0,Singh_Saab_The_Great_2013,Singh Saab the Great,238408.0
Singham Returns,2014,Hindi,pre_covid,77.73999977111816,ok,True,Action,Action,UA,U/A,True,145.0,15 Aug 2014,True,Ajay Devgn; Kareena Kapoor Khan,Rohit Shetty,Rohit Shetty Productions,1,,0,2.8855,1.607,1,Friday,8,6.091,137.0,Rs216.56 Cr,Rs140.6 Cr,Rs16.56 Cr,Rs105.0 Cr,105.0,Singham_Returns_2014,Singham Returns,285803.0
Sooryavanshi,2021,Hindi,during_covid,77.08000183105469,ok,True,Action,Action,UA,U/A,True,145.0,05 Nov 2021,True,Jackie Shroff; Ajay Devgn; Akshay Kumar; Gulshan Grover; Ranveer Singh; Niharica Raizada; Katrina Kaif,Rohit Shetty,Rohit Shetty Productions,1,3.7496338142513967,13,2.5295,2.4733,0,Friday,11,5.773,183.0,Rs293.0 Cr,Rs195.55 Cr,Rs62.2 Cr,Rs180.0 Cr,180.0,Sooryavanshi_2020,Sooryavanshi,592508.0
Special 26,2013,Hindi,pre_covid,27.049999713897705,ok,True,"Crime, Thriller",Crime,UA,UA,True,144.0,08 Feb 2013,False,,,,0,1.9848947856292256,3,2.6412,1.9513,0,Friday,2,7.317,238.0,Rs103.04 Cr,Rs66.86 Cr,Rs12.78 Cr,Rs45.0 Cr,45.0,Special_26_2013,Special 26,165904.0
Street Dancer 3D,2020,Hindi,during_covid,41.11999988555908,ok,True,Dance,Dance,UA,UA,True,146.0,24 Jan 2020,False,Varun Dhawan; Prabhu Deva; Shraddha Kapoor; Nora Fatehi,Remo D'Souza,T-Series,1,3.8615714611296292,6,1.9154,1.986,0,Friday,1,6.554,46.0,Rs102.0 Cr,Rs73.97 Cr,Rs15.0 Cr,Rs100.0 Cr,100.0,Street_Dancer_2019,Street Dancer 3D,644712.0
Sultan,2016,Hindi,pre_covid,106.49999809265135,ok,True,"Drama, Sports",Drama,UA,U/A,True,170.0,06 Jul 2016,True,Randeep Hooda; Salman Khan; Anushka Sharma,Ali Abbas Zafar,Yash Raj Films,1,4.52815750050683,3,4.8341,2.3484,0,Wednesday,7,6.846,273.0,Rs627.82 Cr,Rs300.45 Cr,Rs206.57 Cr,Rs80.0 Cr,80.0,Sultan_2016,Sultan (2016 film),376812.0
Suraj Pe Mangal Bhari,2020,Hindi,during_covid,1.1500000059604645,ok,True,Comedy,Comedy,UA,UA,True,141.0,15 Nov 2020,True,Manoj Bajpayee; Rohit Roy; Diljit Dosanjh; Fatima Sana Shaikh; Neha Pendse,Abhishek Sharma,Zee Studio,1,3.088688776774614,6,1.509,0.9736,0,Sunday,11,6.5,14.0,Rs4.7 Cr,Rs3.3 Cr,Rs0.9 Cr,Rs25.0 Cr,25.0,Suraj_Pe_Mangal_Bhari_2020,Suraj Pe Mangal Bhari,738567.0
Tanhaji: The Unsung Warrior,2020,Hindi,during_covid,61.380001068115234,ok,True,"Drama, Historical",Drama,UA,UA,True,135.0,10 Jan 2020,False,Sharad Kelkar; Ajay Devgn; Saif Ali Khan; Kajol,Om Raut,T-Series,1,3.984343667007772,5,3.0493,1.583,0,Friday,1,6.399,89.0,Rs361.0 Cr,Rs277.75 Cr,Rs36.0 Cr,Rs150.0 Cr,150.0,Taanaji_2020,Tanhaji,584850.0
Table No. 21,2013,Hindi,pre_covid,5.879999756813049,ok,True,Thriller,Thriller,A,A,True,108.0,04 Jan 2013,False,,,,0,,0,1.0342,2.2087,0,Friday,1,6.417,84.0,Rs17.44 Cr,Rs10.68 Cr,Rs3.02 Cr,Rs8.0 Cr,8.0,Table_No._21_2013,Table No. 21,157129.0
Tadap,2021,Hindi,during_covid,13.519999980926514,ok,True,"Action, Romantic",Action,UA,UA,True,126.0,03 Dec 2021,False,Kumud Mishra; Ahan Shetty; Sumit Gulati; Sikander Kher; Saurabh Shukla; Tara Sutaria,Milan Luthria,Nadiadwala Grandson Entertainment,1,3.7306409374336678,3,1.6491,1.2957,0,Friday,12,6.4,14.0,Rs33.0 Cr,Rs26.81 Cr,Rs2.1 Cr,Rs20.0 Cr,20.0,Tadap_2021,Tadap (2021 film),669696.0
Talvar,2015,Hindi,pre_covid,4.950000047683716,ok,True,Drama,Drama,UA,UA,True,133.0,14 Sep 2015,False,Irrfan Khan; Gajraj Rao; Konkona Sen Sharma,Meghna Gulzar,,1,,0,2.5376,2.1955,0,Monday,9,7.502,203.0,Rs47.2 Cr,Rs30.49 Cr,Rs6.04 Cr,Rs15.0 Cr,15.0,Talvar_2015,Talvar (film),353464.0
Tamasha,2015,Hindi,pre_covid,38.22999954223633,ok,True,"Drama, Romantic",Drama,UA,U/A,True,139.0,27 Nov 2015,False,,,,0,2.7572119006712144,107,2.6689,1.7448,0,Friday,11,6.997,178.0,Rs136.6 Cr,Rs67.3 Cr,Rs49.11 Cr,Rs87.0 Cr,87.0,Tamasha_2015,Tamasha (2015 film),339274.0
Tanu Weds Manu Returns,2015,Hindi,pre_covid,38.05000019073486,ok,True,"Drama, Romantic",Drama,UA,U/A,True,128.0,22 May 2015,False,Jimmy Shergill; Deepak Dobriyal; R. Madhavan; Kangana Ranaut; Swara Bhaskar,Anand L Rai,Eros International,1,,0,1.9273,1.416,1,Friday,5,6.847,176.0,Rs258.0 Cr,Rs150.71 Cr,Rs44.0 Cr,Rs39.0 Cr,39.0,Tanu_Weds_Manu_Returns_2015,Tanu Weds Manu Returns,336211.0
Te3n,2016,Hindi,pre_covid,11.170000314712524,ok,True,Thriller,Thriller,UA,UA,True,136.0,10 Jun 2016,False,,,,0,2.7802723256029735,128,1.9944,1.429,0,Friday,6,6.9,110.0,Rs33.85 Cr,Rs19.11 Cr,Rs8.05 Cr,Rs34.0 Cr,34.0,Te3n_2016,Te3n,377213.0
Teraa Surroor,2016,Hindi,pre_covid,6.489999890327454,ok,True,"Action, Romantic, Thriller",Action,UA,UA,True,106.0,11 Mar 2016,False,,,,0,2.7740854233445855,120,1.5822,2.0812,0,Friday,3,4.833,3.0,Rs20.0 Cr,Rs14.06 Cr,Rs1.02 Cr,Rs15.0 Cr,15.0,Teraa_Surroor_2016,Teraa Surroor,395339.0
Tevar,2015,Hindi,pre_covid,21.71999979019165,ok,True,Action,Action,UA,UA,True,159.0,09 Jan 2015,False,,,,0,2.7911257106709706,70,1.8786,1.0027,0,Friday,1,4.914,35.0,Rs56.6 Cr,Rs39.07 Cr,Rs3.86 Cr,Rs45.0 Cr,45.0,Tevar_2015,Tevar,312809.0
Thappad,2020,Hindi,during_covid,14.660000085830688,ok,True,Drama,Drama,U,U,True,142.0,28 Feb 2020,False,Pavail Gulati; Taapsee Pannu; Tanvi Azmi; Ratna Pathak Shah,Anubhav Sinha,T-Series,1,3.263893269671257,6,1.2751,1.1925,0,Friday,2,7.0,74.0,Rs43.0 Cr,Rs30.53 Cr,Rs7.0 Cr,Rs22.0 Cr,22.0,Thappad_2020,Thappad,668435.0
The Great Grand Superhero,2026,Hindi,post_covid,1.25,ok,True,"Adventure, Family, Fantasy",Adventure,U,U,True,112.0,29 May 2026,False,Prateik Babbar; Sharat Saxena; Sharat Saxena; Jackie Shroff; Saharsh Kumar Shukla; Bhagyashree,Manish Saini,,1,3.5409593240373143,1,1.4047,2.8206,0,Friday,5,8.0,2.0,Rs2.23 Cr,Rs1.91 Cr,Rs0.0 Cr,,,The_Great_Grand_Superhero_2026,The Great Grand Superhero,1653208.0
The India Story,2026,Hindi,post_covid,0.7299999892711639,ok,True,"Drama, Thriller",Drama,UA,U/A 16+,True,130.0,24 Jul 2026,False,Murali Sharma; Manish Wadhwa; Shreyas Talpade; Kajal Aggarwal,Chettan DK,Zee Studio,1,3.4394422522622494,21,1.9806,4.0821,0,Friday,7,0.0,0.0,Rs1.21 Cr,Rs1.08 Cr,₹0.00 Cr,,,The_India_Story_2026,The India Story,1682974.0
The Kerala Story 2: Goes Beyond,2026,Hindi,post_covid,10.150000095367432,ok,True,"Drama, Social",Drama,UA,U/A,True,131.0,27 Feb 2026,False,Sumit Gahlawat; Arjan Singh Aujla; Ulka Gupta; Aditi Bhatia; Aishwarya Ojha,Kamakhya Narayan Singh,Sunshine Pictures,1,,0,,,1,Friday,2,,,Rs62.39 Cr,Rs52.36 Cr,Rs0.0 Cr,,,The_Kerala_Story_2_Goes_Beyond_2026,The Kerala Story 2,
The Lunchbox,2013,Hindi,pre_covid,3.299999952316284,ok,True,Romantic,Romantic,U,U,True,105.0,20 Sep 2013,False,,,,0,2.731639542492259,33,2.5376,4.5089,0,Friday,9,7.4,846.0,Rs100.9 Cr,Rs20.15 Cr,Rs73.83 Cr,Rs22.0 Cr,22.0,The_Lunchbox_2013,The Lunchbox,191714.0
Tu Yaa Main,2026,Hindi,post_covid,2.8500000834465027,ok,True,"Adventure, Romantic, Thriller",Adventure,UA,U/A,True,145.0,13 Feb 2026,False,Adarsh Gourav; Parul Gulati; Shanaya Kapoor,Bejoy Nambiar,Colour Yellow Productions,1,0.9932517730102833,1,1.2643,5.8619,0,Friday,2,6.393,61.0,Rs8.47 Cr,Rs7.31 Cr,Rs0.0 Cr,,,Tu_Yaa_Main_2026,Tu Yaa Main,1446616.0
Tum Bin 2,2016,Hindi,pre_covid,3.099999964237213,ok,True,"Drama, Romantic",Drama,U,U,True,147.0,18 Nov 2016,False,,,,0,2.772049945351647,145,1.2149,1.4211,1,Friday,11,6.5,13.0,Rs6.8 Cr,Rs4.48 Cr,Rs0.75 Cr,Rs15.0 Cr,15.0,Tum_Bin_2_2016,Tum Bin 2,426785.0
Udta Punjab,2016,Hindi,pre_covid,33.80000019073486,ok,True,"Black Comedy, Crime",Black Comedy,A,A,True,147.0,17 Jun 2016,False,,,,0,2.768642457698903,130,5.2232,1.8023,0,Friday,6,7.267,174.0,Rs97.05 Cr,Rs60.33 Cr,Rs13.25 Cr,Rs47.0 Cr,47.0,Udta_Punjab_2016,Udta Punjab,398535.0
Ungli,2014,Hindi,pre_covid,12.800000190734863,ok,True,"Crime, Drama",Crime,UA,UA,True,114.0,28 Nov 2014,False,,,,0,2.784455638561371,68,2.1431,1.1392,0,Friday,11,5.7,29.0,Rs29.95 Cr,Rs19.31 Cr,Rs3.88 Cr,Rs35.0 Cr,35.0,Ungli_2014,Ungli,303904.0
VIBE,2026,Hindi,post_covid,7.450000047683716,ok,True,Action,Action,A,A,True,146.0,18 Sep 2026,False,Kunal Kemmu; Sparsh Shrivastava; Preity Zinta; Vanshika Dhir,Kunal Kemmu,,1,1.589235224579322,1,2.6713,5.4089,0,Friday,9,0.0,0.0,Rs8.94 Cr,Rs7.45 Cr,Rs0.0 Cr,,,VIBE_2026,Vibe (film),1654566.0
Vadh 2,2026,Hindi,post_covid,2.350000023841858,ok,True,"Crime, Drama, Thriller",Crime,UA,U/A,True,131.0,06 Feb 2026,False,Kumud Mishra; Sanjay Mishra; Yogita Bihani; Neena Gupta,Jaspal Singh Sandhu,Luv Films,1,3.5953926110204724,11,1.3902,2.8187,1,Friday,2,5.6,10.0,Rs4.52 Cr,Rs3.89 Cr,Rs0.0 Cr,,,Vadh_2_2026,Vadh 2,1595507.0
Waiting,2015,Hindi,pre_covid,1.300000011920929,ok,True,Drama,Drama,,,False,98.0,11 Dec 2015,False,,,,0,2.770810156664231,109,0.7166,1.2445,0,Friday,12,4.6,5.0,Rs3.8 Cr,Rs2.82 Cr,Rs0.0 Cr,Rs7.0 Cr,7.0,Waiting_2016,Waiting (2015 film),353726.0
Wajah Tum Ho,2016,Hindi,pre_covid,7.849999904632568,ok,True,"Crime, Thriller",Crime,A,A,True,136.0,16 Dec 2016,False,Sharman Joshi; Rajneesh Duggal; Gurmeet Choudhary; Sana Khan; Sherlyn Chopra,Vishal Pandya,T-Series,1,,0,1.217,1.8912,0,Friday,12,5.0,22.0,Rs14.07 Cr,Rs10.42 Cr,Rs0.0 Cr,Rs14.0 Cr,14.0,Wajah_Tum_Ho_2016,Wajah Tum Ho,430508.0
Wazir,2016,Hindi,pre_covid,21.020000457763672,ok,True,Thriller,Thriller,UA,UA,True,104.0,08 Jan 2016,False,,,,0,2.753192874586539,110,2.4194,1.352,0,Friday,1,6.75,142.0,Rs78.6 Cr,Rs41.05 Cr,Rs23.18 Cr,Rs35.0 Cr,35.0,Wazir,Wazir (film),275269.0
Welcome 2 Karachi,2015,Hindi,pre_covid,5.450000047683716,ok,True,Comedy,Comedy,,,False,131.0,29 May 2015,False,,,,0,2.7598519135784425,88,1.4635,1.1869,1,Friday,5,4.1,8.0,Rs13.4 Cr,Rs8.18 Cr,Rs2.36 Cr,Rs25.0 Cr,25.0,Welcome_2_Karachi_2015,Welcome 2 Karachi,342291.0
Welcome Back,2015,Hindi,pre_covid,50.89999961853027,ok,True,"Action, Comedy",Action,UA,UA,True,152.0,04 Sep 2015,False,,,,0,2.725638308107416,98,3.7535,2.0863,0,Friday,9,4.93,79.0,Rs168.7 Cr,Rs96.55 Cr,Rs38.36 Cr,Rs90.0 Cr,90.0,Welcome_Back_2015,Welcome Back (film),357563.0
Yaariyan,2014,Hindi,pre_covid,19.300000190734863,ok,True,"Adventure, Romantic",Adventure,,,False,145.0,10 Jan 2014,False,,,,0,2.754571407704828,40,1.7357,1.0571,0,Friday,1,3.25,20.0,Rs54.7 Cr,Rs40.01 Cr,Rs0.68 Cr,Rs16.0 Cr,16.0,Yaariyan_2014,Yaariyan (2014 film),252053.0
Yamla Pagla Deewana 2,2013,Hindi,pre_covid,20.100000381469727,ok,True,"Action, Comedy",Action,,,False,162.0,07 Jun 2013,False,,,,0,2.5903076296894185,21,2.6412,2.6099,1,Friday,6,3.472,18.0,Rs48.4 Cr,Rs33.97 Cr,Rs2.54 Cr,Rs30.0 Cr,30.0,Yamla_Pagla_Deewana_2_2013,Yamla Pagla Deewana,199687.0
Yeh Jawaani Hai Deewani,2013,Hindi,pre_covid,62.11000061035156,ok,True,"Comedy, Drama, Romantic",Comedy,UA,UA,True,159.0,31 May 2013,False,Ranbir Kapoor; Aditya Roy Kapur; Rana Daggubati; Madhuri Dixit; Deepika Padukone; Tanvi Azmi; Kalki Koechlin; Evelyn Sharma,Ayan Mukerji,,1,,0,2.6689,2.5526,0,Friday,5,7.304,314.0,Rs318.0 Cr,Rs188.57 Cr,Rs76.0 Cr,Rs75.0 Cr,75.0,Yeh_Jawaani_Hai_Deewani_2013,Yeh Jawaani Hai Deewani,185008.0
Zanjeer,2013,Hindi,pre_covid,10.009999990463257,ok,True,Action,Action,UA,UA,True,138.0,06 Sep 2013,False,,,,0,2.727814824693305,31,4.3797,2.0684,0,Friday,9,4.389,36.0,Rs22.54 Cr,Rs15.01 Cr,Rs2.28 Cr,Rs45.0 Cr,45.0,Zanjeer_2013,Zanjeer (2013 film),218898.0
Zilla Ghaziabad,2013,Hindi,pre_covid,9.550000190734863,ok,True,"Action, Thriller",Action,A,A,True,143.0,22 Feb 2013,False,,,,0,2.2762353556930863,7,2.1431,1.293,0,Friday,2,4.0,17.0,Rs22.3 Cr,Rs15.75 Cr,Rs1.04 Cr,Rs34.0 Cr,34.0,Zilla_Ghaziabad_2013,Zila Ghaziabad,168243.0
Batwara 1947,2026,Hindi,post_covid,26.5,ok,True,"Drama, Period, Thriller",Drama,A,A,True,145.0,14 Aug 2026,True,Karan Deol; Sunny Deol; Ali Fazal; Preity Zinta; Shabana Azmi,Rajkumar Santoshi,Aamir Khan Productions,1,3.188219513938832,5,2.6713,4.5845,0,Friday,8,6.0,1.0,Rs54.2 Cr,Rs38.08 Cr,Rs9.05 Cr,,,batwara_1947_2026,Batwara 1947,1169537.0
Bhooth Bangla,2026,Hindi,post_covid,54.25,ok,True,"Comedy, Fantasy, Horror",Comedy,UA,U/A,True,165.0,17 Apr 2026,False,Akshay Kumar; Paresh Rawal; Asrani; Rajpal Yadav; Mithila Palkar; Wamiqa Gabbi; Tabu,Priyadarshan,Cape Of Good Films,1,3.572450098433982,27,2.5295,6.3556,0,Friday,4,5.609,64.0,Rs270.91 Cr,Rs182.36 Cr,Rs55.0 Cr,,116.2,bhooth_bangla_2026,Bhooth Bangla,1239134.0
Welcome To The Jungle (Welcome 3),2026,Hindi,post_covid,60.0,ok,True,Comedy,Comedy,UA,U/A,True,165.0,26 Jun 2026,False,Arshad Warsi; Shreyas Talpade; Sunil Shetty; Kiku Sharda; Jackie Shroff; Paresh Rawal; Rajpal Yadav; Aftab Shivdasani; Tusshar Kapoor; Akshay Kumar; +6 more,Ahmed Khan,,1,3.120756708532961,4,8.3727,18.8812,1,Friday,6,6.824,14773.0,Rs192.75 Cr,Rs134.11 Cr,Rs33.6 Cr,Rs125.0 Cr,125.0,welcome_to_the_jungle_2026,Welcome to the Jungle (2026 film),353486.0
100,2021,Kannada,during_covid,0.8300000131130219,ok,True,"Crime, Thriller",Crime,,,False,,19 Nov 2021,False,,,,0,2.5913197967306467,215,7.3923,6.8757,0,Friday,11,6.124,344.0,Rs1.1 Cr,Rs1.09 Cr,Rs0.0 Cr,,,100_(Kannada)_2021,100 (2021 film),520946.0
America America 2,2026,Kannada,post_covid,0.5499999895691872,ok,True,Drama,Drama,UA,UA,True,142.0,11 Sep 2026,False,Nirup Bhandari; Mandya Ramesh; Achyuth Kumar; Pruthvi Ambaar; Shanvi Srivastava,Nagathihalli Chandrashekar,,1,3.2584810699274835,12,1.306,1.3242,1,Friday,9,0.0,0.0,Rs1.29 Cr,Rs1.14 Cr,Rs0.0 Cr,,,America_America_2_2026,Captain America: Civil War,1734726.0
Amruthaanjan,2026,Kannada,post_covid,0.3899999894201755,ok,True,"Comedy, Romantic",Comedy,,,False,153.0,30 Jan 2026,False,Sudhakar Gowda; Karthik Ruvary; Gowrav Shetty; Shree Bhavya; Payal Chengappa,Jothirao Mohit,,0,,0,,0.5632,0,Friday,1,0.0,0.0,Rs1.22 Cr,Rs1.1 Cr,₹0.00 Cr,,,Amruthaanjan_2026,Amruthaanjan,1667164.0
Ayogya 2,2026,Kannada,post_covid,2.259999930858612,ok,True,"Action, Drama, Romantic",Action,UA,U/A,True,152.0,07 Aug 2026,False,Sathish Ninasam; Sadhu Kokila; Girish Shivanna; Ravi Shankar; Rachita Ram,S. Mahesh Kumar,SVC Productions,1,1.6755951895090266,4,0.862,1.2459,1,Friday,8,0.0,0.0,Rs6.41 Cr,Rs5.74 Cr,₹0.00 Cr,,,Ayogya_2_2026,Ayogya 2,1396778.0
Badava Rascal,2021,Kannada,during_covid,5.159999966621399,ok,True,"Comedy, Drama, Romantic",Comedy,UA,UA,True,133.0,24 Dec 2021,True,Dhananjaya; Amrutha Iyengar,Guru Shankar,,1,1.667706822807308,1,1.064,1.4954,0,Friday,12,4.333,3.0,Rs9.0 Cr,Rs12.07 Cr,Rs0.0 Cr,,,Badava_Rascal_2021,Badava Rascal,676223.0
Balaramana Dinagalu,2026,Kannada,post_covid,0.7099999934434891,ok,True,"Action, Crime, Drama, Romantic",Action,UA,U/A 16+,True,151.0,26 Jun 2026,False,,,,0,1.3456712908347745,555,2.2566,1.1698,0,Friday,6,0.0,0.0,Rs1.66 Cr,Rs1.5 Cr,₹0.00 Cr,,,Balaramana_Dinagalu_2026,Balaramana Dinagalu,1702692.0
Bicchugatthi,2020,Kannada,during_covid,0.800000011920929,ok,True,"Action, Historical, Thriller",Action,UA,UA,True,141.0,28 Feb 2020,False,Rajavardan; Baahubali Prabhakar; Kalyani Raju; Haripriya; Sparsha Rekha,Hari Santhosh,,0,,0,0.4671,0.695,0,Friday,2,7.0,1.0,Rs1.4 Cr,Rs1.2 Cr,Rs0.0 Cr,Rs4.0 Cr,4.0,Bicchugatthi_2020,Bicchugatti,1040262.0
Citylights,2026,Kannada,post_covid,3.0200000405311584,ok,True,Drama,Drama,A,A,True,129.0,18 Sep 2026,False,Vinod Master; Vinay Rajkumar; B. M. Giriraj; Umashree; Monisha Vijaykumar,Duniya Vijay,,1,0.7323678856895245,1,0.3205,0.735,0,Friday,9,0.0,0.0,Rs3.38 Cr,Rs3.02 Cr,Rs0.0 Cr,,,Citylights_2026,CityLights (2014 film),1733927.0
Cult (2026),2026,Kannada,post_covid,1.4399999678134918,ok,True,"Drama, Romantic",Drama,,,False,,23 Jan 2026,False,Zaid Khan; Rangayana Raghu; Achyuth Kumar; Kishan Bilagali; Rachita Ram; Malaika Vasupal,Anil Kumar T M,,1,1.619138187976959,10,,0.819,0,Friday,1,0.0,0.0,Rs3.61 Cr,Rs3.21 Cr,₹0.00 Cr,,,Cult_2026,Cult (2026 film),1719290.0
Drona,2020,Kannada,during_covid,1.2500000298023224,ok,True,"Action, Drama",Action,UA,UA,True,122.0,06 Mar 2020,False,Shivarajkumar; Rangayana Raghu; Ravi Kishan; Iniya,Pramod Chakravarthi,,1,3.695658283248275,2,1.9951,1.4717,0,Friday,3,4.0,1.0,Rs2.2 Cr,Rs1.7 Cr,Rs0.2 Cr,Rs10.0 Cr,10.0,Drona_2020,Drona (2020 film),682661.0
Garuda Gamana Vrishabha Vahana,2021,Kannada,during_covid,3.200000047683716,ok,True,"Crime, Drama",Crime,A,A,True,151.0,19 Nov 2021,False,,,,0,2.5913197967306467,215,1.3885,1.0408,0,Friday,11,7.7,20.0,Rs7.85 Cr,Rs6.76 Cr,Rs0.0 Cr,Rs3.0 Cr,3.0,Garuda_Gamana_Vrishabha_Vahana_2021,Garuda Gamana Vrishabha Vahana,678466.0
Graamaayana,2026,Kannada,post_covid,1.0799999833106997,ok,True,"Action, Drama, Romantic",Action,UA,U/A 16+,True,126.0,03 Jul 2026,False,Vinay Rajkumar; Achyuth Kumar; Arun Sagar; Gopalkrishna Deshpande; Megha Shetty,Devanuru Chandru,Venus Entertainment,1,1.5530345368985008,11,0.7803,1.8472,0,Friday,7,0.0,0.0,Rs3.6 Cr,Rs3.24 Cr,₹0.00 Cr,,,Graamaayana_2026,Graamaayana,691267.0
Hayagrriva,2026,Kannada,post_covid,0.8300000131130219,ok,True,"Crime, Mystery, Thriller",Crime,,,False,,27 Feb 2026,False,Sadhu Kokila; Shobhraj; Dhanveerrah Gowda; Sharath Lohitashwa; Ramesh Bhat; Sanjana Anand,Raghukumar OR,,1,2.032688261339064,3,0.9335,2.0328,0,Friday,2,0.0,0.0,Rs2.85 Cr,Rs2.51 Cr,₹0.00 Cr,,4.3627373,Hayagrriva_2026,Hayagrriva,1296122.0
Inspector Vikram,2021,Kannada,during_covid,0.6300000250339508,ok,True,"Action, Comedy, Romantic",Action,,,False,,05 Feb 2021,False,,,,0,2.651574483512722,209,1.2261,2.8262,0,Friday,2,5.0,2.0,Rs1.3 Cr,Rs1.08 Cr,Rs0.0 Cr,,,Inspector_Vikram_2021,Inspector Vikram (2021 film),676159.0
Jiilka,2020,Kannada,during_covid,2.049999952316284,ok,True,"Drama, Romantic",Drama,,,False,,07 Feb 2020,False,Kaveesh Shetty; Prathik Shetty; Laksha Shetty; Priya Hegde,Kaveesh Shetty,KSP Productions,0,,0,,,0,Friday,2,,,Rs3.9 Cr,Rs3.2 Cr,Rs0.2 Cr,Rs2.0 Cr,2.0,Jiilka_2020,,
KD - The Devil,2026,Kannada,post_covid,7.8999998569488525,ok,True,"Action, Drama, Thriller",Action,,,False,141.0,30 Apr 2026,False,Sanjay Dutt; Jisshu Sengupta; Ramesh Aravind; Dhruva Sarja; Shilpa Shetty; Reeshma Nanaiah,Prem,KVN Productions,1,3.480785524198585,10,2.1431,3.471,0,Thursday,4,5.333,3.0,Rs24.88 Cr,Rs21.86 Cr,Rs0.0 Cr,,,KD__The_Devil_2026,KD: The Devil,1103473.0
Karavali,2026,Kannada,post_covid,3.459999978542328,ok,True,"Action, Adventure, Drama",Action,UA,U/A 16+,True,,24 Jul 2026,False,Prajwal Devaraj; Ramesh Indira; Raj B. Shetty; Govinde Gowda; Sampada Hulivana,Gurudatta Ganiga,VK Films,1,1.302986809173633,5,2.2566,1.805,0,Friday,7,9.0,1.0,Rs9.09 Cr,Rs8.1 Cr,₹0.00 Cr,,,Karavali_2026,Karavali (film),1215812.0
Khakii,2020,Kannada,during_covid,1.600000023841858,ok,True,"Action, Crime, Drama",Action,,,False,,24 Jan 2020,False,Dev Gill; Chiranjeevi Sarja; Tanya Hope,Naviin Reddy,Tarun Talkies,1,3.505557402714172,1,0.9538,1.4049,0,Friday,1,1.0,1.0,Rs2.75 Cr,Rs2.37 Cr,Rs0.0 Cr,Rs7.0 Cr,7.0,Khakii_2020,Udaya Kumar (director),666350.0
Kotigobba 3,2021,Kannada,during_covid,16.350000381469727,ok,True,Action,Action,UA,UA,True,122.0,15 Oct 2021,False,Kichcha Sudeep; Nawab Shah; Aftab Shivdasani; P. Ravi Shankar; Shradda Das; Madonna Sebastian,Shiva Karthik,,1,4.5589970775318065,2,1.1044,1.0364,1,Friday,10,5.8,6.0,Rs39.1 Cr,Rs33.05 Cr,Rs0.0 Cr,Rs30.0 Cr,30.0,Kotigobba_3_2021,Kotigobba 3,678470.0
Landlord,2026,Kannada,post_covid,2.059999942779541,ok,True,"Action, Drama, Social",Action,UA,U/A 16+,True,,23 Jan 2026,False,,,,0,1.3610301403358607,543,0.9516,1.1407,0,Friday,1,0.0,0.0,Rs7.07 Cr,Rs6.25 Cr,₹0.00 Cr,,,Landlord_2026,Landlord (film),1613346.0
Lo Naveena,2026,Kannada,post_covid,0.3100000098347664,ok,True,"Comedy, Romantic",Comedy,,,False,,15 May 2026,False,Naveen Sajju; Prakash Thuminad; Apoorva Shri; Varsha Giridhar,Dhanurdhari Pavan,,1,,0,0.4543,1.0482,0,Friday,5,0.0,0.0,Rs1.79 Cr,Rs1.61 Cr,₹0.00 Cr,,,Lo_Naveena_2026,Prakash Thuminad,1704322.0
Love Mocktail,2020,Kannada,during_covid,0.1299999989569187,ok,True,"Drama, Romantic",Drama,UA,UA,True,147.0,31 Jan 2020,False,Darling Krishna; Milana Nagraj,Darling Krishna,Krishna Talkies,1,,0,0.8245,1.5523,0,Friday,1,6.6,20.0,Rs4.3 Cr,Rs3.6 Cr,Rs0.1 Cr,Rs2.0 Cr,2.0,Love_Mocktail_2020,Love Mocktail,672125.0
Love Mocktail 3,2026,Kannada,post_covid,3.799999952316284,ok,True,"Drama, Family",Drama,,,False,134.0,19 Mar 2026,True,Abhilash Dalapathi; Dilip Raj; Darling Krishna; Milana Nagaraj; Rachel David,Darling Krishna,,1,1.1819738009518492,4,1.077,2.3446,1,Thursday,3,8.0,1.0,Rs18.06 Cr,Rs15.0 Cr,Rs1.0 Cr,,,Love_Mocktail_3_2026,Love Mocktail 3,1647899.0
Mother Promise,2026,Kannada,post_covid,1.280000001192093,ok,True,"Drama, Family, Thriller",Drama,UA,U/A 13+,True,,10 Jul 2026,False,Poornachandra Mysuru; Poornachandra Mysore; Chi Guru Dutt; Dhananjaya; Nagabhushana N S; Mahadev Prasad; Vinaya Prasad; Geetha,Poornachandra Mysuru,Daali Pictures,1,,0,1.0799,0.9395,0,Friday,7,0.0,0.0,Rs2.63 Cr,Rs2.36 Cr,₹0.00 Cr,,,Mother_Promise_2026,Mother Promise,1662770.0
Naanu Matthu Gunda,2020,Kannada,during_covid,2.200000047683716,ok,True,Drama,Drama,UA,UA,True,,24 Jan 2020,False,Shivaraj K.R. Pete; Samyuktha Hornadu,Srinivas Thimmaiah,Poem Pictures Productions,0,,0,0.5398,0.7364,0,Friday,1,0.0,0.0,Rs4.6 Cr,Rs4.0 Cr,Rs0.0 Cr,Rs3.0 Cr,3.0,Naanu_Matthu_Gunda_2020,Nanu Matthu Gunda,718201.0
Navelru... Half Boiled,2020,Kannada,during_covid,0.4500000104308128,ok,True,Comedy,Comedy,,,False,,24 Jan 2020,False,Devadas Kapikad; Sunil Kumar; Vinya Shetty; Matangi Prasan,B. Shivaraj Venkattachcha,,0,,0,,,0,Friday,1,,,Rs1.25 Cr,Rs1.05 Cr,Rs0.0 Cr,Rs2.0 Cr,2.0,Navelru_Half_Boiled_2020,Tabla Nani,
Ninna Sanihake,2021,Kannada,during_covid,0.4000000059604645,ok,True,"Comedy, Romantic",Comedy,,,False,,08 Oct 2021,False,,,,0,2.613024133825803,213,0.7465,2.0768,0,Friday,10,0.0,0.0,Rs1.35 Cr,Rs1.15 Cr,Rs0.0 Cr,,,Ninna_Sanihake_2021,Ninna Sanihake,677047.0
Pogaru,2021,Kannada,during_covid,17.550000190734863,ok,True,Action,Action,UA,UA,True,160.0,19 Feb 2021,False,Dhruva Sarja; Mayuri Kyatari; Rashmika Mandanna,Nandakishore,Sri Jagadguru Movies,1,2.995732273553991,1,2.1824,1.6788,0,Friday,2,3.8,5.0,Rs45.1 Cr,Rs34.44 Cr,Rs0.0 Cr,Rs25.0 Cr,25.0,Pogaru_2021,Pogaru,788106.0
Popcorn Monkey Tiger,2020,Kannada,during_covid,4.300000011920929,ok,True,"Action, Crime, Drama",Action,A,A,True,133.0,21 Feb 2020,False,Dhananjay; Amrutha Iyengar; Niveditha,Duniya Soori,,1,,0,1.064,1.7502,0,Friday,2,6.6,5.0,Rs7.0 Cr,Rs5.85 Cr,Rs0.5 Cr,Rs6.0 Cr,6.0,Popcorn_Monkey_Tiger_2020,Popcorn Monkey Tiger,674762.0
Rakkasapuradol,2026,Kannada,post_covid,1.100000023841858,ok,True,"Mystery, Psychological, Thriller",Mystery,,,False,127.0,06 Feb 2026,False,Raj B. Shetty; Gopal Deshpande; Swathishta Krishnan; Archana Kottige,Ravi Saranga,,1,1.5115408207325318,3,,,0,Friday,2,,,Rs5.62 Cr,Rs5.02 Cr,₹0.00 Cr,,,Rakkasapuradol_2026,Rakkasapuradhol,
Roberrt,2021,Kannada,during_covid,27.300000190734863,ok,True,Action,Action,,,False,166.0,11 Mar 2021,False,Jagapati Babu; Devaraj; Darshan Thoogudeepa; P. Ravi Shankar; Ravi Kishan; Asha Bhat,Tarun Sudhir,Umapathy Films,1,,0,1.1288,1.6537,0,Thursday,3,3.0,2.0,Rs69.5 Cr,Rs58.98 Cr,Rs0.0 Cr,Rs30.0 Cr,30.0,Roberrt_2021,Roberrt,673779.0
Salaga,2021,Kannada,during_covid,7.610000133514404,ok,True,"Crime, Thriller",Crime,,,False,,14 Oct 2021,False,Nagabhushan; Dhananjay; Duniya Vijay; Sanjana Anand,Duniya Vijay,Venus Enterrtainer,1,2.209088872943618,2,1.064,1.5481,0,Thursday,10,0.0,0.0,Rs22.0 Cr,Rs18.62 Cr,Rs0.0 Cr,Rs15.0 Cr,15.0,Salaga_2021,Salaga (film),679659.0
Sarala Subbarao,2026,Kannada,post_covid,0.2999999932944774,ok,True,"Drama, Family, Period, Romantic",Drama,UA,U/A 13+,True,,20 Feb 2026,False,,,,0,1.3559891458971414,547,0.9894,2.337,0,Friday,2,0.0,0.0,Rs1.14 Cr,Rs1.02 Cr,₹0.00 Cr,,,Sarala_Subbarao_2026,Sarala Subbarao,1638744.0
Shivaji Surathkal,2020,Kannada,during_covid,3.700000047683716,ok,True,"Drama, Mystery, Thriller",Drama,UA,UA,True,125.0,21 Feb 2020,False,Ramesh Aravind; Avinash; Radhika Narayan,Akash Srivatsa,,1,,0,1.0333,1.4144,0,Friday,2,6.2,4.0,Rs10.0 Cr,Rs8.6 Cr,Rs0.0 Cr,Rs4.0 Cr,4.0,Shivaji_Surathkal_2020,Shivaji Surathkal,682614.0
Sri Bharatha Baahubali,2020,Kannada,during_covid,1.4500000178813934,ok,True,"Comedy, Romantic",Comedy,UA,UA,True,,17 Jan 2020,False,Achyuth Rao; Chikkanna; Manju Maandavya; Sarah Harish,Manju Maandavya,Aishvarya Film Productions,1,,0,0.924,0.58,0,Friday,1,3.0,2.0,Rs3.2 Cr,Rs2.65 Cr,Rs0.2 Cr,,,Sri_Bharatha_Baahubali_2020,9th South Indian International Movie Awards,693592.0
Video,2026,Kannada,post_covid,0.6799999922513962,ok,True,Horror,Horror,A,A,True,122.0,11 Sep 2026,False,Tejesh S Manjunath; Bharath K Tumkur; Jeevan Shivakumar; Priya J Achar; Nalme Nachiyar,Srinidhi Bengaluru,,0,,0,0.4132,0.9832,0,Friday,9,0.0,0.0,Rs1.65 Cr,Rs1.45 Cr,Rs0.0 Cr,,,Video_2026,Resident Evil (2026 film),1625018.0
Yuvarathnaa,2021,Kannada,during_covid,14.650000095367432,ok,True,Action,Action,UA,UA,True,161.0,01 Apr 2021,False,Dhananjay; Prakash Raj; Puneeth Rajkumar; Avinash; Sonu Gowda; Sayyeshaa Saigal,Santhosh Ananddram,Hombale Films,1,3.0211019714849043,3,2.2631,1.0539,0,Thursday,4,4.8,11.0,Rs38.7 Cr,Rs31.73 Cr,Rs0.7 Cr,Rs25.0 Cr,25.0,Yuvarathnaa_2021,Yuvarathnaa,654553.0
Toxic,2026,Kannada,post_covid,18.15000009536743,ok,True,"Action, Drama, Thriller",Action,A,A,True,194.0,26 Aug 2026,False,Yash Gowda; Akshay Oberoi; Sudev Nair; Nayanthara; Rukmini Vasanth; Tara Sutaria; Kiara Advani; Huma Qureshi,Geetu Mohandas,Monster Mind Creations,1,3.7040143332440634,5,2.6549,26.106,0,Wednesday,8,8.027,74.0,Rs341.99 Cr,Rs62.94 Cr,Rs43.75 Cr,,498.0,toxic_2026,Toxic (2026 film),1213243.0
Aadu 3,2026,Malayalam,post_covid,21.020000457763672,ok,True,"Adventure, Comedy, Fantasy",Adventure,U,U,True,165.0,19 Mar 2026,True,Vijay Babu; Indrans; Jayasurya; Saiju Kurup; Vinayakan; Sunny Wayne,Midhun Manuel Thomas,Kavya Film Company,1,1.1920002512376813,5,1.2476,2.3155,1,Thursday,3,6.556,9.0,Rs120.11 Cr,Rs51.12 Cr,Rs61.0 Cr,Rs20.0 Cr,20.0,Aadu_3_2026,Aadu 3,1260210.0
Aasha,2026,Malayalam,post_covid,1.969999998807907,ok,True,Drama,Drama,UA,UA,True,127.0,11 Sep 2026,False,Vijayaraghavan; Joju George; Joy Mathew; Aishwarya Lekshmi; Urvashi,Safar Sanal,,1,2.0340997560268517,7,1.8319,1.3316,0,Friday,9,0.0,0.0,Rs5.62 Cr,Rs5.02 Cr,Rs0.0 Cr,,,Aasha_2026,G2 (film),1513475.0
Aashaan,2026,Malayalam,post_covid,0.4900000095367431,ok,True,"Comedy, Drama",Comedy,UA,U/A 13+,True,160.0,05 Feb 2026,False,,,,0,1.3577422832955648,546,1.7118,1.9616,0,Thursday,2,6.625,4.0,Rs1.32 Cr,Rs1.15 Cr,₹0.00 Cr,,,Aashaan_2026,Aashaan,1441197.0
Ananthan Kaadu,2026,Malayalam,post_covid,0.6800000071525574,ok,True,"Action, Political, Thriller",Action,A,A,True,157.0,25 Jun 2026,False,,,,0,1.3471638494866918,554,1.8623,3.4581,0,Thursday,6,4.0,1.0,Rs3.63 Cr,Rs2.38 Cr,Rs0.0 Cr,,,Ananthan_Kaadu_2026,Ananthan Kaadu,1326891.0
Anjaam Pathiraa,2020,Malayalam,during_covid,4.400000035762787,ok,True,"Crime, Mystery, Thriller",Crime,UA,UA,True,144.0,10 Jan 2020,False,Kunchacko Boban; Sreenath Bhasi; Ramya Nambeesan,Midhun Manuel Thomas,Ashiq Usman Productions,1,,0,1.3461,2.2996,0,Friday,1,7.612,67.0,Rs50.0 Cr,Rs29.9 Cr,Rs15.0 Cr,Rs20.0 Cr,20.0,Anjaam_Pathiraa_2020,Anjaam Pathiraa,657593.0
Anomie: The Equation of Death,2026,Malayalam,post_covid,0.6100000143051147,ok,True,"Sci-Fi, Thriller",Sci-Fi,,,False,152.0,06 Feb 2026,False,Rahman; Shebin Benson; Vishnu Agasthya; Bhavana Menon,Riyas Marath,,1,0.8878912602958964,1,,,0,Friday,2,,,Rs3.43 Cr,Rs2.71 Cr,₹0.00 Cr,,,Anomie_The_Equation_of_Death_2026,Anomie (film),
Ashakal Aayiram,2026,Malayalam,post_covid,2.450000047683716,ok,True,Drama,Drama,U,U,True,,06 Feb 2026,False,Kalidas Jayaram; Jayaram; Sharafudheen; Asha Sarath,G. Prajith,,1,3.642835535584766,7,1.3687,1.9606,0,Friday,2,4.625,4.0,Rs12.64 Cr,Rs8.45 Cr,Rs2.75 Cr,,,Ashakal_Aayiram_2026,Ashakal Aayiram,1509694.0
Athiradi,2026,Malayalam,post_covid,14.949999809265137,ok,True,"Action, Comedy",Action,U,U,True,157.0,14 May 2026,False,Vineeth Sreenivasan; Basil Joseph; Tovino Thomas; Shaan Rahman; Riya Shibu,Arun Anirudhan,,1,1.9386544662744896,11,1.456,3.1049,0,Thursday,5,6.7,16.0,Rs67.69 Cr,Rs37.21 Cr,Rs24.65 Cr,,,Athiradi_2026,Athiradi (2026 film),1510767.0
Ayyappanum Koshiyum,2020,Malayalam,during_covid,6.0,ok,True,"Action, Comedy",Action,U,U,True,175.0,07 Feb 2020,False,Prithviraj Sukumaran; Biju Menon; Reshma Rajan,Sachy,Gold Coin Motion Pictures,1,,0,1.9401,1.2976,0,Friday,2,7.637,73.0,Rs43.0 Cr,Rs26.0 Cr,Rs13.0 Cr,Rs15.0 Cr,15.0,Ayyappanum_Koshiyum_2020,Ayyappanum Koshiyum,657996.0
Baby Girl,2026,Malayalam,post_covid,2.600000023841858,ok,True,"Drama, Family, Thriller",Drama,,,False,124.0,23 Jan 2026,False,Nivin Pauly; Abhimanyu Thilakan; Sangeeth Prathap; Lijomol Jose,Arun Varma,Magic Frames,1,2.3223877249650995,6,0.4929,0.6942,0,Friday,1,0.0,0.0,Rs4.61 Cr,Rs4.1 Cr,Rs0.0 Cr,,0.1577,Baby_Girl_2026,Baby Girl (film),1723426.0
Balan: The Boy,2026,Malayalam,post_covid,6.809999942779541,ok,True,"Drama, Mystery, Psychological, Thriller",Drama,UA,U/A 16+,True,150.0,19 Jun 2026,False,Lal Jr.; Tovino Thomas; Adhisheshan K R; Farzana Palathingal,Chidambaram,,1,2.0078881621909948,12,1.1602,4.1072,0,Friday,6,7.6,14.0,Rs33.22 Cr,Rs18.62 Cr,Rs11.2 Cr,,,Balan_The_Boy_2026,Balan: The Boy,1410937.0
Bethlehem Kudumba Unit,2026,Malayalam,post_covid,20.850000381469727,ok,True,"Comedy, Drama, Romantic",Comedy,UA,U/A,True,157.0,21 Aug 2026,False,Vinay Forrt; Bindu Panicker; Nivin Pauly; Shyam Mohan; Suresh Krishna; Shameer khan; Srindaa; Mamitha Baiju,Girish AD,Bhavana Studios,1,1.4722223150130178,8,4.7388,10.2338,0,Friday,8,8.8,19.0,Rs321.416 Cr,Rs150.07 Cr,Rs137.2 Cr,Rs25.0 Cr,25.0,Bethlehem_Kudumba_Unit_2026,Bethlehem Kudumba Unit,1508168.0
Bharathanatyam 2 Mohiniyattam,2026,Malayalam,post_covid,2.169999927282334,ok,True,"Comedy, Family, Thriller",Comedy,U,U,True,155.0,10 Apr 2026,False,Suraj Venjaramoodu; Jagadish; Saiju Kurup; Vinay Forrt; Sreeja Ravi,Krishnadas Murali,Thomas Thiruvalla Films,1,2.1621295050517326,8,1.2069,3.1902,1,Friday,4,8.235,17.0,Rs40.04 Cr,Rs25.55 Cr,Rs10.5 Cr,,,Bharathanatyam_2_Mohiniyattam_2026,Bharathanatyam 2 Mohiniyattam,1576369.0
Big Brother,2020,Malayalam,during_covid,2.350000023841858,ok,True,"Action, Thriller",Action,UA,UA,True,163.0,16 Jan 2020,False,Mohanlal; Arbaaz Khan; Anoop Menon; Vishnu Unnikrishnan; Honey Rose; Mirnaa Menon,Siddique (director),Vaishaka Cynyma,1,4.365007624654067,2,1.6128,1.0824,0,Thursday,1,3.115,13.0,Rs9.0 Cr,Rs5.15 Cr,Rs3.0 Cr,Rs30.0 Cr,30.0,Big_Brother_2020,Big Brother (2020 film),627342.0
Chatha Pacha: The Ring of Rowdies,2026,Malayalam,post_covid,6.950000047683716,ok,True,"Action, Comedy",Action,UA,U/A 13+,True,134.0,22 Jan 2026,False,Vishak Nair; Siddique; Arjun Ashokan; Ishan Shoukath; Roshan Mathew; Lakshmi Menon,Adwaith Nayar,Reel World Entertainment,1,1.4311870725573852,17,1.1956,1.3943,0,Thursday,1,5.85,10.0,Rs33.48 Cr,Rs16.02 Cr,Rs14.6 Cr,,,Chatha_Pacha_The_Ring_of_Rowdies_2026,Chatha Pacha,1439594.0
Chinna Chinna Aasai,2026,Malayalam,post_covid,0.6400000005960464,ok,True,Drama,Drama,U,U,True,,19 Jun 2026,False,Kaali Venkat; Vishnu Agasthya; Indrans; Thambi Ramaiah; Jafar Sadiq; Madhoo Shah; Aparna Balamurali,Varsha Vasudev,,1,1.5086587347119134,7,1.7118,3.2727,0,Friday,6,8.0,1.0,Rs2.97 Cr,Rs2.7 Cr,₹0.00 Cr,,,Chinna_Chinna_Aasai_2026,Chinna Chinna Aasai,1404521.0
Derby,2026,Malayalam,post_covid,0.510000005364418,ok,True,"Action, Comedy, Romantic",Action,UA,U/A 13+,True,108.0,27 Mar 2026,False,Adam Sabiq; Johny Antony; Sagar Surya; Jasnya Jayadeesh,Sajil Mampad,,1,1.6103770361938694,3,0.8397,3.7228,0,Friday,3,2.0,3.0,Rs1.41 Cr,Rs1.26 Cr,₹0.00 Cr,,,Derby_2026,Umamusume: Pretty Derby – Beginning of a New Era,1070170.0
Dhamaka,2020,Malayalam,during_covid,2.099999964237213,ok,True,"Comedy, Drama",Comedy,UA,UA,True,,02 Jan 2020,False,Dharmajan Bolgatty; Sabumon Abdusamad; Arun Kumar; Idavela Babu; Noorin Shereef; Nikki Galrani; Shaalin Zoya,Omar,Good Line Productions,1,,0,1.1518,1.4584,0,Thursday,1,2.056,9.0,Rs4.5 Cr,Rs3.78 Cr,Rs0.3 Cr,Rs5.0 Cr,5.0,Dhamaka_2020,Dhamaka (2020 film),661397.0
Dridam,2026,Malayalam,post_covid,2.240000009536743,ok,True,"Crime, Mystery, Thriller",Crime,UA,U/A 16+,True,128.0,08 May 2026,False,Shane Nigam; Nandan Unni; Mathew Varghese; Dinesh Prabhakar,Martin Joseph Tharakunnel,,1,2.0082140387919667,1,0.9955,3.596,0,Friday,5,5.5,12.0,Rs3.98 Cr,Rs3.76 Cr,Rs0.0 Cr,,,Dridam_2026,Dridam,912378.0
Ellam Sheriyakum,2021,Malayalam,during_covid,1.080000013113022,ok,True,"Drama, Romantic",Drama,U,U,True,174.0,19 Nov 2021,False,Siddique; Asif Ali; Tulasi Shivamani; Rajisha Vijayan,Jibu Jacob,Thomas Thiruvalla Films,1,1.1722232896781768,2,1.3883,0.769,0,Friday,11,5.5,6.0,Rs1.85 Cr,Rs1.6 Cr,Rs0.0 Cr,,,Ellam_Sheriyakum_2021,Ellam Sheriyakum,865826.0
Forensic,2020,Malayalam,during_covid,4.450000047683716,ok,True,"Crime, Drama, Thriller",Crime,U,U,True,133.0,28 Feb 2020,False,Tovino Thomas; Saiju Kurup; Reba Monica John; Mamta Mohandas,Akhil Paul,,1,,0,1.2069,1.3452,0,Friday,2,6.663,46.0,Rs12.0 Cr,Rs8.45 Cr,Rs2.0 Cr,Rs4.0 Cr,4.0,Forensic_2020,Forensic (2020 film),676792.0
"I, Nobody",2026,Malayalam,post_covid,4.25,ok,True,"Action, Crime, Thriller",Action,UA,U/A 13+,True,168.0,09 Jul 2026,False,Vijayaraghavan; Prithviraj Sukumaran; Ashokan; Suraj Venjaramoodu; Nandhu; Parvathy Thiruvothu,Nisam Basheer,Wonderwall Cinemas,1,2.207481239985882,8,1.9401,4.0245,0,Thursday,7,6.0,5.0,Rs15.37 Cr,Rs8.69 Cr,Rs5.3 Cr,,34.86747,I_Nobody_2026,"I, Nobody",1339676.0
I'm Game,2026,Malayalam,post_covid,9.099999904632568,ok,True,Fantasy,Fantasy,UA,UA,True,174.0,03 Sep 2026,False,Mysskin; Antony Varghese; Dulquer Salmaan; Kayadu Lohar; Samyuktha Viswanathan,Nahas Hidhayath,,1,2.64720699587469,8,2.4652,6.0109,0,Thursday,9,8.0,1.0,Rs47.82 Cr,Rs18.53 Cr,Rs18.2 Cr,,,Im_Game_2026,I'm Game (film),1250502.0
Kala,2021,Malayalam,during_covid,1.1800000071525574,ok,True,"Psychological, Thriller",Psychological,A,A,True,130.0,25 Mar 2021,False,Tovino Thomas; Lal; Divya Pillai,Rohith V.S.,Juvis Production,1,1.6956156174244583,1,1.1602,1.4192,0,Thursday,3,6.3,17.0,Rs4.2 Cr,Rs2.68 Cr,Rs1.1 Cr,Rs2.0 Cr,2.0,Kala_2021,Kala (2021 film),810190.0
Kattalan,2026,Malayalam,post_covid,2.0900000035762787,ok,True,"Action, Thriller",Action,A,A,True,120.0,28 May 2026,False,Sunil Varma; Siddique; Kabir Duhan Singh; Antony Varghese; Jagadish; Dushara Vijayan,Paul George,Cubes Entertainments,1,2.482437380617691,19,1.9492,5.3315,0,Thursday,5,5.5,10.0,Rs8.93 Cr,Rs5.85 Cr,Rs0.0 Cr,,,Kattalan_2026,Kattalan,1065834.0
Khalifa,2026,Malayalam,post_covid,2.0999999046325684,ok,True,"Action, Crime, Thriller",Action,UA,U/A,True,159.0,20 Aug 2026,False,Neil Nitin Mukesh; Prithviraj Sukumaran; Indrans; Mohanlal; Sanju Sivaram,Vysakh,Saregama Films,1,3.8506936888844954,9,1.9401,6.3399,0,Thursday,8,7.1,4.0,Rs45.03 Cr,Rs21.56 Cr,Rs20.13 Cr,,,Khalifa_2026,Khalifa: The Ruler,1036081.0
Kurup,2021,Malayalam,during_covid,13.799999713897703,ok,True,"Biography, Crime, Thriller",Biography,UA,UA,True,155.0,12 Nov 2021,False,Dulquer Salmaan; Suresh Oberoi; Manoj Bajpayee; Sobhita Dhulipala,Vini Vishwa Lal,Wayfarer Films,1,2.3803584554116815,7,2.4652,1.3997,0,Friday,11,6.331,62.0,Rs78.0 Cr,Rs30.02 Cr,Rs34.1 Cr,Rs35.0 Cr,35.0,Kurup_2021,Kurup (film),785585.0
Madhuvidhu,2026,Malayalam,post_covid,1.3100000321865082,ok,True,"Comedy, Family, Romantic",Comedy,U,U,True,,23 Apr 2026,False,Sai Kumar; Jagadish; Sharafudheen; Azeez Nedumangad; Kalyani Panicker,Vishnu Aravind,,1,1.7245460946748867,7,1.0344,2.6434,0,Thursday,4,6.429,7.0,Rs4.45 Cr,Rs3.98 Cr,₹0.00 Cr,,,Madhuvidhu_2026,Madhuvidhu (2026 film),1561144.0
Marakkar: Lion of the Arabian Sea,2021,Malayalam,during_covid,9.400000095367432,ok,True,"Drama, Historical",Drama,U,U,True,181.0,02 Dec 2021,False,Mohanlal; Suniel Shetty; Keerthi Suresh,Priyadarshan,Moonshot Entertainments,1,3.7031731714183262,3,2.219,2.4542,0,Thursday,12,5.7,27.0,Rs45.4 Cr,Rs20.62 Cr,Rs23.0 Cr,Rs100.0 Cr,100.0,Marakkar_2020,Marakkar: Lion of the Arabian Sea,617405.0
Masthishka Maranam,2026,Malayalam,post_covid,1.4800000190734863,ok,True,"Comedy, Sci-Fi, Thriller",Comedy,UA,U/A 16+,True,,27 Feb 2026,False,Niranj Maniyanpilla; Jagadish; Rahul Rajagopal; Divya Prabha; Rajisha Vijayan,Krishand RK,,1,2.0019665059813065,5,1.2707,1.2259,0,Friday,2,5.5,7.0,Rs3.88 Cr,Rs3.48 Cr,Rs0.0 Cr,,,Masthishka_Maranam_2026,Masthishka Maranam,1444032.0
Mohan Kumar Fans,2021,Malayalam,during_covid,1.1500000059604645,ok,True,"Comedy, Drama",Comedy,U,U,True,124.0,19 Mar 2021,False,Vinay Forrt; Saiju Kurup; Siddique; Ramesh Pisharody; Krishna Shankar; Sreenivasan; Kunchacko Boban,Jis Joy,Magic Frames,1,1.6956156174244583,1,1.3461,1.0348,0,Friday,3,5.5,8.0,Rs2.1 Cr,Rs1.36 Cr,Rs0.5 Cr,Rs5.0 Cr,5.0,Mohan_Kumar_Fans_2021,Mohan Kumar Fans,786303.0
Mollywood Times,2026,Malayalam,post_covid,5.599999904632568,ok,True,"Comedy, Drama",Comedy,UA,U/A 16+,True,167.0,05 Jun 2026,False,Sangeeth Prathap; Sharafudheen; Naslen,Abhinav Sunder Nayak,,1,1.8016607885249512,5,2.1347,3.8332,0,Friday,6,6.2,15.0,Rs18.5 Cr,Rs10.13 Cr,Rs7.25 Cr,,,Mollywood_Times_2026,Mollywood Times,1248251.0
Nizhal,2021,Malayalam,during_covid,0.6499999910593033,ok,True,"Mystery, Thriller",Mystery,U,U,True,124.0,09 Apr 2021,False,Saiju Kurup; Rony David; Kunchacko Boban; Nayanthara; Divya Prabha,Appu N. Bhattathiri,Tentpole Movies,1,1.686398960192967,2,2.6549,1.6933,0,Friday,4,5.6,22.0,Rs1.5 Cr,Rs1.32 Cr,Rs0.15 Cr,Rs3.0 Cr,3.0,Nizhal_2021,Nizhal (film),795729.0
One,2021,Malayalam,during_covid,3.850000143051147,ok,True,"Political, Thriller",Political,,,False,150.0,26 Mar 2021,False,Joju George; Siddique; Murali Gopy; Joju George; Mammootty; Gayathri Arun; Nimisha Sajayan,Santhosh Viswanath,Ichais Productions,1,0.7654678449118805,1,8.245,39.5655,0,Friday,3,6.814,17012.0,Rs12.0 Cr,Rs7.07 Cr,Rs3.8 Cr,Rs7.0 Cr,7.0,One_2021,One (2021 film),131631.0
Operation Java,2021,Malayalam,during_covid,1.030000001192093,ok,True,"Crime, Drama, Thriller",Crime,U,U,True,146.0,12 Feb 2021,False,,,,0,2.6412745099254082,210,1.0342,1.3517,0,Friday,2,7.0,27.0,Rs3.6 Cr,Rs2.84 Cr,Rs0.3 Cr,Rs1.5 Cr,1.5,Operation_Java_2021,Operation Java,792750.0
Oru Durooha Saahacharyathil,2026,Malayalam,post_covid,0.6500000059604645,ok,True,"Comedy, Thriller",Comedy,UA,U/A 13+,True,135.0,15 Apr 2026,False,Jaffer Idukki; Sajin Gopu; Kunchacko Boban; Dileesh Pothan; Sharanya R. Nair,Ratheesh Balakrishnan Poduval,,1,1.3100247999479353,8,1.3461,2.0935,0,Wednesday,4,5.625,7.0,Rs2.08 Cr,Rs1.86 Cr,₹0.00 Cr,,,Oru_Durooha_Saahacharyathil_2026,Oru Durooha Saahacharyathil,1290703.0
Pallichattambi,2026,Malayalam,post_covid,3.9700000286102295,ok,True,"Action, Drama, Period",Action,UA,U/A 16+,True,,15 Apr 2026,False,Tovino Thomas; Sudheer Karamana; Vijayaraghavan; Johny Antony; Kayadu Lohar,Dijo Jose Antony,,1,2.11809969182508,10,1.523,3.1739,0,Wednesday,4,5.2,5.0,Rs14.13 Cr,Rs12.15 Cr,Rs0.0 Cr,,,Pallichattambi_2026,Pallichattambi,959894.0
Patriot,2026,Malayalam,post_covid,21.65000009536743,ok,True,"Action, Thriller",Action,,,False,180.0,01 May 2026,False,Fahadh Faasil; Mohanlal; Mammootty; Kunchacko Boban; Revathi; Nayanthara; Darshana Rajendran,Mahesh Narayanan,Kichappus Entertainments,1,2.308187207841017,16,6.6751,17.8655,0,Friday,5,7.212,4487.0,Rs79.98 Cr,Rs31.66 Cr,Rs43.25 Cr,,913.0,Patriot_2026,Patriot (film),2024.0
Pennu Case,2026,Malayalam,post_covid,0.7200000062584877,ok,True,"Comedy, Drama",Comedy,U,U,True,112.0,10 Jan 2026,False,Aju Varghese; Ramesh Pisharody; Hakkim Shah; Nikhila Vimal,Febin Sidharth,,1,1.7200956271354533,3,1.613,0.8158,0,Saturday,1,4.0,2.0,Rs1.92 Cr,Rs1.46 Cr,Rs0.25 Cr,,,Pennu_Case_2026,Pennu Case,1380611.0
Pluto,2026,Malayalam,post_covid,0.6299999952316284,ok,True,"Comedy, Sci-Fi",Comedy,UA,U/A,True,131.0,30 Jul 2026,False,Neeraj Madhav; Althaf Salim; Vineeth Thattil; Aju Varghese; Dinesh Prabhakar; Aarsha Chandini Baiju,Adithyan Chandrashekar,Orchid Films International,1,2.3981534737838563,2,1.0774,1.5511,0,Thursday,7,2.0,1.0,Rs1.48 Cr,Rs1.31 Cr,₹0.00 Cr,,,Pluto_2026,Pluto (2026 film),1444088.0
Pradhama Drishtiya Kuttakkar,2026,Malayalam,post_covid,5.449999928474426,ok,True,Drama,Drama,UA,UA,True,161.0,11 Sep 2026,False,Mathew Thomas; Vijayaraghavan; Sidharth Bharathan; Azees Nedumangad; Unnimaya Prasad; Radhakrishnan Parthiban; Parvathy Thiruvothu,Shahad Nilambur,,1,2.1412412419465756,7,,,0,Friday,9,,,Rs19.97 Cr,Rs17.14 Cr,Rs0.0 Cr,,,Pradhama_Drishtiya_Kuttakkar_2026,Pradhama Drishtiya Kuttakkar,
Prakambanam,2026,Malayalam,post_covid,2.6299999952316284,ok,True,"Comedy, Horror",Comedy,UA,U/A 13+,True,128.0,30 Jan 2026,False,Ganapathi; Sagar Surya; AL Ameen; Sheethal Joseph,Vijesh Panathur,,1,1.9315214254245805,1,0.9646,2.3389,0,Friday,1,4.889,9.0,Rs22.63 Cr,Rs15.36 Cr,Rs4.75 Cr,,,Prakambanam_2026,Prakambanam,1398014.0
Prathichaya,2026,Malayalam,post_covid,2.199999988079071,ok,True,"Drama, Political, Thriller",Drama,U,U,True,162.0,26 Mar 2026,False,Sharafudheen; Balachandra Menon; Nivin Pauly; Harisree Ashokan; Ann Augustine; Neethu Krishna,Unnikrishnan B,,1,1.619502114757332,7,2.1503,2.7308,0,Thursday,3,4.4,5.0,Rs8.59 Cr,Rs4.97 Cr,Rs2.85 Cr,,,Prathichaya_2026,Prathichaya,1516501.0
Pulimurugan,2016,Malayalam,pre_covid,9.06000018119812,ok,True,"Action, Thriller",Action,U,U,True,159.0,07 Oct 2016,False,Jagapathi Babu; Mohanlal; Kamalinee Mukherjee,Vysakh,Mulakuppadam Films,1,,0,1.6128,1.5646,0,Friday,10,6.154,65.0,Rs139.5 Cr,Rs67.04 Cr,Rs39.45 Cr,,31.54,Pulimurugan_2016,Pulimurugan,353501.0
Sambhavam Adhyayam Onnu,2026,Malayalam,post_covid,1.4300000369548798,ok,True,"Mystery, Thriller",Mystery,UA,U/A 13+,True,129.0,06 Mar 2026,True,Askar Ali; Assim Jamal; Vineeth Kumar; Senthil Krishna; Sidharth Bharathan,Jithu Satheesan Mangalathu,Nalla Cinema Productions,1,,0,0.8338,3.4749,0,Friday,3,7.167,18.0,Rs6.63 Cr,Rs5.27 Cr,Rs0.5 Cr,,,Sambhavam_Adhyayam_Onnu_2026,Sambhavam Adhyayam Onnu,1469458.0
Shylock,2020,Malayalam,during_covid,6.599999904632568,ok,True,"Action, Comedy",Action,UA,UA,True,130.0,23 Jan 2020,False,Mammootty,Ajai Vasudev,,1,2.8059914626855393,2,2.2205,1.0562,0,Thursday,1,3.5,20.0,Rs34.0 Cr,Rs18.0 Cr,Rs13.0 Cr,Rs13.0 Cr,13.0,Shylock_2020,Shylock (2020 film),663771.0
The Priest,2021,Malayalam,during_covid,6.099999904632568,ok,True,Mystery,Mystery,,,False,147.0,11 Mar 2021,False,Mammootty; Manju Warrier,Jofin T. Chacko,RD Illuminations,1,2.8735646395797834,3,0.3255,1.1069,0,Thursday,3,0.0,0.0,Rs28.5 Cr,Rs15.57 Cr,Rs10.1 Cr,Rs15.0 Cr,15.0,The_Priest_2021,The Priest (2021 film),844094.0
Thudakkam,2026,Malayalam,post_covid,10.399999856948853,ok,True,"Adventure, Thriller",Adventure,UA,U/A,True,139.0,07 Aug 2026,False,Sai Kumar; K. B. Ganesh Kumar; Aashish Joe Antony; Bobby Kurien; Ramesh Kottayam; Mohanlal; Jaffer Idukki; Vismaya Mohanlal,Jude Anthany Joseph,Gemini Film Circuit,1,1.2751253280622141,3,1.6128,8.5802,0,Friday,8,6.0,4.0,Rs45.01 Cr,Rs24.27 Cr,Rs16.9 Cr,,,Thudakkam_2026,Thudakkam,1506736.0
Trance,2020,Malayalam,during_covid,6.299999952316284,ok,True,"Action, Drama",Action,UA,UA,True,170.0,20 Feb 2020,False,Fahadh Faasil; Nazriya Nazim,Anwar Rasheed,Anwar Rasheed Entertainments,1,2.255493485460195,1,1.6283,1.2974,0,Thursday,2,6.8,65.0,Rs22.0 Cr,Rs13.6 Cr,Rs6.0 Cr,Rs22.0 Cr,22.0,Trance_2020,Trance (2020 film),590077.0
Unmadham,2026,Malayalam,post_covid,2.2699999809265137,ok,True,"Crime, Mystery, Thriller",Crime,UA,U/A,True,143.0,31 Jul 2026,False,Arun Cherukavil; Siddique; Shaju Sreedhar; Kunchacko Boban; Sudheesh; Lijomol Jose,Kiran Das,T-Series Films,1,1.5531142917526573,20,1.3461,6.082,0,Friday,7,6.917,6.0,Rs4.41 Cr,Rs3.83 Cr,Rs0.0 Cr,,,Unmadham_2026,Unmadham,1545486.0
Uyir,2026,Malayalam,post_covid,0.9500000178813934,ok,True,"Crime, Drama, Mystery",Crime,UA,U/A 16+,True,145.0,26 Jun 2026,False,,,,0,1.3456712908347745,555,1.1831,1.9819,0,Friday,6,5.333,3.0,Rs2.42 Cr,Rs2.17 Cr,₹0.00 Cr,,,Uyir_2026,Uyir (2026 film),1451486.0
Vaazha 2: Biopic of a Billion Bros,2026,Malayalam,post_covid,21.25,ok,True,"Action, Comedy, Drama, Family",Action,UA,U/A 13+,True,165.0,02 Apr 2026,False,Vinayak Mali; Vijay Babu; Alphonse Puthren; Hashir; Sudheesh; Aju Varghese,Savin S.A.,WBTS Productions,1,1.8245492997419677,2,1.188,3.6862,1,Thursday,4,7.591,22.0,Rs235.043 Cr,Rs123.82 Cr,Rs85.55 Cr,,8.9630372,Vaazha_2_Biopic_of_a_Billion_Bros_2026,Vaazha II: Biopic of a Billion Bros,1336770.0
Valathu Vasathe Kallan,2026,Malayalam,post_covid,3.299999952316284,ok,True,"Crime, Drama, Thriller",Crime,,,False,,30 Jan 2026,False,Biju Menon; Irshad Ali; Joju George; Lenaa; Vyshnavi Raj,Jeethu Joseph,,1,3.2144660918575414,6,,,0,Friday,1,,,Rs6.86 Cr,Rs5.83 Cr,Rs0.0 Cr,,,Valathu_Vasathe_Kallan_2026,,
Varane Avashyamund,2020,Malayalam,during_covid,3.9999999403953552,ok,True,Drama,Drama,U,U,True,145.0,07 Feb 2020,False,Suresh Gopi; Dulquer Salmaan; Shobana; Kalyani Priyadarshan,Anoop Sathyan,Wayfarer Films,1,1.8216794750826963,2,2.4652,1.3615,0,Friday,2,6.6,39.0,Rs31.5 Cr,Rs22.0 Cr,Rs6.0 Cr,Rs7.0 Cr,7.0,Varane_Avashyamund_2020,Varane Avashyamund,659731.0
Vellam,2021,Malayalam,during_covid,0.5200000107288361,ok,True,Drama,Drama,U,U,True,154.0,22 Jan 2021,False,,,,0,2.6623094072703952,208,1.7118,1.181,0,Friday,1,7.25,10.0,Rs2.52 Cr,Rs1.45 Cr,Rs0.85 Cr,Rs5.0 Cr,5.0,Vellam_2021,Vellam (2021 film),788962.0
Drishyam 3 (Malayalam),2026,Malayalam,post_covid,33.14999961853027,ok,True,"Crime, Drama, Thriller",Crime,UA,U/A,True,159.0,21 May 2026,False,Mohanlal; Siddique; Esther Anil; Asha Sharath; Meenakshi; Ansiba Hassan,Jeethu Joseph,Panorama Studios,1,2.2242817920288407,18,,,1,Thursday,5,,,Rs239.83 Cr,Rs97.45 Cr,Rs111.7 Cr,,,drishyam_3_malayalam_2026,Drishyam 3,
Aarpar,2025,Marathi,post_covid,0.5999999865889549,ok,True,"Drama, Romantic",Drama,,,False,128.0,12 Sep 2025,False,Lalit Prabhakar; Madhav Abhyankar; Hruta Durgule; Snehlata Vasayikar; Suhita Thatte,Gaurav Patki,Leons Media Productions.,1,,0,0.8815,1.9888,0,Friday,9,2.0,1.0,Rs1.64 Cr,Rs1.47 Cr,₹0.00 Cr,,,Aarpar_2025,Aarpar,1539463.0
Aga Aga Sunbai! Kay Mhantay Sasubai?,2026,Marathi,post_covid,1.800000011920929,ok,True,"Comedy, Drama",Comedy,U,U,True,,16 Jan 2026,False,Rajan Bhise; Nakul Ghanekar; Prarthana Behere; Nirmiti Sawant,Kedar Shinde,,1,,0,0.741,0.9642,0,Friday,1,7.0,1.0,Rs10.23 Cr,Rs8.97 Cr,Rs0.0 Cr,,,Aga_Aga_Sunbai_Kay_Mhantay_Sasubai_2026,Aga Aga Sunbai! Kay Mhantay Sasubai? (film),1619620.0
Alibaba Ani Chalishitale Chor,2024,Marathi,post_covid,0.8599999994039536,ok,True,"Comedy, Mystery",Comedy,UA,UA,True,125.0,29 Mar 2024,False,,,,0,2.0489791849783923,296,1.2077,1.0102,0,Friday,3,3.0,1.0,Rs2.99 Cr,Rs2.68 Cr,₹0.00 Cr,,,Alibaba_Ani_Chalishitale_Chor_2024,Alibaba Aani Chalishitale Chor,1259452.0
Alyad Palyad,2024,Marathi,post_covid,0.6700000092387199,ok,True,"Comedy, Horror",Comedy,UA,UA,True,129.0,14 Jun 2024,False,,,,0,1.8747163881515163,333,1.0423,1.1235,0,Friday,6,0.0,0.0,Rs4.6 Cr,Rs4.11 Cr,₹0.00 Cr,,,Alyad_Palyad_2024,Alyad Palyad,1301330.0
April May 99,2025,Marathi,post_covid,0.3899999968707561,ok,True,Drama,Drama,UA,U/A 13+,True,129.0,23 May 2025,False,,,,0,1.4113429471495993,514,0.866,1.0467,0,Friday,5,7.5,2.0,Rs1.4 Cr,Rs1.27 Cr,₹0.00 Cr,,1.245,April_May_99_2025,April May 99,1486322.0
Asambhav,2025,Marathi,post_covid,0.3399999998509884,ok,True,"Mystery, Romantic, Thriller",Mystery,UA,U/A 16+,True,140.0,21 Nov 2025,False,Sachit Patil; Sandeep Kulkarni; Mukta Barve; Priya Bapat,Sachit Patil,Mumbai Pune Films Entertainment,1,1.7578579196077062,1,0.8578,1.9548,0,Friday,11,0.0,0.0,Rs1.45 Cr,Rs1.34 Cr,₹0.00 Cr,,,Asambhav_2025,Asambhav (2025 film),1585791.0
Ashi Hi Jamva Jamvi,2025,Marathi,post_covid,0.4100000038743019,ok,True,"Comedy, Drama, Family",Comedy,,,False,,10 Apr 2025,False,,,,0,1.462348162108349,481,1.0955,0.7909,0,Thursday,4,2.0,1.0,Rs1.27 Cr,Rs1.12 Cr,₹0.00 Cr,,1.944524,Ashi_Hi_Jamva_Jamvi_2025,Ashi Hi Jamva Jamvi,1471503.0
Ata Thambaycha Naay,2025,Marathi,post_covid,0.7100000083446503,ok,True,"Drama, Family",Drama,,,False,144.0,01 May 2025,False,,,,0,1.4287624903746359,499,0.9579,0.8507,0,Thursday,5,7.0,3.0,Rs7.45 Cr,Rs6.69 Cr,₹0.00 Cr,,,Ata_Thambaycha_Naay_2025,Ata Thambaycha Naay!,1446710.0
Baipan Bhari Deva,2023,Marathi,post_covid,6.549999952316284,ok,True,"Comedy, Drama",Comedy,,,False,137.0,30 Jun 2023,False,Ankush Chaudhari; Sukanya Kulkarni; Rohini Hattangadi; Suchitra Bandekar; Vandana Gupte; Deepa Parab,Kedar Shinde,Jio Studios,1,0.9727860693600054,4,1.0955,0.8289,0,Friday,6,6.8,6.0,Rs90.5 Cr,Rs76.28 Cr,Rs0.0 Cr,,,Baipan_Bhari_Deva_2023,Baipan Bhari Deva,1146339.0
Bhootam Bhayyam,2026,Marathi,post_covid,1.479999989271164,ok,True,"Comedy, Horror, Thriller",Comedy,UA,U/A 16+,True,164.0,24 Jul 2026,False,Karan Sonawane; Saurabh Ghadge; Neel Salekar; Manmeet Pem; Shubham Jadhav; Pushkraj Chirputkar,Ramchandra Gaonkar,Zee Studios,0,,0,1.0854,1.6243,0,Friday,7,0.0,0.0,Rs3.75 Cr,Rs3.36 Cr,₹0.00 Cr,,,Bhootam_Bhayyam_2026,Bhootam Bhayyam,1729323.0
Bin Lagnachi Goshta,2025,Marathi,post_covid,0.5300000160932541,ok,True,"Comedy, Drama, Family",Comedy,,,False,134.0,12 Sep 2025,False,Girish Oak; Sanjay Mone; Umesh Kamat; Nivedita Saraf; Sukanya Kulkarni; Priya Bapat,Aditya Ingale,,1,,0,0.8025,0.5418,0,Friday,9,0.0,0.0,Rs1.43 Cr,Rs1.32 Cr,₹0.00 Cr,,,Bin_Lagnachi_Goshta_2025,Bin Lagnachi Goshta,1546299.0
Boyz 3,2022,Marathi,post_covid,3.050000011920929,ok,True,Comedy,Comedy,UA,UA,True,,16 Sep 2022,False,Sumant Shinde; Parth Bhalerao; Pratik Lad; Vidula Chougule,Vishal Devrukhkar,Everest Entertainment,1,,0,0.6749,1.1738,1,Friday,9,5.0,2.0,Rs5.68 Cr,Rs8.04 Cr,Rs0.0 Cr,,,Boyz_3_2022,Boyz 3,1025472.0
Boyz 4,2023,Marathi,post_covid,0.9700000286102296,ok,True,"Comedy, Drama",Comedy,,,False,134.0,20 Oct 2023,False,Parth Bhalerao; Abhinay Berde; Pratik Lad; Girish Kulkarni; Sumant Shinde; Ritika Shrotri,Vishal Sakharam Devrukhkar,Supreme Motion Pictures,1,1.398716884061887,1,0.7478,1.8358,1,Friday,10,0.0,0.0,Rs2.1 Cr,Rs1.76 Cr,Rs0.0 Cr,,,Boyz_4_2023,Boyz 4,1182389.0
Chandramukhi (Marathi),2022,Marathi,post_covid,1.2300000190734863,ok,True,"Drama, Musical, Period, Romantic",Drama,,,False,164.0,29 Apr 2022,False,Addinath Kothare; Prajakta Mali; Amruta Khanvilkar,Prasad Oak,Planet Marathi,1,,0,,,0,Friday,4,,,₹0.00 Cr,Rs2.18 Cr,₹0.00 Cr,,,Chandramukhi_2022,Chandramukhi (2022 film),
Chhatrapati Sambhaji,2024,Marathi,post_covid,0.6200000196695328,ok,True,"Action, Drama, Historical",Action,UA,U/A,True,136.0,02 Feb 2024,False,,,,0,2.218188423801213,268,0.8498,0.927,0,Friday,2,0.0,0.0,Rs1.66 Cr,Rs1.42 Cr,₹0.00 Cr,,,Chhatrapati_Sambhaji_2024,Chhatrapati Sambhaji (2024 film),1244749.0
Daagdi Chaawl 2,2022,Marathi,post_covid,1.5299999713897705,ok,True,"Crime, Drama",Crime,,,False,120.0,19 Aug 2022,False,Ankush Chaudhari; Makrand Deshpande; Yatin Karyekar; Pooja Sawant; Neha Bam,Chandrakant Kanse,Sangeeta Ahir Moviez,1,0.975662031746648,2,,,1,Friday,8,,,Rs2.4 Cr,Rs3.38 Cr,Rs0.0 Cr,,,Daagdi_Chaawl_2_2022,Dagadi Chawl,
Dashavatar,2025,Marathi,post_covid,4.400000095367432,ok,True,"Adventure, Drama, Thriller",Adventure,,,False,155.0,12 Sep 2025,False,Sunil Tawde; Dilip Prabhawalkar; Ravi Kale; Mahesh Manjrekar; Bharat Jadhav; Vijay Kenkare; Siddharth Menon; Abhinay Berde; Priyadarshini Indalkar; Aarti Wadagbalkar,Subodh Khanolkar,Ocean Film Company,1,,0,1.2777,0.8568,0,Friday,9,7.3,6.0,Rs28.5 Cr,Rs24.18 Cr,Rs0.0 Cr,Rs5.0 Cr,5.0,Dashavatar_2025,Dashavatar (2025 film),1539455.0
De Dhakka 2,2022,Marathi,post_covid,1.8800000250339508,ok,True,"Comedy, Drama",Comedy,,,False,,05 Aug 2022,False,Shivaji Satam; Pravin Tarde; Makarand Anaspure; Siddharth Jadhav; Bharti Achrekar; Gauri Ingavale,Sudesh Manjrekar,Skylink Entertainment,1,,0,0.7624,1.1588,1,Friday,8,4.0,1.0,₹0.00 Cr,Rs2.73 Cr,₹0.00 Cr,,,De_Dhakka_2_2022,De Dhakka 2,1012146.0
Deool Band 2,2026,Marathi,post_covid,13.299999952316284,ok,True,"Comedy, Drama",Comedy,UA,U/A,True,182.0,21 May 2026,False,Mahesh Manjrekar; Mohan Joshi; Pravin Tarde; Prasad Oak; Snehal Tarde,Pravin Tarde,,1,3.32193865066566,5,1.2777,1.9464,1,Thursday,5,0.0,0.0,Rs87.11 Cr,Rs74.35 Cr,Rs0.0 Cr,,,Deool_Band_2_2026,Deool Band 2,1699574.0
Dharmarakshak Mahaveer Chhatrapati Sambhaji Maharaj,2024,Marathi,post_covid,1.7899999916553495,ok,True,"Action, Drama, Historical, Period",Action,,,False,173.0,22 Nov 2024,False,,,,0,1.6317201482644241,407,0.9265,1.1242,0,Friday,11,0.0,0.0,Rs5.64 Cr,Rs10.0 Cr,₹0.00 Cr,,,Dharmarakshak_Mahaveer_Chhatrapati_Sambhaji_Maharaj_2024,Dharmarakshak Mahaveer Chhatrapati Sambhaji Maharaj,1388907.0
Dharmaveer,2022,Marathi,post_covid,9.079999923706056,ok,True,"Biography, Drama",Biography,UA,UA,True,160.0,13 May 2022,False,Vijay Nikam; Kshitish Date; Prasad Oak; Makrand Paddhye; Shruti Marathe,Pravin Tarde,Zee Studio,1,,0,1.2077,0.9281,0,Friday,5,7.714,7.0,Rs29.1 Cr,Rs24.67 Cr,Rs0.0 Cr,Rs7.0 Cr,7.0,Dharmaveer_2022,Dharmaveer 2,976783.0
Dharmaveer 2,2024,Marathi,post_covid,6.8399999141693115,ok,True,"Biography, Drama",Biography,UA,UA,True,160.0,27 Sep 2024,False,Prasad Oak; Kshitish Date,Pravin Tarde,Zee Studio,1,2.310553255074379,1,0.5602,0.915,1,Friday,9,4.333,3.0,Rs16.32 Cr,Rs14.06 Cr,Rs0.0 Cr,,,Dharmaveer_Mukkam_Post_Thane_2_2024,Dharmaveer 2,1323046.0
Dhurala,2020,Marathi,during_covid,2.4000000953674316,ok,True,Drama,Drama,U,U,True,169.0,03 Jan 2020,False,Ankush Chaudhari; Siddharth Jadhav; Sonali Kulkarni; Sai Tamhankar,Sameer Vidwans,Zee Studio,1,,0,0.9359,1.467,0,Friday,1,5.0,1.0,Rs8.7 Cr,Rs7.5 Cr,Rs0.0 Cr,Rs6.0 Cr,6.0,Dhurala_2020,Dhurala,662769.0
Fussclass Dabhade,2025,Marathi,post_covid,1.570000022649765,ok,True,"Comedy, Drama, Family",Comedy,,,False,,24 Jan 2025,False,,,,0,1.551122416628446,439,0.8025,0.9794,0,Friday,1,7.25,4.0,Rs4.25 Cr,Rs3.64 Cr,Rs0.0 Cr,,,Fussclass_Dabhade_2025,Fussclass Dabhade,1415263.0
Ghabadkund,2026,Marathi,post_covid,2.429999977350235,ok,True,"Action, Adventure, Suspense, Thriller",Action,,,False,132.0,19 Jun 2026,False,Sahil Annaldewar; Shashank shende; Sandeep Pathak; Ahemad Deshmukh; Devdatta Nage,Pritam SK Patil,,1,0.6151856358683607,1,,0.9561,0,Friday,6,0.0,0.0,Rs8.43 Cr,Rs7.52 Cr,₹0.00 Cr,,,Ghabadkund_2026,Ghabadkund,1718397.0
Ghar Banduk Biryani,2023,Marathi,post_covid,1.850000023841858,ok,True,"Action, Thriller",Action,,,False,161.0,07 Apr 2023,False,,,,0,2.3325625767705644,249,0.9066,0.9087,0,Friday,4,2.0,1.0,Rs4.75 Cr,Rs4.03 Cr,Rs0.0 Cr,,,Ghar_Banduk_Biryani,Ghar Banduk Biryani,1110814.0
Gharat Ganpati,2024,Marathi,post_covid,1.169999986886978,ok,True,"Comedy, Drama, Family",Comedy,,,False,,26 Jul 2024,False,,,,0,1.8125716557007627,348,1.1175,0.9902,0,Friday,7,7.6,5.0,Rs4.75 Cr,Rs4.27 Cr,₹0.00 Cr,,,Gharat_Ganpati_2024,Gharat Ganpati,1291239.0
Gulkand,2025,Marathi,post_covid,1.2399999797344208,ok,True,"Comedy, Family",Comedy,,,False,146.0,01 May 2025,False,,,,0,1.4287624903746359,499,1.1644,1.33,0,Thursday,5,6.0,3.0,Rs8.23 Cr,Rs7.32 Cr,₹0.00 Cr,,,Gulkand_2025,Gulkand (film),1442053.0
Har Har Mahadev,2022,Marathi,post_covid,2.949999988079071,ok,True,"Action, Drama, Historical",Action,UA,UA,True,162.0,25 Oct 2022,True,Subodh Bhave; Himanshu Jha; Mohan Joshi; Sharad Ponkshe; Sharad Kelkar,Abhijeet Shirish Deshpande,Zee Studio,1,,0,1.3192,1.037,0,Tuesday,10,8.0,5.0,Rs8.65 Cr,Rs9.68 Cr,Rs0.0 Cr,,,Har_Har_Mahadev_2022,Har Har Mahadev,1032616.0
Hashtag Tadev Lagnam,2024,Marathi,post_covid,0.3300000093877315,ok,True,"Drama, Family, Romantic",Drama,,,False,,20 Dec 2024,False,,,,0,1.6069388677302787,418,0.7853,1.172,0,Friday,12,0.0,0.0,Rs1.14 Cr,Rs1.01 Cr,₹0.00 Cr,,,Hashtag_Tadev_Lagnam_2024,Sharmishtha Raut,1388916.0
Jarann,2025,Marathi,post_covid,0.7799999937415123,ok,True,"Horror, Psychological, Thriller",Horror,,,False,124.0,06 Jun 2025,False,,,,0,1.3932184695183452,524,0.7332,1.1528,0,Friday,6,6.0,2.0,Rs8.3 Cr,Rs7.38 Cr,₹0.00 Cr,,,Jarann_2025,Jarann,1471468.0
Jayanti 2,2026,Marathi,post_covid,0.6799999997019768,ok,True,Drama,Drama,UA,UA,True,153.0,11 Sep 2026,False,Ruturaj Wankhede; Vijay Nikam; Priyadarshini Indalkar; Payal Jadhav,Shailesh Narwade,,1,2.310553255074379,1,0.9186,3.1527,1,Friday,9,0.0,0.0,Rs3.65 Cr,Rs3.28 Cr,Rs0.0 Cr,,,Jayanti_2_2026,Jayanti 2,1747479.0
Jhimma,2021,Marathi,during_covid,1.7500000596046448,ok,True,"Comedy, Drama",Comedy,,,False,137.0,19 Nov 2021,False,Suhas Joshi; Siddharth Chandekar; Suchitra Bandekar; Sonali Kulkarni; Kshitee Jog,Hemant Dhome,Crazy Few Films,1,,0,0.9387,0.6695,0,Friday,11,7.3,6.0,Rs15.7 Cr,Rs13.3 Cr,Rs0.0 Cr,Rs2.0 Cr,2.0,Jhimma_2021,Jhimma 2,904137.0
Jhimma 2,2023,Marathi,post_covid,4.769999921321869,ok,True,Drama,Drama,,,False,137.0,24 Nov 2023,False,Suhas Joshi; Siddharth Chandekar; Sayali Sanjeev; Kshitee Jog; Rinku Rajguru; Suchitra Bandekar; Nirmiti Sawant; Shivani Surve,Hemant Dhome,Jio Studios,1,1.011600933352896,1,0.7806,0.9112,1,Friday,11,6.0,1.0,Rs12.6 Cr,Rs10.62 Cr,Rs0.0 Cr,,,Jhimma_2_2023,Jhimma 2,1186387.0
Juna Furniture,2024,Marathi,post_covid,2.1200000047683716,ok,True,"Drama, Family",Drama,U,U,True,144.0,26 Apr 2024,False,Makarand Anaspure; Sameer Dharmadhikari; Onkar Bhojane; Sachin Khedekar; Mahesh Manjrekar; Rajesh Bhosle; Upendra Limaye; Medha Manjrekar,Mahesh Manjrekar,Skylink Entertainment,1,1.830445714646822,2,1.2777,1.202,0,Friday,4,6.5,4.0,Rs14.34 Cr,Rs12.45 Cr,Rs0.0 Cr,,,Juna_Furniture_2024,Juna Furniture,1267244.0
Krantijyoti Vidyalay Marathi Madhyam,2026,Marathi,post_covid,2.9999999403953552,ok,True,Drama,Drama,,,False,149.0,01 Jan 2026,False,Amey Wagh; Siddharth Chandekar; Sachin Khedekar; Prajakta Koli,Hemant Dhome,Crazy Few Films,1,2.1647461364032057,8,1.1337,2.2017,0,Thursday,1,10.0,1.0,Rs29.9 Cr,Rs25.05 Cr,Rs0.0 Cr,,3.4669764,Krantijyoti_Vidyalay_Marathi_Madhyam_2026,Krantijyoti Vidyalay Marathi Madhyam,1597670.0
Lochya Zaala Re,2022,Marathi,post_covid,1.0699999928474426,ok,True,"Comedy, Romantic",Comedy,,,False,,04 Feb 2022,False,Ankush Chaudhari; Sayaji Shinde; Siddharth Jadhav; Vaidehi Parshurami,Ravi Adhikari,Mumbai Movie Studios,1,2.97603967133276,1,0.9579,1.2028,0,Friday,2,5.5,2.0,Rs7.8 Cr,Rs5.49 Cr,Rs1.5 Cr,Rs5.0 Cr,5.0,Lochya_Zaala_Re_2022,Lochya Zaala Re,958851.0
Maharashtra Shaheer,2023,Marathi,post_covid,1.7500000298023224,ok,True,"Biography, Drama",Biography,,,False,143.0,28 Apr 2023,False,Ankush Chaudhari; Dushyant Wagh; Atul Kale; Amit Dolawat; Shubhangi Sadavarte; Sana Kedar Shinde,Kedar Shinde,Kedar Shinde Productions,1,0.9598477849747779,3,0.9359,0.7887,0,Friday,4,4.5,2.0,Rs7.6 Cr,Rs6.38 Cr,Rs0.0 Cr,,,Maharashtra_Shaheer_2023,Maharashtra Shahir,1092670.0
Mamachya Govyala Jauya,2026,Marathi,post_covid,0.7199999988079071,ok,True,Comedy,Comedy,UA,UA,True,122.0,31 Jul 2026,False,Mahesh Manjrekar; Abhijeet Chavan; Ankush Chaudhari; Kushal Badrike; Pravin Tarde; Santosh Juvekar; Neha Khan; Ruchira Jadhav,Viju Mane,VijuMenia,1,3.073709647687312,7,0.9359,1.1953,0,Friday,7,0.0,0.0,Rs2.31 Cr,Rs2.06 Cr,₹0.00 Cr,,,Mamachya_Govyala_Jauya_2026,Mamachya Govyala Jauya,1743690.0
Naach Ga Ghuma,2024,Marathi,post_covid,4.800000011920929,ok,True,"Comedy, Drama, Family",Comedy,U,U,True,139.0,01 May 2024,False,Sarang Sathaye; Namrata Awate Sambherao; Mukta Barve; Madhugandha Kulkarni,Paresh Mokashi,Hiranyagarbha Manoranjan,1,,0,0.8578,1.1551,0,Wednesday,5,6.167,3.0,Rs27.13 Cr,Rs23.55 Cr,Rs0.0 Cr,,,Naach_Ga_Ghuma_2024,Nach Ga Ghuma,1191712.0
Navra Maza Navsacha 2,2024,Marathi,post_covid,8.100000023841858,ok,True,"Comedy, Drama, Family",Comedy,,,False,143.0,20 Sep 2024,False,Sachin Pilgaonkar; Swapnil Joshi; Ashok Saraf; Siddharth Jadhav; Supriya Pilgaonkar; Hemal Ingale,Sachin Pilgaonkar,Sushriya Chitra,1,2.3978952727983707,1,1.0465,0.9662,1,Friday,9,4.5,2.0,Rs24.39 Cr,Rs20.67 Cr,Rs0.0 Cr,,,Navra_Maza_Navsacha_2_2024,Navra Maza Navsacha 2,1323828.0
Ole Aale,2024,Marathi,post_covid,1.5299999862909317,ok,True,"Adventure, Drama, Family",Adventure,,,False,146.0,05 Jan 2024,False,,,,0,2.2962984929397074,256,1.0974,0.7702,0,Friday,1,4.1,4.0,Rs8.6 Cr,Rs7.37 Cr,Rs0.0 Cr,,,Ole_Aale_2024,Ole Aale,1216909.0
Panchak,2024,Marathi,post_covid,0.6599999964237213,ok,True,"Comedy, Drama",Comedy,,,False,137.0,05 Jan 2024,False,,,,0,2.2962984929397074,256,0.8123,0.6786,0,Friday,1,0.0,0.0,Rs1.75 Cr,Rs1.48 Cr,Rs0.0 Cr,,,Panchak_2024,Panchak,1216880.0
Pandu,2021,Marathi,during_covid,1.9100000262260437,ok,True,Comedy,Comedy,,,False,118.0,03 Dec 2021,False,Kaushal Badrike; Bhau Kadam; Prajjakta Malli; Sonalee Kulkarni,Viju Mahe,Zee Studio,1,,0,0.9387,0.7962,0,Friday,12,6.5,2.0,Rs5.9 Cr,Rs5.5 Cr,Rs0.0 Cr,Rs4.0 Cr,4.0,Pandu_2021,Pandu (2021 film),922844.0
Pawankhind,2022,Marathi,post_covid,6.480000019073486,ok,True,"Action, Drama, Historical",Action,,,False,153.0,18 Feb 2022,False,Chinmay Mandlekar; Sameer Dharmadhikari; Ajay Purkar; Mrinal Kulkarni; Ruchi Savarn; Prajakta Mali,Digpal Lanjekar,Almonds Creations,1,,0,0.8981,1.3596,0,Friday,2,6.1,7.0,Rs44.5 Cr,Rs37.72 Cr,Rs0.0 Cr,Rs10.0 Cr,10.0,Pawankhind_2022,Pawankhind,939411.0
Phullwanti,2024,Marathi,post_covid,1.1900000125169754,ok,True,"Drama, Period, Romantic",Drama,,,False,134.0,11 Oct 2024,False,,,,0,1.684521422641806,389,0.8981,1.1456,0,Friday,10,6.5,2.0,Rs6.7 Cr,Rs5.96 Cr,₹0.00 Cr,,,Phullwanti_2024,Phullwanti,1360431.0
Premachi Goshta 2,2025,Marathi,post_covid,0.4200000017881393,ok,True,"Comedy, Drama, Fantasy, Romantic",Comedy,,,False,,21 Oct 2025,True,Lalit Prabhakar; Swwapnil Joshi; Bhau Kadam; Prasad Barve; Rucha Vaidya; Ridhima Pandit,Satish Rajwade,Everest Entertainment,1,1.308920496834172,2,0.8815,0.7879,1,Tuesday,10,0.0,0.0,Rs1.5 Cr,Rs1.33 Cr,₹0.00 Cr,,,Premachi_Goshta_2_2025,Premachi Goshta 2,1570746.0
Punha Shivajiraje Bhosale,2025,Marathi,post_covid,1.169999986886978,ok,True,"Drama, Historical, Political, Social",Drama,,,False,163.0,31 Oct 2025,False,Siddharth Bodke; Nityashree Dnyanlaxmi; Sanchi Bhoyar,Mahesh Manjrekar,,0,,0,1.2777,0.8251,0,Friday,10,0.0,0.0,Rs2.84 Cr,Rs2.43 Cr,Rs0.0 Cr,,,Punha_Shivajiraje_Bhosale_2025,Punha Shivajiraje Bhosale,1512087.0
Ranapati Shivray - Swari Agra,2026,Marathi,post_covid,0.6400000154972076,ok,True,"Action, Drama, Historical",Action,UA,U/A 16+,True,167.0,06 Feb 2026,False,Abhijeet Shwetachandra; Sameer Dharmadhikari; Ajay Purkar; Mrinal Kulkarni,Digpal Lanjekar,,1,1.8203165644849293,3,0.9932,2.171,0,Friday,2,0.0,0.0,Rs1.61 Cr,Rs1.39 Cr,₹0.00 Cr,,,Ranapati_Shivray__Swari_Agra_2026,Ranapati Shivray: Swari Agra,1641425.0
Sammarth,2026,Marathi,post_covid,0.4499999955296516,ok,True,"Devotional, Drama",Devotional,UA,U/A,True,146.0,14 Aug 2026,True,Pushkaraj Chirputkar; Bhushan Pradhan; Hardik Joshi; Isha Keskar; Sharvari Jamenis,Yogesh Phulphagar,A3 Events & Media Services,1,0.17395330668516854,1,0.5269,1.5924,0,Friday,8,9.0,1.0,Rs1.27 Cr,Rs1.15 Cr,₹0.00 Cr,,,Sammarth_2026,Sammarth,1747939.0
Sangeet Manapmaan,2025,Marathi,post_covid,1.0700000077486038,ok,True,"Drama, Musical, Romantic",Drama,,,False,165.0,10 Jan 2025,False,,,,0,1.576021143861486,429,0.9474,1.3549,0,Friday,1,7.0,1.0,Rs2.54 Cr,Rs2.26 Cr,₹0.00 Cr,,,Sangeet_Manapmaan_2025,Sangeet Manapmaan,1250985.0
Sant Dnyaneshwaranchi Muktaai,2025,Marathi,post_covid,0.3700000122189522,ok,True,"Biography, Drama, Historical",Biography,,,False,,18 Apr 2025,False,,,,0,1.4548226267357272,486,1.0265,0.8461,0,Friday,4,7.0,1.0,Rs1.19 Cr,Rs1.08 Cr,₹0.00 Cr,,,Sant_Dnyaneshwaranchi_Muktaai_2025,Sant Dnyaneshwaranchi Muktai,1313841.0
Sarsenapati Hambirrao,2022,Marathi,post_covid,4.889999985694885,ok,True,"Action, Drama, Historical",Action,,,False,158.0,27 May 2022,False,Devendra Gaikwad; Sunil Abhyankar; Raqesh Bapat; Gashmeer Mahajani; Pravin Tarde; Shruti Marathe; Rewati Limaye,Pravin Tarde,Urvita Productions,1,,0,1.0642,0.8356,0,Friday,5,5.0,1.0,Rs17.65 Cr,Rs15.09 Cr,Rs0.0 Cr,Rs10.0 Cr,10.0,Sarsenapati_Hambirrao_2022,Sarsenapati Hambirrao,980167.0
Satyashodhak,2024,Marathi,post_covid,0.5000000074505806,ok,True,Drama,Drama,,,False,145.0,05 Jan 2024,False,,,,0,2.2962984929397074,256,0.9378,0.6322,0,Friday,1,6.0,1.0,Rs2.6 Cr,Rs2.28 Cr,₹0.00 Cr,,,Satyashodhak_2024,Satyashodhak,1184693.0
Sher Shivraj,2022,Marathi,post_covid,4.200000047683716,ok,True,"Drama, Historical",Drama,,,False,153.0,22 Apr 2022,False,Ajay Purkar; Sameer Dharmadhikari; Mukesh Rishi; Chinmay Mandlekar; Mrinal Kulkarni,Digpal Lanjekar,Mumbai Movie Studios,1,3.435598808379488,1,1.3669,0.958,0,Friday,4,8.8,5.0,Rs7.6 Cr,Rs6.68 Cr,Rs0.0 Cr,Rs10.0 Cr,10.0,Sher_Shivraj_2022,Sher Shivraj (film),959834.0
Shivpratap Garudjhep,2022,Marathi,post_covid,1.4000000208616257,ok,True,"Action, Drama, Historical",Action,,,False,,05 Oct 2022,False,,,,0,2.4805426014119663,228,1.2172,0.7783,0,Wednesday,10,0.0,0.0,₹0.00 Cr,Rs2.73 Cr,₹0.00 Cr,,,Shivpratap_Garudjhep_2022,Shivpratap Garudjhep,1055707.0
Shivrayancha Chhava,2024,Marathi,post_covid,2.9499999284744263,ok,True,"Action, Drama, Historical",Action,UA,UA,True,145.0,16 Feb 2024,False,Bhushan Patil; Chinmay Mandlekar; Mrinal Kulkarni,Digpal Lanjekar,Malhar Picture Company,1,2.383279475046856,3,0.8669,0.3759,0,Friday,2,7.0,3.0,Rs6.59 Cr,Rs6.24 Cr,Rs0.0 Cr,,,Shivrayancha_Chhava_2024,Shivrayancha Chhava,1224364.0
Sridevi Prasanna,2024,Marathi,post_covid,0.6500000134110451,ok,True,"Comedy, Drama, Romantic",Comedy,UA,UA,True,,02 Feb 2024,False,,,,0,2.218188423801213,268,1.1644,0.6721,0,Friday,2,5.0,2.0,Rs1.38 Cr,Rs1.17 Cr,₹0.00 Cr,,,Sridevi_Prasanna_2024,Sridevi Prasanna,1229045.0
Subhedar,2023,Marathi,post_covid,5.049999952316284,ok,True,"Action, Drama, Historical",Action,UA,UA,True,154.0,25 Aug 2023,False,Digpal Lanjekar; Chinmay Mandlekar; Ajay Purkar; Mrinal Kulkarni,Digpal Lanjekar,Rajau Productions,1,2.6748900804897118,2,0.8669,0.921,0,Friday,8,7.0,2.0,Rs16.75 Cr,Rs14.12 Cr,Rs0.0 Cr,,,Subhedar_2023,Subhedar,1170678.0
Super Duperr,2026,Marathi,post_covid,0.8499999940395355,ok,True,"Comedy, Drama, Family",Comedy,UA,U/A,True,133.0,03 Apr 2026,False,Lalit Prabhakar; Kushal Badrike; Shashank shende; Vidula Chougule; Nirmiti Sawant,Sameer Asha Patil,,1,0.41033024686812736,2,0.8815,1.865,0,Friday,4,0.0,0.0,Rs3.85 Cr,Rs3.44 Cr,₹0.00 Cr,,,Super_Duperr_2026,Super Duperr,1652836.0
Swargandharv Sudhir Phadke,2024,Marathi,post_covid,0.6499999836087227,ok,True,"Biography, Drama, Musical",Biography,,,False,169.0,01 May 2024,False,,,,0,1.9459171263458797,316,,,0,Wednesday,5,,,Rs2.58 Cr,Rs2.28 Cr,₹0.00 Cr,,,Swargandharv_Sudhir_Phadke_2024,Swargandharva Sudhir Phadke,
Takatak 2,2022,Marathi,post_covid,0.9899999797344208,ok,True,"Comedy, Romantic",Comedy,,,False,,18 Aug 2022,False,Prathamesh Parab; Ajinkya Raut; Bhoomika Kadam; Pranali Bhalerao,Milind Zumber Kavde,Purple Bull Entertainment,1,1.5496879034725572,1,0.7146,0.8102,1,Thursday,8,4.0,1.0,₹0.00 Cr,Rs2.11 Cr,₹0.00 Cr,,,Takatak_2_2022,Takatak 2,1189561.0
Tighee,2026,Marathi,post_covid,0.1899999994784593,ok,True,"Drama, Family",Drama,A,A,True,107.0,06 Mar 2026,True,Pushkaraj Chirputkar; Nehha Pendse; Sonalee Kulkarni; Bharti Achrekar,Jeejivisha Kale,,1,,0,1.3405,2.9706,0,Friday,3,0.0,0.0,Rs1.8 Cr,Rs1.64 Cr,₹0.00 Cr,,,Tighee_2026,Tighee,1608274.0
Timepass 3,2022,Marathi,post_covid,3.709999978542328,ok,True,"Drama, Romantic",Drama,UA,UA,True,122.0,29 Jul 2022,False,Sanjay Narvekar; Prathamesh Parab; Bhau Kadam; Hruta Durgule,Ravi Jadhav,Zee Studio,1,1.0681530901957872,1,0.7913,0.757,1,Friday,7,6.3,3.0,₹0.00 Cr,Rs7.54 Cr,₹0.00 Cr,,,Timepass_3_2022,Timepass 3,1008004.0
Tumbadchi Manjula,2026,Marathi,post_covid,3.2500000596046448,ok,True,"Comedy, Horror",Comedy,,,False,152.0,05 Jun 2026,False,Om Bhutkar; Ganesh Pandit; Jitendra Joshi; Sai Tamhankar; Usha Nadkarni,Vividh Korgaonkar,,1,,0,1.1644,1.4974,0,Friday,6,7.0,1.0,Rs18.74 Cr,Rs16.47 Cr,Rs0.0 Cr,,1591.11,Tumbadchi_Manjula_2026,Tumbadchi Manjula,1665533.0
Uttar,2025,Marathi,post_covid,0.4899999946355819,ok,True,"Drama, Family",Drama,,,False,118.0,12 Dec 2025,False,Abhinay Berde; Renuka Shahane; Nirmiti Sawant; Hruta Durgule,Kshitij Patwardhan,,1,0.6780335572728562,1,0.741,2.0687,0,Friday,12,6.0,1.0,Rs3.1 Cr,Rs2.67 Cr,Rs0.0 Cr,,,Uttar_2025,Uttar (film),1600573.0
Vaalvi,2023,Marathi,post_covid,1.199999988079071,ok,True,"Comedy, Drama",Comedy,,,False,106.0,13 Jan 2023,True,,,,0,2.3712850150315,243,0.8007,1.0669,0,Friday,1,6.875,12.0,Rs8.5 Cr,Rs7.19 Cr,Rs0.0 Cr,,249.0,Vaalvi_2023,Vaalvi,1073486.0
Ved,2022,Marathi,post_covid,10.0,ok,True,"Drama, Romantic, Thriller",Drama,UA,UA,True,148.0,30 Dec 2022,False,Riteish Deshmukh; Salman Khan; Ashok Saraf; Genelia Deshmukh; Jiya Shankar,Riteish Deshmukh,Mumbai Film Company,1,4.142068856739516,11,1.3947,1.9797,0,Friday,12,7.167,12.0,Rs73.0 Cr,Rs61.2 Cr,Rs0.0 Cr,Rs10.0 Cr,10.0,Ved_2022,Ved (film),913544.0
Yek Number,2024,Marathi,post_covid,0.4200000017881393,ok,True,"Comedy, Drama, Family",Comedy,U,U,True,160.0,10 Oct 2024,False,,,,0,1.6879592178731706,388,0.5271,0.7386,0,Thursday,10,0.0,0.0,Rs1.64 Cr,Rs2.54 Cr,₹0.00 Cr,,,Yek_Number_2024,Yek Number (film),1369902.0
Zapuk Zupuk,2025,Marathi,post_covid,0.6500000059604645,ok,True,"Drama, Family",Drama,,,False,,25 Apr 2025,False,,,,0,1.4375803318641889,494,0.8069,0.642,0,Friday,4,0.0,0.0,Rs1.31 Cr,Rs1.15 Cr,Rs0.0 Cr,,,Zapuk_Zupuk_2025,Zapuk Zupuk,1484297.0
Raja Shivaji,2026,Marathi,post_covid,22.90000009536743,ok,True,"Action, Drama, Historical",Action,UA,U/A,True,195.0,01 May 2026,False,Riteish Deshmukh; Fardeen Khan; Sanjay Dutt; Salman Khan; Abhishek Bachchan; Sachin Khedekar; Vidya Balan; Genelia Deshmukh; Bhagyashree Patwardhan,Riteish Deshmukh,Mumbai Film Company,1,3.6090924664667385,11,2.1431,2.0531,0,Friday,5,5.9,5.0,Rs117.97 Cr,Rs71.02 Cr,Rs4.27 Cr,,74.7,raja_shivaji_2026,Raja Shivaji (film),1247165.0
Aaja Mexico Challiye,2022,Punjabi,post_covid,2.069999992847442,ok,True,"Drama, Thriller",Drama,UA,UA,True,152.0,25 Feb 2022,False,Ammy Virk; Marc Outbreak; Roman Brar Singh; Yasaman Mohsani,Rakesh Dhawan,Thind Motion Films,1,1.602423114897895,3,0.8462,1.3852,0,Friday,2,8.5,4.0,Rs2.92 Cr,Rs3.91 Cr,Rs0.0 Cr,,,Aaja_Mexico_Challiye_2022,Aaja Mexico Challiye,940270.0
Akaal,2025,Punjabi,post_covid,2.8899999260902405,ok,True,"Action, Drama",Action,,,False,,10 Apr 2025,False,Nikitin Dheer; Shinda Grewal; Gurpreet Ghuggi; Kanwaljit Singh; Gippy Grewal; Nimrat Khaira,Gippy Grewal,Humble Motion Pictures,1,2.6651426755356447,3,0.9944,1.163,0,Thursday,4,5.5,2.0,Rs9.2 Cr,Rs7.78 Cr,Rs0.0 Cr,,,Akaal_2025,Akaal: The Unconquered,1454405.0
Annhi Dea Mazaak Ae,2023,Punjabi,post_covid,1.899999976158142,ok,True,"Comedy, Romantic",Comedy,,,False,,21 Apr 2023,True,Ammy Virk; Nasir Chinyoti; Pari Pandher,Rakesh Dhawan,Rhythm Boyz Entertainment,1,1.9479468146566747,9,1.0874,1.3358,0,Friday,4,9.0,2.0,Rs7.5 Cr,Rs3.14 Cr,Rs4.5 Cr,,,Annhi_Dea_Mazaak_Ae_2023,Ammy Virk,1107553.0
Ardaas Sarbat De Bhale Di,2024,Punjabi,post_covid,4.499999940395355,ok,True,"Devotional, Drama, Family",Devotional,,,False,,13 Sep 2024,False,Gippy Grewal; Gurpreet Ghuggi; Jasmin Bhasin,Gippy Grewal,Jio Studios,1,1.8887083651381684,8,0.8698,1.0063,0,Friday,9,0.0,0.0,Rs43.18 Cr,Rs15.27 Cr,Rs25.0 Cr,,,Ardaas_Sarbat_De_Bhale_Di_2024,Gurpreet Ghuggi,1338721.0
Babe Bhangra Paunde Ne,2022,Punjabi,post_covid,3.149999976158142,ok,True,"Comedy, Musical, Romantic",Comedy,UA,UA,True,135.0,05 Oct 2022,False,Diljit Dosanjh; Devinder Dillon; Gurpreet Bhangu; Sargun Mehta; Jassica Gill,Amarjit Singh Saron,Thind Motion Films,1,2.2742326174651253,4,1.1194,1.151,0,Wednesday,10,6.6,5.0,Rs25.21 Cr,Rs8.65 Cr,Rs15.0 Cr,Rs10.0 Cr,10.0,Babe_Bhangra_Paunde_Ne_2022,Babe Bhangra Paunde Ne,1026448.0
Badnaam,2025,Punjabi,post_covid,0.8999999910593033,ok,True,"Drama, Romantic",Drama,,,False,,28 Feb 2025,False,,,,0,1.4962574211769235,464,1.3669,0.9524,0,Friday,2,0.0,0.0,Rs4.75 Cr,Rs3.95 Cr,Rs0.0 Cr,,,Badnaam_2025,Divyenndu,1439583.0
Bajre Da Sitta,2022,Punjabi,post_covid,1.3700000047683716,ok,True,Drama,Drama,U,U,True,,15 Jul 2022,False,Ammy Virk; Rupinder Rupi; Tania; Seema Kaushal,Jass Grewal,Tips Films Pvt. Ltd.,1,1.8444272139751252,6,0.8462,1.4216,0,Friday,7,6.5,4.0,₹0.00 Cr,Rs2.25 Cr,₹0.00 Cr,,,Bajre_Da_Sitta_2022,Bajre Da Sitta,999115.0
Bambukat 2,2026,Punjabi,post_covid,2.099999964237213,ok,True,"Comedy, Drama",Comedy,,,False,118.0,20 Feb 2026,False,Gurpreet Ghuggi; Ammy Virk; Binnu Dhillon; Karamjeet Anmol; Simi Chahal,Pankaj Batra,Rhythm Boyz,1,1.5001552616603198,17,0.8711,2.6363,1,Friday,2,0.0,0.0,Rs15.25 Cr,Rs6.18 Cr,Rs8.0 Cr,,,Bambukat_2_2026,Bambukat,1635529.0
Bibi Rajni,2024,Punjabi,post_covid,2.0000000596046448,ok,True,Drama,Drama,,,False,,30 Aug 2024,False,,,,0,1.7747976514543493,361,0.7796,0.945,0,Friday,8,7.333,3.0,Rs29.0 Cr,Rs16.96 Cr,Rs11.0 Cr,,,Bibi_Rajni_2024,Bibi Rajni,1339996.0
Blackia 2,2024,Punjabi,post_covid,1.4200000166893003,ok,True,"Action, Crime, Drama, Period",Action,,,False,142.0,08 Mar 2024,False,,,,0,2.120883557528759,284,0.9003,1.0445,1,Friday,3,10.0,1.0,Rs1.33 Cr,Rs2.25 Cr,Rs0.42 Cr,,,Blackia_2_2024,Blackia,1253059.0
Bol Bhavein Na Bol,2026,Punjabi,post_covid,0.9099999964237212,ok,True,Drama,Drama,UA,UA,True,146.0,04 Sep 2026,False,Hardeep Gill; Kaka; Sidak Gill; Pavan Malhotra; Jaanya Joshi,Rakesh Dhawan,,1,1.5368672144719837,1,0.5021,1.8897,0,Friday,9,0.0,0.0,Rs1.66 Cr,Rs1.49 Cr,Rs0.0 Cr,,,Bol_Bhavein_Na_Bol_2026,Waris Shah,1754629.0
Carry on Jatta 3,2023,Punjabi,post_covid,14.949999809265137,ok,True,Comedy,Comedy,,,False,140.0,29 Jun 2023,False,Gippy Grewal; Binnu Dhillon; Gurpreet Ghuggi; Kavita Kaushik; Sonam Bajwa,Smeep Kang,Omjee Star Studios,1,1.2372175544222659,3,1.0119,1.4587,1,Thursday,6,6.4,5.0,Rs101.9 Cr,Rs47.62 Cr,Rs46.0 Cr,,,Carry_on_Jatta_3_2023,Carry on Jatta 3,1084013.0
Carry on Jatta 4,2026,Punjabi,post_covid,7.800000071525574,ok,True,"Comedy, Family, Romantic",Comedy,,,False,143.0,26 Jun 2026,False,Gippy Grewal; Karamjit Anmol; Jaswinder Bhalla; Binnu Dhillon; Shinda Grewal; Gurpreet Ghuggi; Nirmal Rishi; Sargun Mehta; Seema Kaushal; Jasmin Bajwa,Smeep Kang,Panorama Studios,1,1.5010614154073194,11,1.0735,10.3877,1,Friday,6,7.0,2.0,Rs34.4 Cr,Rs18.74 Cr,Rs12.5 Cr,,,Carry_on_Jatta_4_2026,Carry On Jatta,1522333.0
Chal Mera Putt 2,2021,Punjabi,during_covid,7.200000047683716,ok,True,"Comedy, Drama",Comedy,UA,UA,True,124.0,27 Aug 2021,False,Amrinder Gill; Nasir Chinyoti; Iftikhar Thakur; Simi Chahal,Janjot Singh,Rhythm Boyz Entertainment,1,,0,1.0874,2.0575,1,Friday,8,7.7,7.0,Rs54.5 Cr,Rs17.2 Cr,Rs34.3 Cr,Rs10.0 Cr,10.0,Chal_Mera_Putt_2_2020,Chal Mera Putt,680956.0
Chal Mera Putt 3,2021,Punjabi,during_covid,5.0,ok,True,"Comedy, Drama",Comedy,U,U,True,124.0,01 Oct 2021,False,Iftikhar Thakur; Amrinder Gill; Nasir Chinyoti; Simi Chahal,Janjot Singh,,1,2.1041341600852945,1,0.8711,3.0584,1,Friday,10,6.0,2.0,Rs26.0 Cr,Rs9.9 Cr,Rs14.3 Cr,,,Chal_Mera_Putt_3_2021,Chal Mera Putt,878667.0
Chhalla Mud Ke Nahi Aaya,2022,Punjabi,post_covid,3.049999952316284,ok,True,Drama,Drama,,,False,140.0,29 Jul 2022,False,Amrinder Gill; Sargun Mehta,Amrinder Gill,Rhythm Boyz Entertainment,1,1.9479468146566747,2,1.0735,0.9977,0,Friday,7,0.0,0.0,₹0.00 Cr,Rs4.27 Cr,₹0.00 Cr,,,Chhalla_Mud_Ke_Nahi_Aaya_2022,Chhalla Mud Ke Nahi Aaya,1005167.0
DSP Dev 2,2026,Punjabi,post_covid,0.550000011920929,ok,True,"Action, Drama",Action,,,False,,13 Feb 2026,False,Deedar Gill; Dev Kharoud; Aditi Aarya,Mandeep Benipal,Dream Reality Movies,1,1.1439894729937743,2,0.9003,1.2942,1,Friday,2,3.0,1.0,Rs1.07 Cr,Rs1.04 Cr,Rs0.0 Cr,,,DSP_Dev_2_2026,Dev Kharoud,1636092.0
Daaru Na Peenda Hove,2024,Punjabi,post_covid,1.699999988079071,ok,True,"Comedy, Drama",Comedy,,,False,,02 Aug 2024,False,Zafri Khan; Amrinder Gill; Sohaila Kaur; Sonali Kaur Sivia,Rajiv Dhingra,Rhythm Boyz Entertainment,1,1.7648701662193467,3,0.7479,1.129,0,Friday,8,0.0,0.0,Rs1.38 Cr,Rs3.76 Cr,₹0.00 Cr,,,Daaru_Na_Peenda_Hove_2024,Karaj Gill,1321700.0
Dakuaan Da Munda 3,2025,Punjabi,post_covid,1.699999988079071,ok,True,"Action, Crime, Drama",Action,,,False,,13 Jun 2025,False,Dev Kharoud; Kabir Duhan Singh; Drishty Talwar; Baani Sandhu,Happy Rode,,1,2.4902289223892895,2,0.9003,0.8694,1,Friday,6,0.0,0.0,Rs4.92 Cr,Rs4.66 Cr,Rs0.0 Cr,,9.3537597,Dakuaan_Da_Munda_3_2025,Kabir Duhan Singh,1481965.0
Dastaar,2026,Punjabi,post_covid,1.0700000077486038,ok,True,"Action, Thriller",Action,,,False,,17 Jul 2026,False,Oliver Briscombe; Yograj Singh; Tarsem Jassar; Geet Goraya,Amar Hundal,White Hill Studios,1,2.099295510015203,4,0.623,3.5397,0,Friday,7,0.0,0.0,Rs2.38 Cr,Rs2.13 Cr,Rs0.0 Cr,,,Dastaar_2026,Dastar,1650856.0
Gaddi Jaandi Ae Chalaangaan Maardi,2023,Punjabi,post_covid,3.150000035762787,ok,True,"Comedy, Romantic",Comedy,UA,UA,True,122.0,28 Sep 2023,False,Jaswinder Bhalla; BN Sharma; Ammy Virk; Binnu Dhillon; Jasmin Bajwa; Maahi Sharma,Smeep Kang,White Hill Studios,1,1.2843116920842248,10,0.8524,1.06,0,Thursday,9,6.5,2.0,Rs6.35 Cr,Rs5.4 Cr,Rs0.0 Cr,,,Gaddi_Jaandi_Ae_Chalaangaan_Maardi_2023,Gaddi Jaandi Ae Chalaangaan Maardi,1147927.0
Galwakdi,2022,Punjabi,post_covid,1.8600000143051147,ok,True,"Comedy, Drama, Romantic",Comedy,UA,UA,True,,08 Apr 2022,False,B.N. Sharma; Tarsem Jassar; Raghveer Boli; Wamiqa Gabbi,Sharan Art,Vehli Janta Films,1,,0,2.1739,1.6286,0,Friday,4,6.0,1.0,₹0.00 Cr,Rs2.82 Cr,₹0.00 Cr,,,Galwakdi_2021,Wamiqa Gabbi,681169.0
Gandhi 3: Yarran Da Yaar,2024,Punjabi,post_covid,2.3799999952316284,ok,True,"Action, Crime, Drama",Action,,,False,,30 Aug 2024,False,,,,0,1.7747976514543493,361,,,1,Friday,8,,,Rs0.63 Cr,Rs5.49 Cr,₹0.00 Cr,,,Gandhi_3_Yarran_Da_Yaar_2024,B Praak,
Gangland,2025,Punjabi,post_covid,0.5799999982118607,ok,True,"Action, Crime, Drama",Action,,,False,,25 Apr 2025,False,,,,0,1.4375803318641889,494,3.7211,2.9359,0,Friday,4,7.045,11.0,Rs1.24 Cr,Rs1.11 Cr,₹0.00 Cr,,,Gangland_2025,Gangland: The City of Crime,1147610.0
Godday Godday Chaa,2023,Punjabi,post_covid,2.0099999606609344,ok,True,"Comedy, Drama",Comedy,,,False,129.0,26 May 2023,False,Gitaj Bindrakhia; Gurjazz; Sonam Bajwa; Tania,Vijay Kumar Arora,Zee Studios,1,1.086363474088209,2,1.0119,1.0261,0,Friday,5,4.75,4.0,Rs22.4 Cr,Rs11.31 Cr,Rs9.0 Cr,,,Godday_Godday_Chaa_2023,Godday Godday Chaa,1090206.0
Godday Godday Chaa 2,2025,Punjabi,post_covid,0.7299999967217445,ok,True,"Comedy, Drama",Comedy,,,False,129.0,21 Oct 2025,True,Gurjazz; Ammy Virk; Gitaj Bindrakhia; Tania; Nikeet Dhillon,Vijay Kumar Arora,Zee Studios,1,1.5596573776006684,16,0.8462,1.4765,1,Tuesday,10,0.0,0.0,Rs3.55 Cr,Rs3.07 Cr,Rs0.0 Cr,,,Godday_Godday_Chaa_2_2025,Godday Godday Chaa,1554048.0
Guru Nanak Jahaz,2025,Punjabi,post_covid,1.5999999642372131,ok,True,"Drama, Historical",Drama,,,False,142.0,01 May 2025,False,,,,0,1.4287624903746359,499,0.8698,1.1756,0,Thursday,5,0.0,0.0,Rs6.63 Cr,Rs5.95 Cr,₹0.00 Cr,,,Guru_Nanak_Jahaz_2025,Guru Nanak Jahaz,1469409.0
Honeymoon,2022,Punjabi,post_covid,1.7000000178813934,ok,True,"Comedy, Romantic",Comedy,,,False,97.0,25 Oct 2022,True,,,,0,2.4735335452749982,229,0.8581,1.4306,0,Tuesday,10,7.0,4.0,Rs4.5 Cr,Rs5.1 Cr,Rs0.0 Cr,,,Honeymoon_2022,The Honeymoon (2022 film),1033884.0
Honsla Rakh,2021,Punjabi,during_covid,7.619999885559082,ok,True,"Comedy, Drama",Comedy,U,U,True,145.0,15 Oct 2021,False,Diljit Dosanjh; Shinda Grewal; Shehnaaz Kaur Gill; Sonam Bajwa,Amarjit Singh Saron,,1,2.314281799487036,3,1.2382,1.0536,0,Friday,10,6.417,12.0,Rs52.92 Cr,Rs21.54 Cr,Rs27.5 Cr,Rs15.0 Cr,15.0,Honsla_Rakh_2021,Honsla Rakh,879337.0
Hoshiar Singh (Apna Arastu),2025,Punjabi,post_covid,0.5,ok,True,"Comedy, Drama",Comedy,,,False,,07 Feb 2025,False,,,,0,1.5206729421818568,452,,,0,Friday,2,,,Rs2.7 Cr,Rs2.43 Cr,₹0.00 Cr,,,Hoshiar_Singh_2025,Simi Chahal,
Ikk Kudi,2025,Punjabi,post_covid,0.6000000014901161,ok,True,"Comedy, Romantic",Comedy,,,False,,31 Oct 2025,False,Baljinder Darapuri; Sukhi Chahal; Gurjazz; Shehnaaz Kaur Gill; Nirmal Rishi,Amarjit Singh Saron,Shehnaaz Gill Production,1,1.0986122886681098,2,0.8307,0.7815,0,Friday,10,0.0,0.0,Rs15.19 Cr,Rs5.32 Cr,Rs9.0 Cr,,,Ikk_Kudi_2025,Alia Bhatt filmography,1488449.0
Ishqan De Lekhe,2026,Punjabi,post_covid,1.5999999940395355,ok,True,"Drama, Romantic",Drama,,,False,,06 Mar 2026,True,Gurnam Bhullar; Raghavv Bbhanot; Balwinder Bullet; Arshdeep Kaur Bhatti; Isha Malviya,Manvir Brar,Gurjassk Productions,0,,0,0.8896,2.6924,0,Friday,3,10.0,1.0,Rs16.51 Cr,Rs11.94 Cr,Rs3.85 Cr,,,Ishqan_De_Lekhe_2026,,1643729.0
Ishqnama,2026,Punjabi,post_covid,3.199999988079071,ok,True,"Drama, Period, Romantic",Drama,,,False,,24 Jul 2026,False,Saurabh Sachdeva; Mahanbir Bhullar; Anjum Batra; Jayy Randhawa; Preet Bhullar; Shehnaaz Kaur Gill,Arvindr Khaira,,1,2.0879622784527228,2,1.2855,1.9826,0,Friday,7,2.0,1.0,Rs16.3 Cr,Rs11.61 Cr,Rs2.74 Cr,,,Ishqnama_2026,Shehnaaz Gill,1649791.0
Jatt Nuu Chudail Takri,2024,Punjabi,post_covid,3.899999976158142,ok,True,"Comedy, Horror",Comedy,,,False,,15 Mar 2024,False,Gippy Grewal; B.N. Sharma; Nirmal Rishi; Sargun Mehta; Roopi Gill,Vikas Vashisht,Dreamiyata,1,1.7099359550781923,6,1.0735,0.7776,0,Friday,3,9.0,4.0,Rs33.0 Cr,Rs14.44 Cr,Rs16.0 Cr,,,Jatt_Nuu_Chudail_Takri_2024,Jatt Nuu Chudail Takri,1184246.0
Jatt & Juliet 3,2024,Punjabi,post_covid,13.099999904632568,ok,True,"Comedy, Romantic",Comedy,,,False,151.0,27 Jun 2024,False,Nasir Chinyoti; BN Sharma; Diljit Dosanjh; Rana Ranbir; Jasmin Bajwa; Neeru Bajwa,Jagdeep Sidhu,White Hill Studios,1,2.0094843354716776,6,1.3979,0.8748,1,Thursday,6,7.9,9.0,Rs102.62 Cr,Rs38.25 Cr,Rs57.5 Cr,,,Jatt__Juliet_3_2024,A Flying Jatt,1184243.0
Je Jatt Vigarh Gya,2024,Punjabi,post_covid,1.340000003576279,ok,True,"Action, Drama",Action,,,False,,17 May 2024,False,Pawan Malhotra; Jayy Randhawa; Deep Sehgal,Maneesh Bhatt,Thind Motion Films,1,2.610069803260473,1,0.8713,1.186,0,Friday,5,10.0,1.0,Rs1.98 Cr,Rs3.74 Cr,₹0.00 Cr,,,Je_Jatt_Vigarh_Gya_2024,Janardhana Maharshi,1279657.0
Jodi,2023,Punjabi,post_covid,3.649999976158142,ok,True,"Comedy, Period, Romantic",Comedy,U,U,True,139.0,05 May 2023,False,Jarnail Singh; Hardeep Gill; Diljit Dosanjh; Ravinder Mand; Nimrat Khaira,Amberdeep Singh,Thind Motion Films,1,2.1040077596716165,5,1.1194,1.1365,0,Friday,5,9.7,3.0,Rs47.45 Cr,Rs11.35 Cr,Rs34.0 Cr,,,Jodi_2023,Jodi (2023 film),809725.0
Jora: The Second Chapter,2020,Punjabi,during_covid,0.5000000074505806,ok,True,"Action, Crime, Thriller",Action,,,False,,06 Mar 2020,False,Singga; Dharmendra; Deep Sidhu; Mahie Gill; Japji Khaira,Amardeep Singh Gill,Bathinda Wale Bai Films,1,1.9892432737616872,1,1.2159,0.8875,1,Friday,3,0.0,0.0,Rs1.5 Cr,Rs1.1 Cr,Rs0.2 Cr,Rs10.0 Cr,10.0,Jora_The_Second_Chapter_2020,Jora: The Second Chapter,680953.0
Judaa,2026,Punjabi,post_covid,1.1899999678134918,ok,True,"Drama, Romantic",Drama,,,False,125.0,21 Aug 2026,False,Gulab Sidhu; Jasmin Bhasin; Parminder Gill,Simerjit Singh,Zippy Music,1,1.704748081401217,1,0.8066,1.627,0,Friday,8,0.0,0.0,Rs2.84 Cr,Rs2.53 Cr,Rs0.0 Cr,,,Judaa_2026,Ek Din,1649723.0
Kali Jotta,2023,Punjabi,post_covid,2.900000035762787,ok,True,"Drama, Romantic",Drama,,,False,130.0,03 Feb 2023,False,Satinder Sartaaj; Wamiqa Gabbi; Neeru Bajwa,Vijay Kumar Arora,VH Entertainment,1,0.9376880642034034,3,2.1739,1.3619,0,Friday,2,7.0,1.0,Rs40.5 Cr,Rs17.13 Cr,Rs20.0 Cr,Rs3.0 Cr,3.0,Kali_Jotta_2023,Kali Jotta,1071819.0
Khaao Piyo Aish Karo,2022,Punjabi,post_covid,0.9099999964237212,ok,True,"Comedy, Drama",Comedy,,,False,,01 Jul 2022,False,,,,0,2.548991883365062,220,0.8422,1.4405,0,Friday,7,9.0,1.0,₹0.00 Cr,Rs1.28 Cr,₹0.00 Cr,,,Khaao_Piyo_Aish_Karo_2022,Khaao Piyo Aish Karo,996755.0
Kudi Haryane Val Di,2024,Punjabi,post_covid,2.5000000596046448,ok,True,"Comedy, Romantic",Comedy,,,False,160.0,14 Jun 2024,False,Yograj Singh; Yashpal Sharma; Ajay Hooda; Ammy Virk; Sonam Bajwa,Rakesh Dhawan,Ramara films,1,2.3814730181785153,3,1.3873,0.8466,0,Friday,6,0.0,0.0,Rs3.18 Cr,Rs6.44 Cr,Rs0.0 Cr,,,Kudi_Haryane_Val_Di_2024,Kudi Haryane Val Di,1184245.0
Laung Laachi 2,2022,Punjabi,post_covid,1.3599999845027924,ok,True,"Drama, Romantic",Drama,,,False,137.0,19 Aug 2022,False,Ammy Virk; Amberdeep Singh; Neeru Bajwa,Amberdeep Singh,Villagers Film Studio,1,1.458815538754052,7,1.3979,0.6819,1,Friday,8,0.0,0.0,₹0.00 Cr,Rs2.11 Cr,₹0.00 Cr,,,Laung_Laachi_2_2022,Laung Laachi,1013615.0
Moh,2022,Punjabi,post_covid,1.169999986886978,ok,True,"Drama, Romantic",Drama,UA,UA,True,149.0,16 Sep 2022,False,Prabh Bains; Gitaj Bindrakhia; Amrit Amby; Sargun Mehta,Jagdeep Sidhu,Tips Films Pvt. Ltd.,1,,0,1.0735,2.0546,0,Friday,9,10.0,1.0,Rs3.8 Cr,Rs1.95 Cr,Rs1.5 Cr,Rs7.0 Cr,7.0,MOH_2022,Moh (film),814296.0
Maa,2022,Punjabi,post_covid,2.0599999725818634,ok,True,Drama,Drama,,,False,140.0,06 May 2022,False,Gippy Grewal; Raghveer Boli; Divya Dutta; Aarushi Sharma,Baljit Singh Deo,Humble Motion Pictures,1,1.134622730790858,1,1.1798,0.929,0,Friday,5,0.0,0.0,₹0.00 Cr,Rs3.0 Cr,₹0.00 Cr,,,Maa_2022,Maa (2022 film),974304.0
Maa Da Ladla,2022,Punjabi,post_covid,1.2700000405311584,ok,True,Comedy,Comedy,U,U,True,127.0,16 Sep 2022,False,Tarsem Jassar; Iftikhar Thakur; Neeru Bajwa; Nirmal Rishi,Uday Pratap Singh,Vehli Janta Films,1,1.9479468146566747,2,1.3979,2.0465,0,Friday,9,7.0,1.0,Rs6.41 Cr,Rs3.77 Cr,Rs2.0 Cr,Rs7.0 Cr,7.0,Maa_Da_Ladla_2022,Maa Da Ladla,1021661.0
Madhaniyan,2025,Punjabi,post_covid,0.6200000047683716,ok,True,"Drama, Family, Romantic",Drama,,,False,,31 Oct 2025,False,Raj Dhaliwal; Gurpreet Ghuggi; Neeru Bajwa; Nirmal Rishi; Poonam Dhillon,Nav Bajwa,Prabh Studios,1,1.547332393999784,6,1.3979,1.7566,0,Friday,10,4.5,1.0,Rs1.35 Cr,Rs1.15 Cr,Rs0.0 Cr,,,Madhaniyan_2025,Neeru Bajwa,1568195.0
Majhail,2025,Punjabi,post_covid,1.070000022649765,ok,True,"Action, Crime, Drama",Action,,,False,,31 Jan 2025,False,,,,0,1.535276313793132,446,0.9003,0.8727,0,Friday,1,9.3,3.0,Rs3.25 Cr,Rs2.8 Cr,Rs0.0 Cr,,,Majhail_2025,Majhail (film),1420505.0
Mastaney,2023,Punjabi,post_covid,9.200000047683716,ok,True,"Action, Drama, Period",Action,UA,UA,True,145.0,25 Aug 2023,False,Rahul Dev; Arif Zakaria; Tarsem Jassar; Gurpreet Ghuggi; Simi Chahal,Sharan Art,Vehli Janta Films,1,3.5245942614920103,2,0.8711,0.9086,0,Friday,8,10.0,1.0,Rs74.0 Cr,Rs26.31 Cr,Rs42.75 Cr,,18.0027,Mastaney_2023,Mastaney,1161406.0
Maujaan Hi Maujaan,2023,Punjabi,post_covid,1.649999976158142,ok,True,Comedy,Comedy,,,False,150.0,20 Oct 2023,False,Gippy Grewal; Binnu Dhillon; Karamjit Anmol; Tanu Grewal,Smeep Kang,SRR Pictures,1,2.7694588172725547,4,0.8581,1.248,0,Friday,10,0.0,0.0,Rs6.25 Cr,Rs3.86 Cr,Rs1.7 Cr,,,Maujaan_Hi_Maujaan_2023,Maujaan Hi Maujaan,1156129.0
Maurh,2023,Punjabi,post_covid,2.650000035762787,ok,True,"Action, Biography, Drama",Action,,,False,140.0,09 Jun 2023,False,Dev Kharoud; Amiek Virk; Kuljinder Sidhu; Jarnail Singh; Vikramjeet Virk,Jatinder Mauhar,Rhythm Boyz Entertainment,1,,0,0.9003,1.1607,0,Friday,6,5.8,5.0,Rs10.0 Cr,Rs3.9 Cr,Rs5.4 Cr,,,Maurh_2023,Maurh,1126848.0
Medal,2023,Punjabi,post_covid,1.7599999997764826,ok,True,"Action, Drama",Action,,,False,166.0,02 Jun 2023,False,Pradeep Rawat; Jayy Randhawa; Hobby Dhaliwal; Bani Sandhu,Maneesh Bhatt,Desi Junction,1,1.8050046834297293,1,0.9937,1.9837,0,Friday,6,10.0,2.0,Rs4.5 Cr,Rs3.66 Cr,Rs0.0 Cr,,,Medal_2023,Medal (film),1135839.0
Mithde,2025,Punjabi,post_covid,0.6199999898672104,ok,True,"Drama, Family",Drama,,,False,,14 Mar 2025,True,,,,0,1.4855820376909368,470,0.8307,0.8273,0,Friday,3,2.25,2.0,Rs2.23 Cr,Rs2.0 Cr,₹0.00 Cr,,,Mithde_2025,Tania (actress),1447652.0
Mittran Da Challeya Truck Ni,2024,Punjabi,post_covid,2.450000047683716,ok,True,"Comedy, Drama, Romantic",Comedy,UA,UA,True,,11 Oct 2024,False,,,,0,1.684521422641806,389,0.9017,2.2892,0,Friday,10,8.0,2.0,Rs2.01 Cr,Rs7.25 Cr,₹0.00 Cr,,,Mittran_Da_Challeya_Truck_Ni_2024,Amrinder Gill,1369080.0
Moosa Jatt,2021,Punjabi,during_covid,1.3899999856948853,ok,True,"Action, Drama",Action,,,False,130.0,08 Oct 2021,False,Sidhu Moosewala; Pardeep Brar; Sweetaj Brar,Khushpal Singh,Friday Russh Motion Pictures,0,,0,1.5441,2.0153,0,Friday,10,8.0,4.0,Rs4.3 Cr,Rs2.31 Cr,Rs1.6 Cr,Rs7.0 Cr,7.0,Moosa_Jatt_2021,Moosa Jatt,881609.0
Mr & Mrs 420 Again,2025,Punjabi,post_covid,1.449999988079071,ok,True,"Comedy, Drama",Comedy,,,False,,27 Jun 2025,False,Jagjeet Sandhu; Gurpreet Ghuggi; Naresh Kathooria; Jassie Gill; Sanju Solanki; Deepali Rajput; Monica Sharma,Ksshitij Chaudhary,,1,1.7101434875769925,4,0.8698,1.0048,1,Friday,6,0.0,0.0,Rs4.45 Cr,Rs3.77 Cr,Rs0.0 Cr,,,Mr__Mrs_420_Again_2025,MR,1488859.0
Ni Main Sass Kuttni 2,2024,Punjabi,post_covid,1.7399999797344208,ok,True,"Comedy, Drama, Family",Comedy,,,False,,07 Jun 2024,False,Gurpreet Ghuggi; Samarth Kaimliya; Karamjit Anmol; Anita Devgan; Nirmal Rishi; Tanvi Nagi,Mohit Banwait,Yoodlee Films,1,2.7694588172725547,1,0.8698,1.0196,1,Friday,6,6.206,51.0,Rs1.63 Cr,Rs4.4 Cr,₹0.00 Cr,,,Ni_Main_Sass_Kuttni_2_2024,Anita Devgan,1243093.0
Nikka Zaildar 4,2025,Punjabi,post_covid,2.0,ok,True,"Comedy, Drama, Romantic",Comedy,,,False,,02 Oct 2025,False,Sukhi Chahal; Ammy Virk; Sonam Bajwa; Anita Devgan; Nirmal Rishi; Sonia Kour,Simerjit Singh,White Hill Studios,1,1.5903937168628388,15,2.1739,1.3732,1,Thursday,10,0.0,0.0,Rs6.43 Cr,Rs5.47 Cr,Rs0.0 Cr,,,Nikka_Zaildar_4_2025,Wamiqa Gabbi,1442778.0
Oye Bhole Oye,2024,Punjabi,post_covid,0.7900000214576721,ok,True,"Comedy, Drama",Comedy,U,U,True,132.0,16 Feb 2024,False,,,,0,2.186461733128463,273,0.7678,0.9437,0,Friday,2,0.0,0.0,Rs2.95 Cr,Rs3.15 Cr,Rs0.0 Cr,,,Oye_Bhole_Oye_2024,Oye Bhole Oye,1246507.0
Oye Bhole Oye 2,2026,Punjabi,post_covid,1.2600000202655792,ok,True,"Comedy, Drama",Comedy,,,False,,12 Jun 2026,False,Jagjeet Sandhu; Parkash Gadhu; Dheeraj Kumar; Pardeep Cheema,Jagjeet Sandhu,,1,0.8960880196909503,1,0.8693,1.3467,1,Friday,6,0.0,0.0,Rs2.57 Cr,Rs3.68 Cr,₹0.00 Cr,,,Oye_Bhole_Oye_2_2026,Oye Bhole Oye 2,1688935.0
Oye Makhna,2022,Punjabi,post_covid,1.0300000309944153,ok,True,,,,,False,129.0,04 Nov 2022,False,Ammy Virk; Kamaldeep Kaur; Guggu Gill; Siddhika Sharma; Tania,Simerjit Singh,Yoodlee Films,1,1.3837962979686587,8,0.8462,2.2167,0,Friday,11,6.5,2.0,Rs5.37 Cr,Rs2.01 Cr,Rs3.0 Cr,,,Oye_Makhna_2022,Oye Makhna,1039502.0
Paani Ch Madhaani,2021,Punjabi,during_covid,2.1100000143051147,ok,True,"Comedy, Romantic",Comedy,UA,UA,True,127.0,05 Nov 2021,True,Gippy Grewal; Neeru Bajwa,Vijay Kumar Arora,Dara Films Entertainment,1,,0,1.3979,0.9879,0,Friday,11,7.0,1.0,Rs2.45 Cr,Rs2.58 Cr,Rs0.0 Cr,,,Paani_Ch_Madhaani_2021,Paani Ch Madhaani,890453.0
Phaphey Kuttniyan,2025,Punjabi,post_covid,1.530000001192093,ok,True,"Comedy, Crime",Comedy,U,U,True,,22 Aug 2025,False,Prabh Bains; Amrit Amby; Neeru Bajwa; Tania,Prem Singh Sidhu,Neeru Bajwa Entertainment,1,1.014025757354184,5,1.3979,1.9348,0,Friday,8,4.0,1.0,Rs4.54 Cr,Rs4.08 Cr,Rs0.0 Cr,,,Phaphey_Kuttniyan_2025,Tania (actress),1526946.0
Pind Peya Saara Jombieland Baneya,2025,Punjabi,post_covid,0.979999989271164,ok,True,"Comedy, Horror",Comedy,,,False,,13 Jun 2025,False,Binnu Dhillon; G Khan; Angira Dhar; Kanika Mann,Thaparr,,1,1.872009224136879,2,0.9842,1.083,0,Friday,6,5.7,3.0,Rs4.5 Cr,Rs3.81 Cr,Rs0.0 Cr,,24.9,Pind_Peya_Saara_Jombieland_Baneya_2025,Pind Peya Saara Jombieland Baneya,1487289.0
Pitt Siyapa,2026,Punjabi,post_covid,0.6599999964237213,ok,True,"Action, Comedy, Drama",Action,,,False,,01 May 2026,False,,,,0,1.3502085822576495,552,1.1593,2.0577,0,Friday,5,0.0,0.0,Rs1.47 Cr,Rs1.33 Cr,₹0.00 Cr,,,Pitt_Siyapa_2026,Sonam Bajwa,1650939.0
Puaada,2021,Punjabi,during_covid,2.060000002384186,ok,True,"Comedy, Romantic",Comedy,,,False,130.0,12 Aug 2021,False,Ammy Virk; Sonam Bajwa,Rupinder Chahal,Brat Films,1,1.7867469122287887,1,1.0425,0.9865,0,Thursday,8,6.5,3.0,Rs16.2 Cr,Rs6.55 Cr,Rs8.6 Cr,Rs8.0 Cr,8.0,Puaada_2021,Puaada,682875.0
Qismat 2,2021,Punjabi,during_covid,5.699999928474426,ok,True,"Drama, Romantic",Drama,UA,UA,True,154.0,23 Sep 2021,False,Ammy Virk; Sargun Mehta; Tania,Jagdeep Sidhu,,1,1.7867469122287887,2,1.0735,1.1944,1,Thursday,9,5.8,2.0,Rs25.5 Cr,Rs14.93 Cr,Rs8.1 Cr,,,Qismat_2_2021,Qismat 2,860878.0
Rabb Da Radio 3,2026,Punjabi,post_covid,3.600000023841858,ok,True,"Drama, Romantic",Drama,,,False,118.0,03 Apr 2026,False,Tarsem Jassar; Sukhi Chahal; Nimrat Khaira; Nirmal Rishi,Harry Bhatti,Vehli Janta Records,1,1.8450818141236442,3,0.8307,1.7215,1,Friday,4,8.0,1.0,Rs29.66 Cr,Rs12.57 Cr,Rs15.3 Cr,,,Rabb_Da_Radio_3_2026,Rabb Da Radio,1211237.0
Sarbala Ji,2025,Punjabi,post_covid,4.600000023841858,ok,True,"Comedy, Drama, Family, Romantic",Comedy,,,False,,18 Jul 2025,False,Guggu Gill; Gippy Grewal; Ammy Virk; Sargun Mehta; Nimrat Khaira,Mandeep Kumar,,1,1.5809385107817147,14,1.0735,1.104,0,Friday,7,6.0,3.0,Rs26.17 Cr,Rs10.49 Cr,Rs13.85 Cr,,,Sarbala_Ji_2025,Gippy Grewal,1486799.0
Sarpanch,2026,Punjabi,post_covid,0.6900000125169754,ok,True,"Action, Drama, Family",Action,UA,U/A 16+,True,108.0,10 Jul 2026,False,Gurbaaz Singh; Dev Kharoud; Sarbjit Cheema; Jasmin Bajwa,Mandeep Benipal,Ohri Productions,1,0.9087446282032086,3,0.9003,3.9,0,Friday,7,0.0,0.0,Rs1.75 Cr,Rs1.55 Cr,₹0.00 Cr,,,Sarpanch_2026,Kartavya (2026 film),1665744.0
Saunkan Saunkanay 2,2025,Punjabi,post_covid,7.5,ok,True,"Comedy, Drama, Romantic",Comedy,,,False,,30 May 2025,False,Ammy Virk; Sargun Mehta; Nimrat Khaira,Smeep Kang,Naad Sstudios,1,2.3655598787234013,13,1.0735,0.8781,1,Friday,5,5.0,1.0,Rs34.87 Cr,Rs18.28 Cr,Rs13.35 Cr,,,Saunkan_Saunkanay_2_2025,Saunkan Saunkanay 2,1457306.0
Saunkan Saunkne,2022,Punjabi,post_covid,9.649999856948853,ok,True,"Comedy, Romantic",Comedy,UA,UA,True,150.0,13 May 2022,False,Ammy Virk; Nimrat Khaira; Nirmal Rishi; Sargun Mehta,Amarjit Singh Saron,Naad Sstudios,1,1.4822367259907419,4,1.0735,1.0335,0,Friday,5,5.8,5.0,Rs56.9 Cr,Rs30.71 Cr,Rs21.0 Cr,,,Saunkan_Saunkne,Saunkan Saunkne,957997.0
Sector 17,2024,Punjabi,post_covid,0.5600000023841858,ok,True,"Action, Drama",Action,,,False,124.0,15 Nov 2024,False,,,,0,1.642645627542664,403,1.3873,0.7189,0,Friday,11,6.5,2.0,Rs0.43 Cr,Rs1.05 Cr,₹0.00 Cr,,,Sector_17_2024,Sector 36,1379273.0
Shahkot,2024,Punjabi,post_covid,0.8700000196695328,ok,True,"Drama, Romantic",Drama,UA,U/A 13+,True,115.0,04 Oct 2024,False,,,,0,1.706838915826182,382,1.1123,1.1195,0,Friday,10,0.0,0.0,Rs0.11 Cr,Rs1.35 Cr,₹0.00 Cr,,,Shahkot_2024,Shahkot (film),1210465.0
Shaunki Sardar,2025,Punjabi,post_covid,0.739999994635582,ok,True,"Drama, Family, Thriller",Drama,UA,U/A 13+,True,,16 May 2025,False,,,,0,1.4194215478548249,510,0.839,0.7962,0,Friday,5,0.0,0.0,Rs2.15 Cr,Rs1.91 Cr,₹0.00 Cr,,,Shaunki_Sardar_2025,Nimrit Kaur Ahluwalia,1478644.0
Shayar,2024,Punjabi,post_covid,1.4500000178813934,ok,True,"Drama, Romantic",Drama,UA,UA,True,169.0,19 Apr 2024,False,Satinder Sartaaj; Yograj Singh; Neeru Bajwa,Uday Pratap Singh,Neeru Bajwa Entertainment,1,3.124165511340191,4,1.3979,1.1582,0,Friday,4,0.0,0.0,Rs0.66 Cr,Rs4.55 Cr,₹0.00 Cr,,,Shayar_2024,Bobby (1973 film),1262988.0
Sher Bagga,2022,Punjabi,post_covid,1.8700000047683716,ok,True,"Comedy, Drama, Romantic",Comedy,U,U,True,146.0,24 Jun 2022,False,Ammy Virk; Nirmal Rishi; Sonam Bajwa,Jagdeep Sidhu,Thind Motion Films,1,2.3655598787234013,5,1.0119,2.0941,0,Friday,6,8.0,3.0,₹0.00 Cr,Rs2.99 Cr,₹0.00 Cr,,,Sher_Bagga_2022,Sher Bagga,981189.0
Shinda Shinda No Papa,2024,Punjabi,post_covid,4.199999928474426,ok,True,"Comedy, Family",Comedy,UA,UA,True,135.0,10 May 2024,False,Gippy Grewal; Shinda Grewal; Hina Khan; Nirmal Rishi,Amarpreet G.S. Chhabra,Saregama,1,2.154085071399393,7,0.8647,1.2284,0,Friday,5,7.0,1.0,Rs38.62 Cr,Rs16.98 Cr,Rs18.5 Cr,,,Shinda_Shinda_No_Papa_2024,Shinda Shinda No Papa,1285827.0
Shukrana,2024,Punjabi,post_covid,0.6000000163912773,ok,True,"Drama, Family",Drama,,,False,,27 Sep 2024,False,,,,0,1.7234220835844873,377,1.3979,0.8658,0,Friday,9,4.0,1.0,Rs0.46 Cr,Rs1.2 Cr,₹0.00 Cr,,,Shukrana_2024,Neeru Bajwa,1360953.0
Singh Vs Kaur 2,2026,Punjabi,post_covid,1.2399999797344208,ok,True,"Comedy, Romantic",Comedy,,,False,,11 Sep 2026,False,Gippy Grewal; Shehnaaz Kaur Gill,Navaniat Singh,,1,2.154085071399393,12,0.8581,3.6732,1,Friday,9,0.0,0.0,Rs2.23 Cr,Rs1.94 Cr,Rs0.0 Cr,,,Singh_Vs_Kaur_2_2026,Singh vs Kaur,1518769.0
Six Each,2025,Punjabi,post_covid,0.5,ok,True,"Crime, Drama, Suspense",Crime,,,False,,14 Mar 2025,True,,,,0,1.4855820376909368,470,0.7165,1.0268,0,Friday,3,9.3,3.0,Rs1.76 Cr,Rs1.61 Cr,₹0.00 Cr,,,Six_Each_2025,Six Each,1444425.0
Sucha Soorma,2024,Punjabi,post_covid,1.950000047683716,ok,True,"Action, Biography, Drama",Action,,,False,128.0,20 Sep 2024,False,Sarabjit Cheema; Babbu Maan; Mahabir Bhullar; Jag Singh; Samiksha Oswal,Amitoj Maan,Seven Colors Motion Pictures,0,,0,0.8618,0.6225,0,Friday,9,0.0,0.0,Rs3.85 Cr,Rs3.46 Cr,Rs0.0 Cr,,,Sucha_Soorma_2024,Sucha Soorma,1339982.0
Sufna,2020,Punjabi,during_covid,4.96999990940094,ok,True,"Drama, Romantic",Drama,,,False,144.0,14 Feb 2020,False,Ammy Virk; Tania,Jagdeep Sidhu,Panj Paani Films,1,,0,0.8462,0.8217,0,Friday,2,9.375,8.0,Rs23.17 Cr,Rs12.0 Cr,Rs9.0 Cr,Rs8.0 Cr,8.0,Sufna_2020,Sufna,672143.0
Tabaah,2024,Punjabi,post_covid,0.7899999916553497,ok,True,"Drama, Romantic",Drama,,,False,,18 Oct 2024,False,,,,0,1.6810770056318953,391,2.1739,1.0861,0,Friday,10,6.0,1.0,Rs0.72 Cr,Rs2.04 Cr,₹0.00 Cr,,,Tabaah_2024,Parmish Verma,1363622.0
Tunka Tunka,2021,Punjabi,during_covid,0.7000000029802322,ok,True,"Drama, Sports",Drama,,,False,,05 Aug 2021,False,,,,0,2.6321122411278517,211,0.8019,2.0517,0,Thursday,8,2.0,1.0,Rs2.2 Cr,Rs1.28 Cr,Rs0.0 Cr,Rs3.0 Cr,3.0,Tunka_Tunka_2021,Tunka Tunka,845571.0
Viyaah Kartaare Da,2026,Punjabi,post_covid,1.7999999523162842,ok,True,"Comedy, Romantic",Comedy,,,False,,27 Feb 2026,False,Gippy Grewal; Gurpreet Ghuggi; Nimrat Khaira; Deep Sehgal,Smeep Kang,Pitaara Talkies,1,2.2528130211098363,10,0.8698,2.4844,0,Friday,2,0.0,0.0,Rs5.33 Cr,Rs4.56 Cr,Rs0.0 Cr,,,Viyaah_Kartaare_Da_2026,Smeep Kang,1639763.0
Warning 2,2024,Punjabi,post_covid,2.900000035762787,ok,True,"Action, Crime, Thriller",Action,UA,U/A 16+,True,,02 Feb 2024,False,Raghveer Boli; Prince Kanwaljit Singh; Gippy Grewal; Rahul Dev; Jasmin Bhasin,Amar Hundal,Yoodlee Films,1,1.4911342223081112,5,1.3143,1.1379,1,Friday,2,9.3,3.0,Rs9.53 Cr,Rs6.15 Cr,Rs2.25 Cr,,,Warning_2_2024,Warning 2,1237618.0
Yaar Mera Titliyaan Warga,2022,Punjabi,post_covid,3.300000011920929,ok,True,"Comedy, Drama, Romantic",Comedy,,,False,,02 Sep 2022,False,Gippy Grewal; Tanu Grewal,Vikas Vashisht,Omjee Star Studios,1,1.1265188188974862,2,,,0,Friday,9,,,Rs9.88 Cr,Rs6.17 Cr,Rs2.6 Cr,Rs5.0 Cr,5.0,YAAR_MERA_TITLIAAN_WARGA_2022,Gippy Grewal,
Yaar Anmulle Returns,2021,Punjabi,during_covid,0.9500000029802322,ok,True,"Comedy, Drama, Romantic",Comedy,,,False,,10 Sep 2021,False,,,,0,2.622199580805623,212,0.7505,0.9954,1,Friday,9,0.0,0.0,Rs1.9 Cr,Rs1.65 Cr,Rs0.0 Cr,,,Yaar_Anmulle_Returns_2021,Yaar Annmulle,680978.0
Yaar Jigree Kasooti Degree,2026,Punjabi,post_covid,2.75,ok,True,"Comedy, Drama",Comedy,,,False,63.0,07 Aug 2026,False,Amrit Amby; Karan Sandhawalia; Hashneen Chauhan; Prateek Singh Rai; Pukhraj Bhalla; Sukhdeep Sapra; Amanjot Kaur,Rabby Tiwana,Troll_Punjabi,1,0.8514732323600563,2,0.8693,1.6019,0,Friday,8,0.0,0.0,Rs8.62 Cr,Rs7.5 Cr,Rs0.0 Cr,,,Yaar_Jigree_Kasooti_Degree_2026,Yaar Jigree Kasooti Degree,1735283.0
29,2026,Tamil,post_covid,1.1400000154972076,ok,True,"Drama, Romantic",Drama,UA,U/A 13+,True,137.0,08 May 2026,False,Vidhu N; Mahendran; Shehnaz Fathima; Preethi Asrani,Rathna Kumar,,1,,0,3.9036,4.0691,0,Friday,5,6.9,8.0,Rs1.3 Cr,Rs2.05 Cr,Rs0.0 Cr,,,29_2026,29 (film),1510769.0
Anbe Diana,2026,Tamil,post_covid,2.0,ok,True,"Comedy, Family, Romantic",Comedy,UA,U/A 16+,True,150.0,17 Jul 2026,False,Pari Elavazhagan; Cell Murugan; Chetan Kadambi; Parithabangal Gopi; Roja Selvamani; Ramya Ranganathan,Pari Elavazhagan,Neo Castle Creations,1,1.5475624934978056,1,1.5412,2.4213,0,Friday,7,5.75,4.0,Rs4.68 Cr,Rs4.5 Cr,Rs0.0 Cr,,,Anbe_Diana_2026,Anbe Diana,1607634.0
Annaatthe,2021,Tamil,during_covid,50.44999885559082,ok,True,"Action, Drama",Action,UA,U/A,True,161.0,04 Nov 2021,True,Rajinikanth; Prakash Raj; Keerthi Suresh; Nayanthara,Siva,Sun Pictures,1,3.865855689995054,5,2.6549,1.4369,0,Thursday,11,4.7,25.0,Rs172.0 Cr,Rs100.67 Cr,Rs47.7 Cr,Rs180.0 Cr,180.0,Annaatthe_2021,Annaatthe,752961.0
Aranmanai 3,2021,Tamil,during_covid,8.999999761581421,ok,True,"Comedy, Horror",Comedy,UA,U/A,True,156.0,14 Oct 2021,False,Vivek; Arya Cethirakath; Raashi Khanna; Andrea Jeremiah; Sakshi Agarwal,Sundar C.,Avni Cinemax,1,1.3083328325376695,1,1.7598,1.3945,1,Thursday,10,3.781,16.0,Rs24.0 Cr,Rs25.04 Cr,Rs1.0 Cr,,,Aranmanai_3_2021,Aranmanai 3,858073.0
Arulvaan,2026,Tamil,post_covid,0.8400000035762787,ok,True,Drama,Drama,UA,U/A,True,109.0,17 Jul 2026,False,Arulnithi Tamilarasu; Kaali Venkat; John Vijay; Aarav Kizar; VTV Ganesh; Ramya Pandian,Ganesh Vinayakan,90 Pictures Production,1,2.2874714455020246,9,1.1367,1.5911,0,Friday,7,0.0,0.0,Rs1.91 Cr,Rs1.7 Cr,₹0.00 Cr,,,Arulvaan_2026,Arulvaan,1616237.0
Asura Guru,2020,Tamil,during_covid,1.800000011920929,ok,True,"Action, Crime, Thriller",Action,UA,UA,True,122.0,13 Mar 2020,False,Manobala; Vikram Prabhu; Yogi Babu; Mahima Nambiar,A.Raajdheep,JSB Film Studios,1,,0,2.0055,1.0382,0,Friday,3,3.3,3.0,Rs2.4 Cr,Rs1.8 Cr,Rs0.3 Cr,Rs4.0 Cr,4.0,Asura_Guru_2020,Asuraguru,535223.0
Biskoth,2020,Tamil,during_covid,1.7999999895691872,ok,True,"Comedy, Romantic",Comedy,U,U,True,104.0,14 Nov 2020,True,Santhanam; Tara Alisha Berry,R. Kannan,Masala Pix,1,,0,2.4185,1.4876,0,Saturday,11,4.667,6.0,Rs3.4 Cr,Rs3.17 Cr,Rs0.0 Cr,Rs4.0 Cr,4.0,Biskoth_2020,Biskoth,764135.0
Blast,2026,Tamil,post_covid,10.799999952316284,ok,True,"Action, Thriller",Action,UA,U/A,True,144.0,28 May 2026,False,Arjun Sarja; Preity Mukhundhan; Abhirami,Subash K. Raj,AGS Entertainment,1,2.8086674035870653,3,1.9311,9.5717,0,Thursday,5,7.787,68.0,Rs75.38 Cr,Rs46.95 Cr,Rs14.4 Cr,,,Blast_2026,Blast (2026 film),1515729.0
Chakra,2021,Tamil,during_covid,5.799999952316284,ok,True,"Action, Thriller",Action,UA,UA,True,130.0,19 Feb 2021,False,Vishal Krishna; Manobala; Shraddha Srinath; Regina Cassandra,MS Anandan,Vishal Film Factory,1,2.854744580253014,1,1.8623,1.0085,0,Friday,2,6.0,11.0,Rs18.8 Cr,Rs9.8 Cr,Rs0.5 Cr,Rs35.0 Cr,35.0,Chakra_2021,Chakra (2021 film),718814.0
Con City,2026,Tamil,post_covid,3.25,ok,True,"Comedy, Crime, Family",Comedy,UA,U/A 13+,True,151.0,26 Jun 2026,False,,,,0,1.3456712908347745,555,2.0055,1.8956,0,Friday,6,5.429,6.0,Rs5.51 Cr,Rs4.8 Cr,Rs0.0 Cr,,,Con_City_2026,Con City,1596008.0
DC (Tamil),2026,Tamil,post_covid,14.149999618530272,ok,True,"Action, Crime, Romantic",Action,A,A,True,142.0,07 Aug 2026,False,Lokesh Kanagaraj; Avinash Raghudevan; Kasthuri Raja; Wamiqa Gabbi,Arun Matheshwaran,Sun Pictures,1,1.6601310249365495,1,,,0,Friday,8,,,Rs106.58 Cr,Rs48.67 Cr,Rs26.75 Cr,,,DC_2026,DC (film),
Darbar,2020,Tamil,during_covid,47.49999904632568,ok,True,"Action, Thriller",Action,UA,UA,True,159.0,09 Jan 2020,False,Rajinikanth; Ravi Kishan; Sunil Shetty; Dalip Tahil; Nayanthara; Nivetha Thomas,AR Murugadoss,Lyca Productions,1,3.8501476017100584,1,2.6549,1.6702,0,Thursday,1,5.955,56.0,Rs247.8 Cr,Rs132.41 Cr,Rs74.0 Cr,Rs200.0 Cr,200.0,Darbar_2020,Darbar (film),594139.0
Dark (2026),2026,Tamil,post_covid,0.6499999910593033,ok,True,"Horror, Psychological, Thriller",Horror,,,False,,03 Jul 2026,False,Natarajan Subramaniam; Ajay Karthi; K. Bhagyaraj; VTV Ganesh; Anchana nethrun,Kalyan K. Jegan,,1,2.1599161662594417,3,,,0,Friday,7,,,Rs1.55 Cr,Rs1.38 Cr,₹0.00 Cr,,,Dark_2026,Dark Horse (2026 film),
Dharala Prabhu,2020,Tamil,during_covid,2.700000047683716,ok,True,"Comedy, Romantic",Comedy,UA,UA,True,138.0,13 Mar 2020,False,Harish Kalyan; Vivek; Tanya Hope,Krishna Marimuthu,Screen Scene Media Entertainment,1,0.9555114541973817,1,1.3854,1.1404,0,Friday,3,6.8,14.0,Rs3.4 Cr,Rs2.7 Cr,Rs0.2 Cr,Rs4.0 Cr,4.0,Dharala_Prabhu_2020,Dharala Prabhu,680943.0
Doctor,2021,Tamil,during_covid,22.799999713897705,ok,True,"Action, Comedy, Thriller",Action,UA,UA,True,151.0,09 Oct 2021,False,Sivakarthikeyan; Vinay Rai; Yogi Babu; Milind Soman; Priyanka Arulmohan,Nelson,Sivakarthikeyan Productions,1,2.2911995142046453,3,2.0055,1.8949,0,Saturday,10,6.361,61.0,Rs100.5 Cr,Rs66.19 Cr,Rs20.0 Cr,Rs35.0 Cr,35.0,Doctor_2021,Doctor (2021 film),673692.0
Double Occupancy,2026,Tamil,post_covid,0.6500000059604645,ok,True,"Comedy, Fantasy, Romantic",Comedy,UA,U/A 16+,True,132.0,12 Jun 2026,False,VTV Ganesh; Santhosh S; Vinoth Kishan; Reshma Venkatesh; Samyuktha Viswanathan,Aswin Kandasamy,,1,2.115518295354561,2,0.9986,3.9867,0,Friday,6,6.167,3.0,Rs1.26 Cr,Rs1.12 Cr,Rs0.0 Cr,,,Double_Occupancy_2026,Double Occupancy,1565790.0
Draupathi,2020,Tamil,during_covid,7.899999976158142,ok,True,"Drama, Romantic",Drama,UA,UA,True,180.0,28 Feb 2020,False,Aaru Bala; Richard Rishi; Sheela Rajkumar,Mohan G,,1,,0,1.481,1.5596,0,Friday,2,5.3,5.0,Rs10.0 Cr,Rs7.9 Cr,Rs0.8 Cr,,,Draupathi_2020,Draupathi (2020 film),639743.0
Eeswaran,2021,Tamil,during_covid,2.900000035762787,ok,True,"Action, Drama",Action,U,U,True,123.0,14 Jan 2021,True,T.R. Silambarasan; Nandita Shwetha; Nidhhi Agerwal,Suseenthiran,Madhav Media,1,,0,1.2044,0.7741,0,Thursday,1,4.1,8.0,Rs9.4 Cr,Rs7.91 Cr,Rs0.2 Cr,Rs15.0 Cr,15.0,Eeswaran_2021,Eeswaran,764179.0
Enemy,2021,Tamil,during_covid,7.629999876022339,ok,True,Action,Action,,,False,157.0,04 Nov 2021,True,Vishal Krishna; Arya Cethirakath; Prakash Raj; Indrajith Sukumaran; Mirnalini Ravi; Mamta Mohandas,Anand Shankar,Mini Studio,1,3.2242429179058503,5,7.8448,8.8071,0,Thursday,11,6.839,6608.0,Rs25.0 Cr,Rs16.26 Cr,Rs5.0 Cr,Rs35.0 Cr,35.0,Enemy_2021,Enemy (2021 film),181886.0
Gatta Kusthi 2,2026,Tamil,post_covid,13.84999966621399,ok,True,"Comedy, Drama, Romantic, Sports",Comedy,U,U,True,154.0,03 Jul 2026,False,Kaali Venkat; Vishnuu Vishal; Yogi Babu; Munishkanth; Karunas; Ramya Krishnan; Aishwarya Lekshmi,Chella Ayyavu,,1,2.4092413951767058,25,1.8319,30.2653,1,Friday,7,4.9,7.0,Rs56.08 Cr,Rs41.7 Cr,Rs8.3 Cr,,,Gatta_Kusthi_2_2026,Gatta Kusthi 2,1509599.0
Gypsy,2020,Tamil,during_covid,5.0,ok,True,"Drama, Romantic",Drama,A,A,True,161.0,06 Mar 2020,False,Lal Jose; Jiiva; Sunny Wayne; Natasha Singh; Susheela Raman,Raju Murugan,Olympia Movies,1,,0,1.3139,1.2955,0,Friday,3,5.7,10.0,Rs10.85 Cr,Rs8.35 Cr,Rs1.0 Cr,Rs15.0 Cr,15.0,Gypsy_2020,Gypsy (2020 film),574830.0
Habeebi,2026,Tamil,post_covid,0.6299999952316284,ok,True,"Drama, Period, Romantic",Drama,U,U,True,133.0,12 Jun 2026,False,Kasthoori Raja; Esha Mohammed; Malavika Monoj; Anusreya Rajan,Meera Kathiravan,,0,,0,0.7538,1.222,0,Friday,6,0.0,0.0,Rs2.33 Cr,Rs2.11 Cr,₹0.00 Cr,,,Habeebi_2026,Habeebi (film),1655049.0
Happy Raj,2026,Tamil,post_covid,2.549999952316284,ok,True,"Comedy, Drama, Romantic",Comedy,UA,U/A 7+,True,159.0,27 Mar 2026,False,GV Prakash Kumar; George Maryan; Abbas; Prathana Nathan; Sri Gouri Priya,Maria Raja Elanchezian,Beyond Pictures,1,2.718000522513058,1,1.5224,3.1855,0,Friday,3,5.667,6.0,Rs7.46 Cr,Rs6.28 Cr,Rs0.0 Cr,,,Happy_Raj_2026,Happy Raj,1518247.0
Hi (2026),2026,Tamil,post_covid,5.399999976158142,ok,True,Comedy,Comedy,UA,UA,True,144.0,28 Aug 2026,False,Prabhu Ganesan; Sathyan Sivakumar; VTV Ganesh; Kavin Raj; K. Bhagyaraj; Fefsi Vijayan; Radhika Sarathkumar; Nayanthara,Vishnu Edavan,,1,2.2346920112178195,3,0.9577,2.1463,0,Friday,8,0.0,0.0,Rs14.8785 Cr,Rs12.34 Cr,Rs0.0 Cr,,,Hi_2026,Hi (film),1659702.0
Hot Spot 2 Much,2026,Tamil,post_covid,0.6599999964237213,ok,True,"Comedy, Drama, Romantic",Comedy,,,False,,23 Jan 2026,False,,,,0,1.3610301403358607,543,,,1,Friday,1,,,Rs3.3 Cr,Rs2.93 Cr,Rs0.0 Cr,,,Hot_Spot_2_Much_2026,Hot Spot 2 Much,
Idhayam Murali,2026,Tamil,post_covid,9.199999928474426,ok,True,"Drama, Romantic",Drama,UA,U/A 13+,True,164.0,10 Jul 2026,False,Natarajan Subramaniam; Thaman S; Atharvaa; Fahadh Faasil; Preity Mukhundhan; Kayadu Lohar,Aakash Baskaran,Dawn Pictures,1,1.7927533635022093,4,1.6736,7.6682,0,Friday,7,6.8,10.0,Rs32.03 Cr,Rs20.57 Cr,Rs8.25 Cr,,,Idhayam_Murali_2026,Idhayam Murali,1432631.0
Immortal,2026,Tamil,post_covid,4.519999980926514,ok,True,Fantasy,Fantasy,UA,UA,True,131.0,04 Sep 2026,False,T. M. Karthik Srinivasan; G. V. Prakash Kumar; Lollu Sabha Maaran; Arshu Maharjan; Kayadu Lohar,Mariyappan Chinna,,1,,0,3.0183,22.8468,0,Friday,9,4.8,21.0,Rs7.95 Cr,Rs7.59 Cr,Rs0.0 Cr,,,Immortal_2026,Immortal (2026 film),1656061.0
Kaalidas 2,2026,Tamil,post_covid,1.050000011920929,ok,True,"Crime, Suspense, Thriller",Crime,UA,U/A 16+,True,137.0,03 Apr 2026,False,,,,0,1.3513562570004667,551,2.715,2.4089,1,Friday,4,6.0,1.0,Rs1.83 Cr,Rs1.98 Cr,Rs0.0 Cr,,8.6555969,Kaalidas_2_2026,Kaalidas 2,1445033.0
Kabadadaari,2021,Tamil,during_covid,0.550000011920929,ok,True,Thriller,Thriller,UA,UA,True,137.0,28 Jan 2021,False,Nassar; Sibi Sathyaraj; Nandita Swetha,Pradeep Krishnamoorthy,Creative Entertainers and Distributors,1,4.820281565605037,1,1.7361,0.9705,0,Thursday,1,6.6,5.0,Rs2.05 Cr,Rs1.58 Cr,Rs0.1 Cr,,,Kabadadaari_2021,Kabadadaari,791272.0
Kalathil Sandhipom,2021,Tamil,during_covid,1.5500000417232511,ok,True,"Action, Drama",Action,,,False,,05 Feb 2021,False,Arulnithi Tamilarasu; Jiiva; Manjima Mohan; Priya Bhavani Shankar,N Rajasekar,Super Good Films,1,1.791759469228055,1,,,0,Friday,2,,,Rs3.4 Cr,Rs2.64 Cr,Rs0.2 Cr,,,Kalathil_Santhippom_2021,,
Kara,2026,Tamil,post_covid,14.249999523162842,ok,True,"Action, Thriller",Action,UA,U/A 16+,True,161.0,30 Apr 2026,False,Karunas; K. S. Ravikumar; Dhanush; Jayaram; Mamitha Baiju; Sreeja Ravi,Vignesh Raja,Vels Film International,1,3.1068237642513044,9,2.3293,5.8362,0,Thursday,4,5.922,33.0,Rs53.78 Cr,Rs30.67 Cr,Rs10.5 Cr,,,Kara_2026,Kara (film),1433117.0
Karnan,2021,Tamil,during_covid,22.399999618530273,ok,True,Drama,Drama,UA,UA,True,168.0,09 Apr 2021,False,Yogi Babu; Dhanush; Natarajan Subramaniam; Lal; Gouri G. Kishan; Lakshmi Priya Chandramouli; Rajisha Vijayan,Mari Selvaraj,V Creations,1,2.879198441224877,2,2.3293,1.4928,0,Friday,4,7.2,71.0,Rs52.0 Cr,Rs41.0 Cr,Rs4.0 Cr,Rs40.0 Cr,40.0,Karnan_2020,Karnan (2021 film),680652.0
Kodiyil Oruvan,2021,Tamil,during_covid,3.5,ok,True,Action,Action,UA,UA,True,145.0,17 Sep 2021,False,Vijay Antony; Aathmika,Ananda Krishnan (director),Infiniti Film Ventures,1,,0,1.1028,1.3252,0,Friday,9,4.8,5.0,Rs9.4 Cr,Rs7.8 Cr,Rs0.0 Cr,Rs11.0 Cr,11.0,Kodiyil_Oruvan_2021,Kodiyil Oruvan,873696.0
Laabam,2021,Tamil,during_covid,2.240000009536743,ok,True,Thriller,Thriller,U,U,True,,09 Sep 2021,False,Jagapathi Babu; Vijay Sethupathi; Shruthi Haasan,S. P. Jananathan,Vijay Sethupathi Productions,1,3.309339661382557,4,2.254,1.1489,0,Thursday,9,3.0,4.0,Rs2.5 Cr,Rs5.41 Cr,Rs0.2 Cr,,,Laabam_2021,Laabam,613713.0
Leader,2026,Tamil,post_covid,2.9299999475479126,ok,True,"Action, Drama, Thriller",Action,,,False,136.0,03 Apr 2026,False,Legend Saravanan; Shaam; Payal Rajput; Andrea Jeremiah,Durai Senthil Kumar,Legend Saravana Stores Productions,1,2.564949339121646,1,4.6009,1.6832,0,Friday,4,0.0,0.0,Rs6.5 Cr,Rs5.57 Cr,Rs0.0 Cr,,,Leader_2026,Leader (2026 film),1087393.0
LIK: Love Insurance Kompany,2026,Tamil,post_covid,18.199999809265137,ok,True,"Comedy, Romantic, Sci-Fi",Comedy,UA,U/A 13+,True,157.0,10 Apr 2026,False,S. J. Suryah; Pradeep Ranganathan; Yogi Babu; Krithi Shetty,Vignesh ShivN,Seven Screen Studio,1,3.1502247130097887,23,2.1555,3.0875,0,Friday,4,4.5,12.0,Rs60.67 Cr,Rs35.78 Cr,Rs11.1 Cr,Rs60.0 Cr,60.0,Love_Insurance_Kompany_LIK_2025,Love Insurance Kompany,1209511.0
Maanaadu,2021,Tamil,during_covid,19.600000381469727,ok,True,"Action, Thriller",Action,UA,U/A,True,147.0,25 Nov 2021,False,S. J. Suryah; T.R. Silambarasan; Kalyani Priyadarshan,Venkat Prabhu,V House Productions,1,1.6193882338449483,1,2.1555,1.9085,0,Thursday,11,7.0,52.0,Rs79.2 Cr,Rs54.18 Cr,Rs15.5 Cr,Rs30.0 Cr,30.0,Maanaadu_2021,Maanaadu,535156.0
Mafia Chapter 1,2020,Tamil,during_covid,2.5,ok,True,"Action, Crime, Drama",Action,UA,UA,True,114.0,21 Feb 2020,False,Arun Vijay; Prasanna; Priya Bhavani Shankar,Karthick Naren,Lyca Productions,1,,0,1.2081,0.9252,1,Friday,2,5.7,19.0,Rs7.3 Cr,Rs5.6 Cr,Rs0.8 Cr,,,Mafia_Chapter_1_2020,Mafia: Chapter 1,612644.0
Magudam,2026,Tamil,post_covid,1.340000003576279,ok,True,"Action, Drama",Action,UA,U/A,True,185.0,14 Aug 2026,True,Vishal Krishna; John Vijay; V. Jayaprakash; Anjali; Dushara Vijayan,Vishal Krishna,Super Good Films,1,2.1858474738098246,7,1.9492,2.6317,0,Friday,8,0.0,0.0,Rs1.69 Cr,Rs1.86 Cr,Rs0.0 Cr,,,Magudam_2026,Magudam (2026 film),1506833.0
Mandaadi,2026,Tamil,post_covid,25.0,ok,True,Action,Action,UA,UA,True,154.0,10 Sep 2026,False,Soori Muthuchamy; Sathyaraj; Mithun Jai Sankar; Suhas; Ravindra Vijay; Mahima Nambiar; Kritika Balasubramanian,Pugazhendhi Mathimaran,,1,2.7755620664287677,14,2.0091,5.6114,0,Thursday,9,8.0,2.0,Rs102.97 Cr,Rs63.15 Cr,Rs14.65 Cr,Rs45.0 Cr,45.0,Mandaadi_2026,Mandaadi,1465943.0
Mankatha,2026,Tamil,post_covid,8.299999952316284,ok,True,"Action, Comedy, Drama",Action,UA,U/A,True,160.0,23 Jan 2026,False,Ajith Kumar; Arjun Sarja; Vaibhav Reddy; Sneha; Raai Laxmi; Trisha Krishnan; Anjali,Venkat Prabhu,Cloud Nine Movies,1,3.695118684679527,4,,,0,Friday,1,,,Rs15.81 Cr,Rs12.33 Cr,Rs1.3 Cr,,,Mankatha_2026,Mankatha,
Master,2021,Tamil,during_covid,39.44999980926514,ok,True,"Action, Thriller",Action,UA,U/A,True,178.0,13 Jan 2021,True,Vijay Chandrasekhar; Vijay Sethupathi; Malavika Mohanan,Lokesh Kanagaraj,XB Film Creators,1,3.895596092992607,2,1.1984,1.5323,0,Wednesday,1,7.2,5.0,Rs223.0 Cr,Rs140.92 Cr,Rs44.25 Cr,Rs135.0 Cr,135.0,Master_2020,Master (2021 film),866288.0
Modha Rathri,2026,Tamil,post_covid,0.6399999856948853,ok,True,"Comedy, Drama, Mystery",Comedy,UA,U/A,True,143.0,21 Aug 2026,False,Bagavathi Perumal Bucks; Rishikanth Rajendran; A Venkatesh; Anishma Anilkumar,Raja Karuppasamy,Mythri Movie Makers,1,,0,79.8319,65.2425,0,Friday,8,7.0,4.0,Rs8.49 Cr,Rs7.6 Cr,₹0.00 Cr,,,Modha_Rathri_2026,Modha Rathri,1685882.0
My Lord,2026,Tamil,post_covid,1.25,ok,True,"Drama, Thriller",Drama,UA,U/A 13+,True,149.0,13 Feb 2026,False,M. Sasikumar; Guru Somasundaram; Chaithra Achar; Asha Sharath,Raju Murugan,Olympia Movies,1,2.4805123937148124,2,1.2881,2.1663,0,Friday,2,6.0,1.0,Rs2.92 Cr,Rs2.75 Cr,Rs0.0 Cr,,,My_Lord_2026,My Lord (film),1427157.0
Nenjam Marappathillai,2021,Tamil,during_covid,4.049999952316284,ok,True,Horror,Horror,UA,UA,True,142.0,05 Mar 2021,False,S. J. Suryah; Regina Cassandra; Nandita Swetha,Selvaraghavan,Southside Studios,1,2.676215475613146,1,2.1555,0.9198,0,Friday,3,6.1,18.0,Rs9.15 Cr,Rs7.48 Cr,Rs0.3 Cr,Rs7.0 Cr,7.0,Nenjam_Marappathillai_2021,Nenjam Marappathillai (2021 film),412102.0
Nooru Saami,2026,Tamil,post_covid,3.509999930858612,ok,True,"Drama, Family, Social",Drama,,,False,150.0,19 Jun 2026,False,Munishkanth; Ajay Dhishan; Vijay Antony; Karunas; Aruldoss; Balaji Sakthivel; Lijomol Jose; Kavya Anil; Swasika,Sasi,,1,1.132074861940397,5,,,0,Friday,6,,,Rs12.61 Cr,Rs10.06 Cr,Rs1.2 Cr,,,Nooru_Saami_2026,Nooru Saami,
Once More,2026,Tamil,post_covid,1.1299999952316284,ok,True,"Drama, Romantic",Drama,,,False,137.0,28 Aug 2026,False,Arjun Das; Chitra Lakshmanan; Dravid Selvam; Aditi Shankar; Sona Olickal,Vignesh Srikanth,,1,2.870814510520185,3,1.1722,4.2823,0,Friday,8,0.0,0.0,Rs2.45 Cr,Rs2.19 Cr,Rs0.0 Cr,,,Once_More_2026,Once More (2026 film),1318304.0
Parasakthi,2026,Tamil,post_covid,27.600000381469727,ok,True,"Drama, Period, Political",Drama,UA,U/A,True,162.0,10 Jan 2026,False,Sivakarthikeyan; Atharvaa; Ravi Mohan; Rana Daggubati; Sreeleela,Sudha Kongara,Red Giant Movies,1,3.2444898410447407,7,1.7296,1.7714,0,Saturday,1,6.0,11.0,Rs85.1 Cr,Rs52.5 Cr,Rs23.0 Cr,,199.2,Parasakthi_2026,Parasakthi (2026 film),965483.0
Parimala and Co,2026,Tamil,post_covid,5.7500001192092896,ok,True,"Comedy, Crime, Thriller",Comedy,UA,U/A 13+,True,138.0,05 Jun 2026,False,Jayaram Subramaniam; Yogi Babu; Sandy Master; Mysskin; Urvashi,Pandiraj,,1,2.882003529596501,24,2.5282,4.057,0,Friday,6,5.615,13.0,Rs14.35 Cr,Rs12.53 Cr,Rs0.0 Cr,,,Parimala_and_Co_2026,Parimala and Co,1602337.0
Parris Jeyaraj,2021,Tamil,during_covid,1.9000000059604645,ok,True,Comedy,Comedy,UA,UA,True,140.0,12 Feb 2021,False,Rajendran; Santhanam; Prudhvi Raj; Anaika Soti,Johnson K,,1,1.0296194134558678,1,2.4185,1.2775,0,Friday,2,4.625,8.0,Rs5.1 Cr,Rs4.14 Cr,Rs0.25 Cr,Rs4.0 Cr,4.0,Parris_Jeyaraj_2021,Parris Jeyaraj,795158.0
Pattas,2020,Tamil,during_covid,16.799999713897705,ok,True,Action,Action,U,U,True,141.0,15 Jan 2020,True,Dhanush; Mehreen Pirzada,Durai Senthil Kumar,Sathya Jyothi Films,1,,0,2.3293,1.1869,0,Wednesday,1,5.9,19.0,Rs43.0 Cr,Rs31.85 Cr,Rs6.0 Cr,Rs50.0 Cr,50.0,Pattas_2020,Pattas,619188.0
Pookie,2026,Tamil,post_covid,0.5799999982118607,ok,True,"Drama, Romantic",Drama,UA,U/A 13+,True,,13 Feb 2026,False,Ajay Dhishan; Sunil Varma; Pandiarajan; R K Dhanusha; Shiyara,Ganesh Chandra,,1,2.0506848049771897,15,1.388,1.7267,0,Friday,2,0.0,0.0,Rs1.37 Cr,Rs1.21 Cr,Rs0.0 Cr,,,Pookie_2026,Pookie (film),1539987.0
Psycho,2020,Tamil,during_covid,10.549999952316284,ok,True,"Crime, Mystery, Thriller",Crime,,,False,144.0,24 Jan 2020,False,Udhayanidhi Stalin; Aditi Rao Hydari; Nithya Menen,Mysskin,Double Meaning Production,1,,0,3.0359,27.0042,0,Friday,1,8.407,11259.0,Rs15.0 Cr,Rs10.55 Cr,Rs2.8 Cr,,6.6976601,Psycho_2020,Psycho (2020 film),539.0
Ram and Leela,2026,Tamil,post_covid,0.9200000017881392,ok,True,"Comedy, Romantic",Comedy,UA,U/A,True,143.0,21 Aug 2026,False,Chetan Kadambi; Ma Ka Pa Anand; Rio Raj; Munishkanth; Vartika Jain; Malavika Avinash,Ramachandrran Kannan,Trident Arts,1,1.0986122886681098,1,1.5412,4.5747,0,Friday,8,5.0,1.0,Rs1.28 Cr,Rs1.47 Cr,Rs0.0 Cr,,,Ram_and_Leela_2026,Ram and Leela,1590380.0
Rudra Thandavam,2021,Tamil,during_covid,4.399999976158142,ok,True,"Action, Thriller",Action,,,False,,01 Oct 2021,False,Richard Rishi; Gautham Vasudev Menon; Dharsha Gupta,Mohan G Kshatriyan,,1,2.1860512740592335,1,1.4623,0.8763,0,Friday,10,3.0,1.0,Rs9.3 Cr,Rs8.72 Cr,Rs0.0 Cr,,,Rudra_Thandavam_2021,Rudra Thandavam (2021 film),875524.0
Sabhaapathy,2021,Tamil,during_covid,2.199999988079071,ok,True,"Comedy, Romantic",Comedy,U,U,True,123.0,19 Nov 2021,False,Pugazh; Santhanam; Vamsi Krishna; Sayaji Shinde; Preethi Verma,R. Srinivasa Rao,RK Entertainment,1,1.0471650762518143,2,2.4185,0.7862,0,Friday,11,5.4,8.0,Rs3.9 Cr,Rs3.25 Cr,Rs0.0 Cr,,,Sabhaapathy_2021,Sabhaapathy,895077.0
Sardar 2,2026,Tamil,post_covid,5.200000047683716,ok,True,Action,Action,UA,UA,True,179.0,10 Sep 2026,False,Karthik Sivakumar; Yogi Babu; S. J. Suryah; Ashika Ranganath; Malavika Mohanan; Rajisha Vijayan,P. S. Mithran,,1,3.132468854472501,26,2.1555,3.4099,1,Thursday,9,4.0,1.0,Rs23.35 Cr,Rs10.9 Cr,Rs4.85 Cr,,,Sardar_2_2026,Sardar 2,1317872.0
Sivakumarin Sabadham,2021,Tamil,during_covid,3.149999976158142,ok,True,"Comedy, Drama",Comedy,U,U,True,138.0,30 Sep 2021,False,Adithya Kathir; Hiphop Tamizha Aadhi; Madhuri Jain,Hiphop Tamizha Aadhi,Sathya Jyothi Films,0,,0,0.9987,1.0427,0,Thursday,9,2.0,2.0,Rs7.8 Cr,Rs7.08 Cr,Rs0.0 Cr,,,Sivakumarin_Sabadham_2021,Sivakumarin Sabadham,868535.0
Sulthan,2021,Tamil,during_covid,13.750000476837158,ok,True,"Action, Thriller",Action,UA,UA,True,155.0,02 Apr 2021,False,Yogi Babu; Nawab Shah; Karthik Sivakumar; Lal; Hareesh Peradi; Rashmika Mandanna,Bakkiyaraj Kannan,Dream Warrior Pictures,1,2.653241964607215,1,2.1824,1.2947,0,Friday,4,5.3,20.0,Rs45.0 Cr,Rs24.3 Cr,Rs10.0 Cr,Rs50.0 Cr,50.0,Sulthan_2021,Sulthan (2021 film),792334.0
TN 2026,2026,Tamil,post_covid,0.75,ok,True,"Action, Drama",Action,UA,U/A 13+,True,126.0,10 Apr 2026,False,Ilavarasu; Natty Subramaniam; Redin Kingsley; Thambi Ramaiah; M. S. Bhaskar; Sandy Master; Shrita Rao; Yashika Anand,Umapathi Ramaiah,,1,2.718000522513058,6,1.5744,4.2226,0,Friday,4,0.0,0.0,Rs1.64 Cr,Rs1.47 Cr,Rs0.0 Cr,,,TN_2026_2026,TN 2026,1556783.0
Thaai Kizhavi,2026,Tamil,post_covid,14.149999856948853,ok,True,"Comedy, Drama",Comedy,U,U,True,142.0,27 Feb 2026,False,George Maryan; Aruldoss; Ilavarasu; Radhika Sarathkumar,Sivakumar Murugesan,Sivakarthikeyan Productions,1,,0,2.9875,2.916,0,Friday,2,7.115,13.0,Rs82.02 Cr,Rs62.62 Cr,Rs10.35 Cr,,8.1269367,Thaai_Kizhavi_2026,Thaai Kizhavi,1602783.0
Thalaivar Thambi Thalaimaiyil,2026,Tamil,post_covid,13.350000381469728,ok,True,"Comedy, Drama, Family",Comedy,U,U,True,115.0,15 Jan 2026,True,Thambi Ramaiah; Jiiva; Prathana Nathan,Nithish Sahadev,Kannan Ravi Group,1,1.1634984039952712,5,1.3139,1.0876,0,Thursday,1,6.5,8.0,Rs39.5 Cr,Rs30.15 Cr,Rs4.0 Cr,,,Thalaivar_Thambi_Thalaimaiyil_2026,Thalaivar Thambi Thalaimaiyil,869140.0
Jana Nayagan,2026,Tamil,post_covid,70.04999923706055,ok,True,"Action, Crime, Drama, Thriller",Action,A,A,True,183.0,23 Jul 2026,False,Vijay Chandrasekhar; Prakash Raj; Bobby Deol; Gautham Vasudev Menon; Priyamani; Mamitha Baiju; Reba Monica John; Pooja Hegde,H. Vinoth,KVN Productions,1,3.930956022446037,24,4.7388,16.801,0,Thursday,7,5.3,20.0,Rs324.59 Cr,Rs172.29 Cr,Rs93.5 Cr,,,Thalapathy_69_2025,Jana Nayagan,1235877.0
Vaa Vaathiyaar,2026,Tamil,post_covid,3.699999988079071,ok,True,"Action, Comedy",Action,UA,U/A 7+,True,129.0,14 Jan 2026,True,Karthi; Rajkiran; Sathyaraj; Anandaraj; Karunakaran; Krithi Shetty,Nalan Kumarasamy,,1,2.680482815079901,13,1.9565,2.1747,0,Wednesday,1,4.5,8.0,Rs11.01 Cr,Rs8.6 Cr,Rs0.9 Cr,,,Vaa_Vaathiyaar_2025,Vaa Vaathiyaar,1112564.0
Vadam,2026,Tamil,post_covid,0.6700000017881393,ok,True,"Action, Comedy, Drama, Family",Action,UA,U/A 13+,True,133.0,06 Mar 2026,True,Munishkanth; Aadukalam Naren; Madhusudhan Rao; Sangeetha Kalyan; Indumathy Manikandan,Kenthiran Muniasami,Sun Maro Pictures,1,1.3862943462187294,4,1.315,1.7591,0,Friday,3,0.0,0.0,Rs1.63 Cr,Rs1.41 Cr,Rs0.0 Cr,,,Vadam_2026,Vadam,1524468.0
Vishwanath and Sons,2026,Tamil,post_covid,34.44999980926514,ok,True,"Drama, Family, Romantic",Drama,UA,U/A 16+,True,161.0,14 Aug 2026,True,Suriya; Radhika Sarathkumar; Mamitha Baiju; Raveena Tandon,Venky Atluri,Think Studios,1,3.187527605183366,6,4.7388,120.5753,0,Friday,8,7.2,26.0,Rs209.42 Cr,Rs68.74 Cr,Rs67.75 Cr,,,Vishwanath_and_Sons_2026,Vishwanath & Sons,1408162.0
Walter,2020,Tamil,during_covid,3.5,ok,True,"Crime, Drama, Thriller",Crime,U,U,True,133.0,13 Mar 2020,False,Natarajan Subramaniam; Sibiraj; Samuthirakani; Shirin Kanchwala; Sanam Shetty,U. Anbarasan,,1,,0,2.4886,0.7819,0,Friday,3,4.0,4.0,Rs4.4 Cr,Rs3.5 Cr,Rs0.3 Cr,Rs4.0 Cr,4.0,Walter_2020,Walter (2020 film),613022.0
With Love,2026,Tamil,post_covid,6.449999928474426,ok,True,"Drama, Romantic",Drama,U,U,True,140.0,06 Feb 2026,False,Abishan Jeevinth; Harish Kumar; Anaswara Rajan,Madhan,Zion Films,1,2.5228885907012613,2,4.1901,2.7363,0,Friday,2,6.78,25.0,Rs39.44 Cr,Rs28.02 Cr,Rs3.5 Cr,,,With_Love_2026,With Love (2026 film),1508564.0
Youth,2026,Tamil,post_covid,14.149999618530272,ok,True,"Comedy, Drama, Romantic",Comedy,UA,U/A 16+,True,141.0,19 Mar 2026,True,Ken Karunas; Suraj Venjaramoodu; Devadarshini; Anishma Anilkumar,Ken Karunas,Street Boy Studios,1,2.0231617546207015,4,8.7879,15.3609,0,Thursday,3,6.229,1035.0,Rs71.73 Cr,Rs48.72 Cr,Rs11.4 Cr,,,Youth_2026,Youth (2026 film),1098006.0
Karuppu,2026,Tamil,post_covid,57.70000076293945,ok,True,"Drama, Social, Thriller",Drama,UA,UA,True,152.0,15 May 2026,False,RJ Balaji; David Yates; Suriya; Indrans; Trisha Krishnan; Swasika,RJ Balaji,Dream Warrior Pictures,1,3.0105451782537758,5,3.7668,9.4088,0,Friday,5,6.767,30.0,Rs310.12 Cr,Rs169.23 Cr,Rs81.15 Cr,,132.8,karuppu_2026,Karuppu (film),1367220.0
30 Rojullo Preminchadam Ela,2021,Telugu,during_covid,6.429999828338623,ok,True,"Drama, Romantic",Drama,UA,U/A,True,143.0,29 Jan 2021,False,Pradeep Machiraju; Amritha Aiyer,Munna Dhulipudi,UV Creations,1,,0,1.0715,2.0503,0,Friday,1,5.7,3.0,Rs12.2 Cr,Rs10.22 Cr,Rs0.4 Cr,Rs6.0 Cr,6.0,30_Rojullo_Preminchadam_Ela_2021,30 Rojullo Preminchadam Ela,791390.0
A1 Express,2021,Telugu,during_covid,4.200000047683716,ok,True,"Drama, Sports",Drama,U,U,True,138.0,05 Mar 2021,False,Rao Ramesh; Murali Sharma; Sundeep Kishan; Lavanya Tripathi,Dennis Jeevan Kanukolanu,Venkatadri Talkies,1,2.7552367860748554,5,2.5298,2.4826,0,Friday,3,4.5,2.0,Rs7.2 Cr,Rs6.19 Cr,Rs0.15 Cr,Rs10.0 Cr,10.0,A1_Express_2021,A1 Express,799991.0
Agadha,2026,Telugu,post_covid,0.8699999898672104,ok,True,Horror,Horror,A,A,True,137.0,14 Aug 2026,True,Shravan Reddy; Roshan Basheer; Kamakshi Bhaskarla; Jovika Vijay Kumar; Ulka Gupta; Shreya Rani Reddy,M. S. Raju,Sri Adi Varaha Productions,1,,0,0.8792,3.1502,0,Friday,8,0.0,0.0,Rs1.44 Cr,Rs1.3 Cr,Rs0.0 Cr,,,Agadha_2026,Agadha,1747034.0
Akhanda,2021,Telugu,during_covid,33.44999980926514,ok,True,"Action, Drama",Action,UA,UA,True,169.0,02 Dec 2021,False,Balakrishna Nandamuri; Srikanth Meka; Jagapathi Babu; Subbaraju; Shamna Kasim; Pragya Jaiswal,Boyapati Srinu,Dwaraka Creations,1,1.5717539909140004,4,1.218,1.4859,0,Thursday,12,5.603,29.0,Rs117.0 Cr,Rs89.0 Cr,Rs13.7 Cr,Rs40.0 Cr,40.0,Akhanda_2021,Akhanda,794961.0
Ala Vaikunthapurramuloo,2020,Telugu,during_covid,63.30000019073486,ok,True,Action,Action,UA,UA,True,165.0,12 Jan 2020,False,Jayaram; Allu Arjun; Sushanth; Tabu; Pooja Hegde; Nivetha Pethuraj,Trivikram Srinivas,Haarika & Hassine Creations,1,,0,2.8228,1.9517,0,Sunday,1,6.637,117.0,Rs269.35 Cr,Rs200.98 Cr,Rs36.0 Cr,Rs120.0 Cr,120.0,Ala_Vaikunthapurramloo_2020,Ala Vaikunthapurramuloo,628241.0
Alludu Adhurs,2021,Telugu,during_covid,4.459999978542328,ok,True,Action,Action,,,False,149.0,14 Jan 2021,True,B Sai Sreenivas; Prakash Raj; Vennela Kishore; Sonu Sood; Brahmaji; Nabha Natesh; Anu Emmanuel,Santosh Srinivas,Sumanth Movie Productions,1,3.6829285643139373,6,2.2631,0.8857,0,Thursday,1,4.9,12.0,Rs13.0 Cr,Rs10.85 Cr,Rs0.3 Cr,Rs15.0 Cr,15.0,Alludu_Adhurs_2021,Alludu Adhurs,785354.0
Anaganaga Oka Raju,2026,Telugu,post_covid,20.40000009536743,ok,True,"Comedy, Romantic, Thriller",Comedy,UA,U/A 13+,True,147.0,14 Jan 2026,True,Rao Ramesh; Naveen Polishetty; Meenakshii Chaudhary,Maari,Sithara Entertainments,1,3.3457620313284098,15,2.5298,2.1758,0,Wednesday,1,6.941,17.0,Rs83.82 Cr,Rs53.94 Cr,Rs20.25 Cr,,,Anaganaga_Oka_Raju_2026,Anaganaga Oka Raju,1407432.0
Band Melam,2026,Telugu,post_covid,2.6999999284744263,ok,True,"Drama, Romantic",Drama,UA,U/A 16+,True,141.0,26 Mar 2026,False,Harsh Roshan; P. Sai Kumar; Sri Devi,Sathish Javvaji,,1,2.387363989771833,5,1.024,2.048,0,Thursday,3,5.6,10.0,Rs6.84 Cr,Rs5.7 Cr,Rs0.4 Cr,,,Band_Melam_2026,Band Melam,1547712.0
Bangaru Bullodu,2021,Telugu,during_covid,1.7000000476837158,ok,True,"Comedy, Romantic",Comedy,U,U,True,129.0,23 Jan 2021,False,Allari Naresh; Pooja Jhaveri,P. V. Giri,AK Entertainments,1,3.6454498961866,1,1.5987,0.986,0,Saturday,1,5.5,2.0,Rs3.0 Cr,Rs2.55 Cr,Rs0.15 Cr,Rs6.0 Cr,6.0,Bangaru_Bullodu_2021,Bangaru Bullodu (2021 film),789229.0
Beautiful,2020,Telugu,during_covid,0.3000000044703483,ok,True,"Drama, Romantic",Drama,,,False,123.0,01 Jan 2020,False,Parth Suri; Naina Ganguly,Agasthya Manju,,0,,0,9.0756,20.1215,0,Wednesday,1,7.852,11397.0,Rs1.4 Cr,Rs1.18 Cr,Rs0.0 Cr,Rs8.0 Cr,8.0,Beautiful_2020,Beautiful (2020 film),453.0
Bhartha Mahasayulaku Wignyapthi,2026,Telugu,post_covid,5.0000001192092896,ok,True,"Comedy, Family, Romantic",Comedy,,,False,130.0,13 Jan 2026,True,Vennela Kishore; Satya Akkala; Ravi Teja; Ashika Ranganath; Dimple Hayathi,Thirumala Kishore,SLV Cinema,1,2.6199758735996515,34,2.3816,1.3983,0,Tuesday,1,3.9,9.0,Rs22.35 Cr,Rs17.24 Cr,Rs2.25 Cr,,,Bhartha_Mahasayulaku_Wignyapthi_2026,Bhartha Mahasayulaku Wignyapthi,1442975.0
Bheeshma,2020,Telugu,during_covid,22.699999809265137,ok,True,"Comedy, Romantic",Comedy,U,U,True,138.0,21 Feb 2020,False,Anant Nag; Nithiin; Vennela Kishore; Rashmika Mandanna,Venky Kudumula,Sithara Entertainments,1,3.472673106265888,4,2.1824,1.4082,0,Friday,2,6.1,44.0,Rs52.0 Cr,Rs35.6 Cr,Rs10.0 Cr,Rs20.0 Cr,20.0,Bheeshma_2020,Bheeshma (2020 film),674779.0
Biker,2026,Telugu,post_covid,7.259999990463257,ok,True,"Action, Drama, Romantic, Sports",Action,UA,U/A 13+,True,162.0,03 Apr 2026,False,Dr. Rajasekhar; Brahmaji; Atul Kulkarni; Sharwanand; Malavika Nair,Abhilash Reddy Kankara,UV Creations,1,2.123750461482349,10,1.2757,3.8116,0,Friday,4,6.2,4.0,Rs18.02 Cr,Rs12.86 Cr,Rs2.85 Cr,,,Biker_2026,Biker (film),1423251.0
Chaavu Kaburu Challaga,2021,Telugu,during_covid,3.849999904632568,ok,True,"Comedy, Drama, Romantic",Comedy,UA,UA,True,137.0,19 Mar 2021,False,Kartikeya Gummakonda; Murali Sharma; Lavanya Tripathi,Pegallapati Koushik,GA2 Pictures,1,2.491201625692827,7,1.9806,1.4299,0,Friday,3,6.571,7.0,Rs4.8 Cr,Rs3.85 Cr,Rs0.25 Cr,Rs15.0 Cr,15.0,Chaavu_Kaburu_Challaga_2021,Chaavu Kaburu Challaga,800046.0
Check,2021,Telugu,during_covid,10.100000143051147,ok,True,"Action, Romantic",Action,,,False,138.0,26 Feb 2021,False,Murali Sharma; Nithiin; Sampath Raj; Rakul Preet Singh; Priya Prakash Varrier,Chandra Sekhar Yeleti,Bhavya Creations,1,3.165475040093201,4,1.4836,1.0834,0,Friday,2,5.357,14.0,Rs15.55 Cr,Rs12.15 Cr,Rs1.3 Cr,Rs25.0 Cr,25.0,Check_2021,Check (film),789358.0
Chennai Love Story,2026,Telugu,post_covid,17.199999809265137,ok,True,"Drama, Romantic",Drama,UA,U/A 16+,True,179.0,24 Jul 2026,False,Kiran Abbavaram; Gouri Priya,Ravi Namburi,Mass Movie Makers,1,1.3545878103903481,8,1.5863,2.5902,0,Friday,7,5.9,7.0,Rs50.89 Cr,Rs38.38 Cr,Rs6.92 Cr,,,Chennai_Love_Story_2026,Chennai Love Story,1443136.0
Choosi Choodangane,2020,Telugu,during_covid,1.5000000298023224,ok,True,"Comedy, Romantic",Comedy,,,False,,31 Jan 2020,False,Shiva Kandukuri; Malavika Satheesan,Sesha Sindhu Rao,Dharmapatha Creations,0,,0,,,0,Friday,1,,,Rs3.5 Cr,Rs2.8 Cr,Rs0.25 Cr,Rs3.0 Cr,3.0,Choosi_Choodangane_2020,Padmavathi Malladi,
Couple Friendly,2026,Telugu,post_covid,2.399999976158142,ok,True,"Drama, Romantic",Drama,A,A,True,121.0,14 Feb 2026,False,Livingston; Yogi Babu; Santosh Sobhan; Rajeev Kanakala; Manasa Varanasi,Ashwin Chandrasekar,,1,2.4610366665074155,22,1.4312,7.8585,0,Saturday,2,7.2,8.0,Rs13.91 Cr,Rs9.3 Cr,Rs1.6 Cr,,,Couple_Friendly_2026,Couple Friendly,1440735.0
Dacoit,2026,Telugu,post_covid,15.75,ok,True,"Action, Drama, Thriller",Action,UA,U/A 13+,True,152.0,10 Apr 2026,False,Adivi Sesh; Prakash Raj; Atul Kulkarni; Anurag Kashyap; Sunil Varma; Zayn Marie Khan; Mrunal Thakur,Shaneil Deo,Suniel Narang Production,1,2.734402237208023,23,2.2631,4.2712,0,Friday,4,6.625,8.0,Rs56.14 Cr,Rs29.67 Cr,Rs13.58 Cr,Rs65.0 Cr,65.0,Dacoit_2024,Dacoit: A Love Story,1220522.0
Deewana (Telugu),2026,Telugu,post_covid,0.5399999991059303,ok,True,"Drama, Romantic",Drama,,,False,,19 Jun 2026,False,Naresh Vijay Krishna; Harshith R; Jeevan Kumar; Smeha Manimegalai,Sreekanth Sangishetty,,1,,0,,,0,Friday,6,,,Rs2.58 Cr,Rs2.33 Cr,₹0.00 Cr,,,Deewana_2026,Bhagyashree,
Disco Raja,2020,Telugu,during_covid,11.99999976158142,ok,True,"Action, Sci-Fi",Action,UA,UA,True,149.0,24 Jan 2020,False,Ravi Teja; Vennela Kishore; Payal Rajput; Tanya Hope,Vi Anand,SRT Entertainments,1,4.558734328349598,2,2.3816,1.2409,0,Friday,1,6.308,13.0,Rs26.0 Cr,Rs21.0 Cr,Rs2.0 Cr,,,Disco_Raja_2020,Disco Raja,535172.0
Entha Manchivaadavuraa,2020,Telugu,during_covid,5.0,ok,True,"Action, Drama, Romantic",Action,U,U,True,144.0,15 Jan 2020,True,Kalyan Ram; Mehreen Pirzada,Satish Vegesna,Aditya Music,1,,0,1.5987,0.9992,0,Wednesday,1,5.375,8.0,Rs25.0 Cr,Rs19.1 Cr,Rs2.9 Cr,Rs15.0 Cr,15.0,Entha_Manchivaadavuraa_2020,Entha Manchivaadavuraa,633146.0
Epic,2026,Telugu,post_covid,4.479999899864197,ok,True,"Drama, Romantic",Drama,UA,U/A 16+,True,173.0,11 Sep 2026,False,Anand Deverakonda; Vaishnavi Chaitanya,Aditya Hasan,,1,2.0079662549580233,2,3.2781,6.4262,0,Friday,9,6.4,42.0,Rs11.364 Cr,Rs7.53 Cr,Rs2.65 Cr,,539.5,Epic_2026,The Odyssey (2026 film),1511417.0
Euphoria,2026,Telugu,post_covid,0.4699999988079071,ok,True,"Drama, Social, Thriller",Drama,UA,U/A 16+,True,150.0,06 Feb 2026,False,Vignesh Gavireddy; Gautham Vasudev Menon; Nassar; Bhumika Chawla; Sara Arjun,Gunasekhar,,1,2.114882582889825,14,1.7834,2.6435,0,Friday,2,3.8,2.0,Rs1.87 Cr,Rs1.85 Cr,Rs0.0 Cr,,,Euphoria_2026,Euphoria (2026 film),1438392.0
FCUK,2021,Telugu,during_covid,1.1700000315904615,ok,True,"Comedy, Romantic",Comedy,A,A,True,,12 Feb 2021,False,Jagapathi Babu; Ram Karthik; Ammu Abhirami,Vidya Sagar Raju,Sri Ranjith Movies,1,2.3085671826833347,1,2.135,1.1527,0,Friday,2,2.0,2.0,Rs1.75 Cr,Rs1.4 Cr,Rs0.0 Cr,,,FCUK_2021,French Connection (clothing),796853.0
Funky,2026,Telugu,post_covid,5.75,ok,True,"Comedy, Family, Romantic",Comedy,UA,U/A,True,128.0,13 Feb 2026,False,VK Naresh; Vishwak Sen; Kayadu Lohar,Anudeep KV,Srikara Studios,1,1.863628463210926,9,1.523,3.8958,0,Friday,2,6.7,6.0,Rs13.5 Cr,Rs8.95 Cr,Rs3.2 Cr,,,Funky_2026,Funky (film),1403737.0
GaayaPadda Simham,2026,Telugu,post_covid,1.5,ok,True,"Action, Drama",Action,UA,U/A 16+,True,160.0,01 May 2026,False,Tharun Bhascker; J. D. Chakravarthy; Sree Vishnu; Faria Abdullah,Kasyap Sreenivas,,1,1.7910372596048572,7,2.8393,1.5876,0,Friday,5,5.833,3.0,Rs3.18 Cr,Rs2.59 Cr,Rs0.5 Cr,,,GaayaPadda_Simham_2026,Gaayapadda Simham,1630661.0
Gedelaraju Kakinada Taluka,2026,Telugu,post_covid,1.5199999809265137,ok,True,"Action, Crime, Drama",Action,A,A,True,121.0,24 Apr 2026,False,Raghu Kunche; Vikas Muppala; Kalapala Mounika; Teena Sravya,Chaitanya Moturi,,1,0.9162907318741551,1,0.6027,1.4219,0,Friday,4,0.0,0.0,Rs1.98 Cr,Rs1.76 Cr,₹0.00 Cr,,,Gedelaraju_Kakinada_Taluka_2026,Gedela Raju Kakinada Taluka,1685630.0
Godari Gattupaina,2026,Telugu,post_covid,2.449999988079071,ok,True,"Comedy, Romantic",Comedy,UA,U/A 13+,True,31.0,08 May 2026,False,Sumanth Prabhas; Sudharshan; Rajeev Kanakala; Jagapati Babu; Harsha Vardhan; Nidhi Pradeep,Subash Chandra,,1,1.6803178846530016,2,1.1288,3.139,0,Friday,5,5.6,7.0,Rs9.89 Cr,Rs8.48 Cr,Rs0.52 Cr,,,Godari_Gattupaina_2026,Godari Gattupaina,1610840.0
HIT,2020,Telugu,during_covid,4.799999952316284,ok,True,"Action, Mystery, Thriller",Action,,,False,,28 Feb 2020,False,Murali Sharma; Vishwak Sen; Brahmaji; Bhanuchander; Hari Teja; Ruhani Sharma,Dr Sailesh Kolanu,,1,3.2037936332791515,3,2.0374,1.071,0,Friday,2,1.0,1.0,Rs8.0 Cr,Rs6.6 Cr,Rs0.5 Cr,Rs4.0 Cr,4.0,HIT_2020,HIT (film series),781106.0
Hey Balwanth,2026,Telugu,post_covid,3.050000011920929,ok,True,"Comedy, Drama",Comedy,,,False,134.0,20 Feb 2026,False,,,,0,1.3559891458971414,547,1.5987,1.6521,0,Friday,2,5.3,3.0,Rs8.12 Cr,Rs5.38 Cr,Rs2.25 Cr,,,Hey_Bhagawan_2026,Hey Balwanth,1531852.0
Hrudhayam Murali,2026,Telugu,post_covid,0.3900000043213367,ok,True,"Drama, Romantic",Drama,,,False,156.0,10 Jul 2026,False,Atharvaa; Fahadh Faasil; Natarajan Subramaniam; Thaman S; Kayadu Lohar; Preity Mukhundhan,Aakash Baskaran,Dawn Pictures,1,2.370646642325518,13,,,0,Friday,7,,,Rs1.55 Cr,Rs1.37 Cr,₹0.00 Cr,,,Hrudhayam_Murali_2026,Padi Padi Leche Manasu,
Hushar Pittalu,2026,Telugu,post_covid,1.80000002682209,ok,True,"Drama, Romantic",Drama,UA,U/A,True,130.0,15 Aug 2026,True,Govardhan Reddy; Ansh Thorat; Ramesh Nakirekanti; Vasavi Ganeshan; Prani Reddy,Bikshu koyagura,Rudrakranthi Pictures,0,,0,0.3563,2.4461,0,Saturday,8,4.0,1.0,Rs5.41 Cr,Rs4.81 Cr,Rs0.0 Cr,,,Hushar_Pittalu_2026,,1742434.0
Irumudi,2026,Telugu,post_covid,50.390000343322754,ok,True,Action,Action,UA,U/A,True,149.0,21 Aug 2026,False,Ajay Ghosh; Ravi Teja; Saikumar Pudipeddi; Priya Bhavani Shankar; Swasika,Shiva Nirvana,Mythri Movie Makers,1,2.550957841557703,12,2.3816,45.9652,0,Friday,8,6.6,22.0,Rs241.28 Cr,Rs188.07 Cr,Rs22.45 Cr,,,Irumudi_2026,Irumudi,1441228.0
Ishq - Not a Love Story,2021,Telugu,during_covid,0.5999999940395355,ok,True,"Drama, Romantic, Thriller",Drama,,,False,115.0,30 Jul 2021,False,Teja Sajja; Priya Prakash Varrier,S S Raju,,1,1.8794650605670955,1,,,0,Friday,7,,,Rs1.17 Cr,Rs1.01 Cr,Rs0.0 Cr,Rs6.0 Cr,6.0,Ishq_(Telugu)_2021,Ishq (2021 film),
Jaanu,2020,Telugu,during_covid,8.100000143051147,ok,True,"Drama, Romantic",Drama,U,U,True,151.0,07 Feb 2020,False,Sharwanand; Vennela Kishore; Samantha Ruth Prabhu,C. Prem Kumar,Sri Venkateswara Creations,1,3.8941393319402806,3,1.5987,0.9271,0,Friday,2,6.118,17.0,Rs11.9 Cr,Rs8.1 Cr,Rs2.5 Cr,,,Jaanu_2020,Jaanu (2020 film),669146.0
Jathi Ratnalu,2021,Telugu,during_covid,18.550000190734863,ok,True,"Comedy, Drama",Comedy,,,False,148.0,11 Mar 2021,False,Vennela Kishore; Rahul Ramakrishna; Tanikella Bharani; Naveen Polishetty; Brahmanandam; Priyadarshi Pullikonda; Faria Abdullah,Anudeep KV,Swapna Cinema,1,3.022937335815745,7,1.9806,1.2251,0,Thursday,3,7.103,29.0,Rs68.0 Cr,Rs49.76 Cr,Rs11.0 Cr,Rs15.0 Cr,15.0,Jathi_Ratnalu_2021,Jathi Ratnalu,796368.0
Jetlee,2026,Telugu,post_covid,2.5000000596046448,ok,True,"Action, Comedy",Action,UA,U/A,True,132.0,01 May 2026,False,Vennela Kishore; Satya Akkala; Rhea Singha,Ritesh Rana,Mythri Movie Makers,1,2.3121348680398746,35,1.5987,1.7268,0,Friday,5,4.4,4.0,Rs5.79 Cr,Rs3.88 Cr,Rs1.33 Cr,,,Jetlee_2026,Jetlee,1576377.0
Korean Kanakaraju,2026,Telugu,post_covid,13.199999809265137,ok,True,"Comedy, Horror",Comedy,UA,U/A,True,165.0,07 Aug 2026,False,Satya Akkala; Varun Tej; Ritika Nayak,Merlapaka Gandhi,UV Creations,1,1.9163016915754298,6,1.388,3.6491,0,Friday,8,7.0,4.0,Rs32.81 Cr,Rs23.7 Cr,Rs5.6 Cr,,,Korean_Kanakaraju_2026,Korean Kanakaraju,1423253.0
Krack,2021,Telugu,during_covid,12.949999988079073,ok,True,Action,Action,UA,U/A,True,154.0,09 Jan 2021,False,Samuthirakani; Ravi Teja; Varalaxmi Sarathkumar; Shruthi Haasan,Gopichand Malineni,Saraswathi Films Division,1,2.564949339121646,1,2.4886,1.203,0,Saturday,1,5.933,30.0,Rs60.15 Cr,Rs50.02 Cr,Rs1.4 Cr,Rs40.0 Cr,40.0,Krack_2020,Krack (film),784572.0
Lenin,2026,Telugu,post_covid,25.90000009536743,ok,True,"Action, Drama",Action,UA,U/A 16+,True,157.0,10 Jul 2026,False,Brahmaji; Akhil Akkineni; Ramki; Sunil Varma; Bhagyashri Borse,Murali Kishor Abburu,Trikita Entertainment,1,2.700689869753188,12,1.6587,6.6191,0,Friday,7,6.2,6.0,Rs67.3 Cr,Rs49.32 Cr,Rs10.75 Cr,,,Lenin_2026,Lenin (film),1408170.0
Love Story,2021,Telugu,during_covid,24.800000190734863,ok,True,"Drama, Romantic",Drama,,,False,165.0,24 Sep 2021,False,Rao Ramesh; Naga Chaitanya; Sai Pallavi; Devayani,Sekhar Kammula,Sree Venkateswara Cinemas,1,3.475067230228611,1,2.0272,5.2861,0,Friday,9,6.812,759.0,Rs59.0 Cr,Rs39.3 Cr,Rs13.4 Cr,Rs27.0 Cr,27.0,Love_Story_2021,Love Story (2021 film),9062.0
Maa Inti Bangaaram,2026,Telugu,post_covid,20.050000190734863,ok,True,"Action, Comedy, Family, Thriller",Action,UA,U/A 13+,True,154.0,19 Jun 2026,False,Srinivas Gavireddy; Diganth Manchale; Samantha Ruth Prabhu; Gauthami,B. V. Nandini Reddy,Tralala Moving Pictures,1,2.5937105852834996,4,1.5403,5.5681,0,Friday,6,6.861,18.0,Rs99.56 Cr,Rs59.04 Cr,Rs27.8 Cr,,19.616635,Maa_Inti_Bangaaram_2026,Maa Inti Bangaaram,1227241.0
Maha Samudram,2021,Telugu,during_covid,3.149999976158142,ok,True,Romantic,Romantic,UA,UA,True,153.0,14 Oct 2021,False,Sharwanand; Jagapati Babu; Siddharth; Rao Ramesh; Aditi Rao Hydari; Saranya Ponvannan; Anu Emmanuel,Ajay Bhupati,AK Entertainments,1,3.3428618113889397,1,2.0493,0.8312,0,Thursday,10,4.8,3.0,Rs9.7 Cr,Rs8.1 Cr,Rs1.0 Cr,,,Maha_Samudram_2021,Maha Samudram,755431.0
Mahendragiri Varahi,2026,Telugu,post_covid,1.840000033378601,ok,True,"Action, Adventure, Thriller",Action,,,False,,11 Sep 2026,False,Siddhu Jonnalagadda; Rajeev Kanakala; Vennela Kishore; Ali Basha; Sumanth; Brahmanandam Kanneganti; Malavika Nair; Meenakshi Goswami; Aishwarya Rajesh,Dheerendra Santhossh Jagarlapudi,,1,2.3286510570254038,37,2.7532,3.98,0,Friday,9,0.0,0.0,Rs4.44 Cr,Rs3.88 Cr,Rs0.0 Cr,,,Mahendragiri_Varahi_2026,Sumanth,1049064.0
Mana ShankaraVaraprasad Garu,2026,Telugu,post_covid,56.04999923706055,ok,True,"Action, Comedy, Drama",Action,UA,U/A 13+,True,165.0,12 Jan 2026,False,Venkatesh; Sachin Khedekar; Chiranjeevi Konidala; Nayanthara; Catherine Tresa,Anil Ravipudi,Shine Screens,1,3.691296968245489,9,2.6549,1.4466,0,Monday,1,6.2,22.0,Rs301.49 Cr,Rs218.47 Cr,Rs43.0 Cr,,184.52311,Mana_Shankaravaraprasad_Garu_2026,Mana Shankara Vara Prasad Garu,1439713.0
Manchi Rojulochaie,2021,Telugu,during_covid,1.5699999630451202,ok,True,"Comedy, Romantic",Comedy,UA,UA,True,,04 Nov 2021,True,Santosh Shoban; Srinivas Reddy; Sudharshan; Sapthagiri; Ajay Ghosh; Viva Harsha; Mehreen Pirzada,Maruthi,V celluloid & SKN,1,,0,1.5987,1.1669,0,Thursday,11,4.0,3.0,Rs3.65 Cr,Rs3.9 Cr,Rs0.3 Cr,,,Manchi_Rojulochaie_2021,Manchi Rojulochaie,890931.0
Mension House Mallesh,2026,Telugu,post_covid,0.5599999874830246,ok,True,"Comedy, Drama, Romantic",Comedy,A,A,True,,06 Mar 2026,True,,,,0,1.353004748716399,550,1.3005,2.1551,0,Friday,3,5.0,1.0,Rs2.16 Cr,Rs1.92 Cr,₹0.00 Cr,,,Mension_House_Mallesh_2026,Kamakshi Bhaskarla,1647142.0
Mister Middle Class,2026,Telugu,post_covid,0.6300000101327896,ok,True,Drama,Drama,U,U,True,,17 Jul 2026,False,Ali Basha; Rajendra Prasad; Sunil Varma; Srikanth Meka; Vennela Kishore; Laya Gorty,G. Nageswara Reddy,Blu.j creations,1,2.2252894513033756,17,2.135,1.9287,0,Friday,7,5.0,1.0,Rs1.84 Cr,Rs1.62 Cr,₹0.00 Cr,,,Mister_Middle_Class_2026,Fred Rogers,1732324.0
Mosagallu,2021,Telugu,during_covid,1.1899999976158142,ok,True,"Crime, Reality",Crime,UA,UA,True,,19 Mar 2021,False,Sunil Shetty; Naveen Chandra; Vishnu Manchu; Kajal Aggarwal; Ruhi Singh,Jeffrey Gee Chin,AVA Entertainment,1,3.881563778280049,1,1.9871,1.1003,0,Friday,3,4.7,7.0,Rs1.65 Cr,Rs1.19 Cr,Rs0.15 Cr,Rs51.0 Cr,51.0,Mosagallu_2021,Mosagallu,807079.0
Most Eligible Bachelor,2021,Telugu,during_covid,20.600000381469727,ok,True,Romantic,Romantic,,,False,148.0,15 Oct 2021,False,Akhil Akkineni; Vennela Kishore; Murali Sharma; Pooja Hegde,Bommarillu Bhaskar,,1,2.9731339150672964,9,2.8228,1.7189,0,Friday,10,6.281,16.0,Rs38.0 Cr,Rs29.01 Cr,Rs4.3 Cr,Rs30.0 Cr,30.0,Most_Eligible_Bachelor_2021,Most Eligible Bachelor,716255.0
Mrithyunjay,2026,Telugu,post_covid,3.350000023841858,ok,True,"Action, Thriller",Action,UA,U/A 16+,True,,06 Mar 2026,True,Racha Ravi; Sree Vishnu; Reba Monica John,Hussain Sha Kiran,Picture Perfect Entertainment,1,1.8445141611087532,6,1.1277,3.0213,0,Friday,3,5.7,5.0,Rs9.75 Cr,Rs7.18 Cr,Rs1.35 Cr,,,Mrithyunjay_2026,Mrithyunjay,1428294.0
Naandhi,2021,Telugu,during_covid,3.199999988079071,ok,True,"Action, Crime, Thriller",Action,,,False,146.0,19 Feb 2021,False,Priyadarshi Pullikonda; Allari Naresh; Varalaxmi Sarathkumar,Vijay Kanakamedala,SV2 Entertainment,1,2.635479507412828,2,1.3238,1.4666,0,Friday,2,7.417,12.0,Rs8.5 Cr,Rs7.14 Cr,Rs0.2 Cr,Rs4.0 Cr,4.0,Naandhi_2021,Naandhi,797967.0
Nagabandham - The Secret Treasure,2026,Telugu,post_covid,8.450000047683716,ok,True,"Action, Adventure, Drama, Thriller",Action,UA,U/A 16+,True,165.0,03 Jul 2026,False,Jagapati Babu; Murli Sharma; Mahesh Manjrekar; Nabha Natesh; Anasuya Bharadwaj,Abhishek Nama,NIK Studios,1,3.2116587978766056,6,1.5003,4.814,0,Friday,7,4.5,4.0,Rs27.53 Cr,Rs17.36 Cr,Rs1.78 Cr,,,Nagabandham__The_Secret_Treasure_2026,Nagabandham: The Secret Treasure,1442396.0
Nari Nari Naduma Murari,2026,Telugu,post_covid,7.449999809265137,ok,True,"Comedy, Romantic",Comedy,UA,U/A 13+,True,145.0,14 Jan 2026,True,Sree Vishnu; Sharwanand; Samyuktha Menon; Sakshi Vaidya,Ram Abbaraju,AK Entertainments,1,2.128231705849268,5,1.2757,1.1672,0,Wednesday,1,6.364,11.0,Rs38.75 Cr,Rs26.33 Cr,Rs7.75 Cr,,,Nari_Nari_Naduma_Murari_2026,Nari Nari Naduma Murari (2026 film),1417849.0
Newton's 3rd Law,2026,Telugu,post_covid,0.7000000029802322,ok,True,"Drama, Family, Thriller",Drama,UA,U/A 16+,True,135.0,31 Jul 2026,False,Trinadh Varma; Ravi Varma; Sumanth; Srinivas Avasarala; Jagapati Babu; Neha Pathan,Rajesh Karna,Vfx Shashwat,1,2.468099531471619,3,1.1288,1.7844,0,Friday,7,5.333,3.0,Rs1.47 Cr,Rs1.3 Cr,₹0.00 Cr,,,Newtons_3rd_Law_2026,Newton's 3rd Law (film),1740614.0
Oh..! Sukumari,2026,Telugu,post_covid,0.7000000104308128,ok,True,"Comedy, Romantic",Comedy,UA,U/A 13+,True,137.0,17 Jul 2026,False,Srinivas Gavireddy; Thiruveer; Muralidhar Goud; Aishwarya Rajesh,Bharat Dharshan,Ganga Entertainments,1,3.046900569189429,2,2.7532,2.2786,0,Friday,7,4.5,2.0,Rs2.41 Cr,Rs2.08 Cr,₹0.00 Cr,,,Oh_Sukumari_2026,Oh..! Sukumari,1592679.0
Oka Chinna Viramam,2020,Telugu,during_covid,0.7000000178813934,ok,True,Drama,Drama,UA,UA,True,,14 Feb 2020,False,Naveen Neni; Punarnavi Bhupalam,Sundeep Cheguri,,0,,0,0.5889,0.7755,0,Friday,2,0.0,0.0,Rs1.4 Cr,Rs1.1 Cr,Rs0.12 Cr,Rs2.0 Cr,2.0,Oka_Chinna_Viramam_2020,Punarnavi Bhupalam,677089.0
Om Shanti Shanti Shantihi,2026,Telugu,post_covid,0.7000000029802322,ok,True,"Comedy, Drama, Family",Comedy,,,False,130.0,30 Jan 2026,False,Tharun Bhascker; Brahmaji; Eesha Rebba,A R Sajeev,,1,2.2245505001691015,9,1.7439,2.2472,0,Friday,1,5.0,2.0,Rs1.5 Cr,Rs1.3 Cr,Rs0.0 Cr,,,Om_Shanti_Shanti_Shantihi_2026,Om Shanti Shanti Shantihi,1508577.0
Oollalla Oollalla,2020,Telugu,during_covid,0.6000000089406967,ok,True,"Horror, Romantic",Horror,A,A,True,,01 Jan 2020,False,Nataraj; Noorin Shereef; Ankeeta R Maharanaa,Sathiya Prakash,M/s. Sukhibhava Movies And Cinemas,1,,0,1.1915,1.443,0,Wednesday,1,0.0,0.0,Rs2.0 Cr,Rs1.96 Cr,Rs0.0 Cr,Rs10.0 Cr,10.0,Oollalla_Oollalla_2020,Apsara Rani,1088501.0
Vakeel Saab,2021,Telugu,during_covid,73.24999809265137,ok,True,Drama,Drama,UA,UA,True,156.0,09 Apr 2021,False,Pawan Kalyan; Naresh; Prakash Raj; Ananya Nagalla; Shruthi Haasan; Nivetha Thomas; Anjali,Venu Sree Raam,Sri Venkateswara Creations,1,2.95344420938366,4,2.2631,1.3036,0,Friday,4,6.6,20.0,Rs137.5 Cr,Rs109.55 Cr,Rs10.2 Cr,Rs70.0 Cr,70.0,PSPK_26_2020,Vakeel Saab,673732.0
Paagal,2021,Telugu,during_covid,4.57000008225441,ok,True,"Comedy, Drama, Romantic",Comedy,UA,U/A 16+,True,138.0,14 Aug 2021,True,Murali Sharma; Vishwak Sen; Rahul Ramakrishna; Nivetha Pethuraj,Naresh Kuppili,Sri Venkateswara Creations,1,2.972975296187634,8,1.9806,2.3793,0,Saturday,8,4.5,8.0,Rs10.5 Cr,Rs8.42 Cr,Rs0.7 Cr,Rs10.0 Cr,10.0,Paagal_2021,Paagal,859946.0
Palasa 1978,2020,Telugu,during_covid,1.5,ok,True,"Action, Crime, Drama",Action,A,A,True,144.0,06 Mar 2020,False,Raghu Kunche; Thiruveer; Rakshith; Nakshatra,Karuna Kumar,Suresh Productions,1,,0,2.051,1.0505,0,Friday,3,6.3,3.0,Rs3.2 Cr,Rs2.5 Cr,Rs0.25 Cr,Rs5.0 Cr,5.0,Palasa_1978_2020,Palasa 1978,680986.0
Pelli SandaD,2021,Telugu,during_covid,5.039999961853027,ok,True,Drama,Drama,U,U,True,,15 Oct 2021,False,Rao Ramesh; K. Raghavendra Rao; Rajendra Prasad; Vennela Kishore; Prakash Raj; Roshann Meka; Sreeleela,Gowri Ronanki,RK Film Associates,1,3.006530266166258,3,2.2631,2.1882,0,Friday,10,4.0,3.0,Rs11.1 Cr,Rs9.41 Cr,Rs0.15 Cr,Rs7.0 Cr,7.0,Pelli_SandaD_2021,Pelli SandaD,884909.0
Purushaha,2026,Telugu,post_covid,0.3399999924004078,ok,True,"Comedy, Drama, Family",Comedy,UA,U/A 16+,True,,22 May 2026,False,Saptagiri; Rajeev Kanakala; Rajkumar Kasireddy; VTV Ganesh; Vennela Kishore,Veeru Vulavala,,1,1.5330033322979766,3,1.5987,1.3451,0,Friday,5,0.0,0.0,Rs1.12 Cr,Rs1.02 Cr,₹0.00 Cr,,,Purushaha_2026,Chinmayi discography,1691219.0
Pushpa: The Rise (Part 1),2021,Telugu,during_covid,84.07000160217285,ok,True,"Action, Thriller",Action,UA,UA,True,179.0,17 Dec 2021,False,Allu Arjun; Dhananjay; Rao Ramesh; Sunil Varma; Fahadh Faasil; Rashmika Mandanna; Anasuya Bharadwaj,Sukumar,Mythri Movie Makers,1,4.163559634209902,3,2.3677,4.0377,1,Friday,12,6.8,205.0,Rs350.1 Cr,Rs136.43 Cr,Rs36.3 Cr,Rs150.0 Cr,150.0,Pushpa_2020,Pushpa: The Rise,690957.0
Raakaasa,2026,Telugu,post_covid,7.999999761581421,ok,True,"Comedy, Fantasy, Thriller",Comedy,UA,U/A 13+,True,133.0,03 Apr 2026,False,Ashish Vidyarthi; Sangeeth Shobhan; Brahmaji; Tanikella Bharani; Vennela Kishore; Rohini; Nayan Sarika,Manasa Sharma,Zee Studio,1,2.581141421852698,10,2.2479,6.7361,0,Friday,4,6.2,19.0,Rs21.2 Cr,Rs15.18 Cr,Rs3.95 Cr,,,Raakaasa_2026,Raakaasa,1451078.0
Raja Raja Chora,2021,Telugu,during_covid,3.0300000309944153,ok,True,"Comedy, Crime",Comedy,,,False,,19 Aug 2021,False,Sree Vishnu; Ravi Babu; Megha Akash; Sunaina,Hasith Goli,People Media Factory,1,,0,1.1277,0.8002,0,Thursday,8,7.333,9.0,Rs8.4 Cr,Rs6.0 Cr,Rs1.4 Cr,,,Raja_Raja_Chora_2021,Raja Raja Chora,802735.0
Ramba Oorvasi Menaka,2026,Telugu,post_covid,2.5,ok,True,Comedy,Comedy,UA,UA,True,144.0,04 Sep 2026,False,Vennela Kishore; Allari Naresh; Vijaya Krishna Naresh; Surabhi; Rashi Singh,Chandra Mohan Chintada,,1,2.2827078713033573,36,1.5987,3.2783,0,Friday,9,0.0,0.0,Rs4.91 Cr,Rs4.24 Cr,Rs0.0 Cr,,,Ramba_Oorvasi_Menaka_2026,Rambha Urvasi Menaka,1560208.0
Rang De,2021,Telugu,during_covid,12.799999952316284,ok,True,Romantic,Romantic,,,False,130.0,26 Mar 2021,False,Nithiin; Vennela Kishore; Naresh; Brahmaji; Keerthi Suresh,Venky Atluri,Sithara Entertainments,1,3.0166920808622315,8,3.2511,1.4685,0,Friday,3,6.058,26.0,Rs27.0 Cr,Rs20.17 Cr,Rs4.0 Cr,Rs25.0 Cr,25.0,Rang_De_2020,Rang De,795104.0
Rao Bahadur,2026,Telugu,post_covid,4.039999961853027,ok,True,"Drama, Mystery, Psychological",Drama,UA,U/A 16+,True,170.0,03 Jul 2026,False,Satyadev Kancharana; Vikas Muppala; Anand Bharathi; Deepa Thomas,Venkatesh Maha,Srichakraas Entertainments,1,3.233327353797487,2,1.4654,3.3473,0,Friday,7,7.2,5.0,Rs11.45 Cr,Rs6.27 Cr,Rs4.5 Cr,,,Rao_Bahadur_2026,Rao Bahadur (film),1443961.0
Razor,2026,Telugu,post_covid,0.6399999856948853,ok,True,"Action, Thriller",Action,A,A,True,,08 May 2026,False,Ravi Babu,Ravi Babu,,1,1.3937663836495136,1,1.0287,2.0565,0,Friday,5,7.0,4.0,Rs2.47 Cr,Rs2.21 Cr,₹0.00 Cr,,,Razor_2026,Hanzo the Razor,1688062.0
Red,2021,Telugu,during_covid,12.0,ok,True,,,A,A,True,146.0,14 Jan 2021,True,Ram Pothineni; Malvika Sharma; Nivetha Pethuraj,Kishore Tirumala,Sri Sravanthi Movies,1,3.242592351485517,1,7.4524,15.9268,0,Thursday,1,6.533,6472.0,Rs31.2 Cr,Rs25.96 Cr,Rs0.5 Cr,Rs20.0 Cr,20.0,Red_2020,Red (2021 film),401981.0
Republic,2021,Telugu,during_covid,6.6000001430511475,ok,True,"Action, Political, Thriller",Action,UA,UA,True,,01 Oct 2021,False,Sai Dharam Tej; Jagapathi Babu; Aishwarya Rajesh; Ramya Krishnan,Deva Katta,Zee Studio,1,2.4069450997266277,3,2.7532,0.7866,0,Friday,10,6.636,11.0,Rs11.5 Cr,Rs8.91 Cr,Rs1.5 Cr,,,Republic_2021,Republic (film),875546.0
Romanchakam,2026,Telugu,post_covid,3.799999952316284,ok,True,"Comedy, Romantic",Comedy,,,False,145.0,03 Sep 2026,False,Upendra Limaye; Sumanth Prabhas; Ananthika Sanilkumar,Venu Gopal Reddy,,1,2.7795950673361265,2,0.9474,1.5145,0,Thursday,9,0.0,0.0,Rs9.9795 Cr,Rs6.98 Cr,Rs1.85 Cr,,,Romanchakam_2026,Irumudi,1669281.0
Romantic,2021,Telugu,during_covid,4.449999928474426,ok,True,Romantic,Romantic,,,False,,29 Oct 2021,False,Akash Puri; Ramya Krishnan; Ketika Sharma; Mandira Bedi; Dhivyadharshini,Anil Paduri,,1,2.255493485460195,1,6.5449,2.6594,0,Friday,10,5.4,39.0,Rs4.0 Cr,Rs6.59 Cr,Rs0.15 Cr,Rs7.0 Cr,7.0,Romantic_2021,Romantic (film),42266.0
SR Kalyana Mandapam,2021,Telugu,during_covid,6.049999952316284,ok,True,"Action, Romantic",Action,UA,UA,True,148.0,06 Aug 2021,False,Kiran Abbavaram; Priyanka Jawalkar,Sridhar Gade,Elite Entertainments,1,0.7929925193055214,1,1.1004,1.1915,0,Friday,8,6.5,1.0,Rs14.1 Cr,Rs11.31 Cr,Rs0.9 Cr,Rs11.0 Cr,11.0,SR_Kalyana_Mandapam_2021,SR Kalyanamandapam,857832.0
S Saraswathi,2026,Telugu,post_covid,0.4299999997019768,ok,True,"Suspense, Thriller",Suspense,UA,U/A 16+,True,,06 Mar 2026,True,Prakash Raj; Rao Ramesh; Murali Sharma; Varalaxmi Sarathkumar; Radhika Sarathkumar; Priyamani,Varalaxmi Sarathkumar,Dosa Diaries,1,2.842435318714596,22,2.2631,3.0203,0,Friday,3,0.0,0.0,Rs1.18 Cr,Rs1.02 Cr,₹0.00 Cr,,,S_Saraswathi_2026,S Saraswathi,1552958.0
Sampradayini Suppini Suddapoosani,2026,Telugu,post_covid,0.6600000113248825,ok,True,"Comedy, Crime",Comedy,,,False,144.0,06 Mar 2026,True,Shivaji; Ali Basha; Laya,Sudhir Sriram,Sree Sivaji Productions,1,,0,,,0,Friday,3,,,Rs1.5 Cr,Rs1.28 Cr,Rs0.0 Cr,,,Sampradayini_Suppini_Suddapoosani_2026,Sampradayini Suppini Suddapoosani,
Sarileru Neekevvaru,2020,Telugu,during_covid,69.90000057220459,ok,True,Action,Action,UA,UA,True,169.0,11 Jan 2020,False,Mahesh Babu; Prakash Raj; Rajendra Prasad; Vijayashanti; Rashmika Mandanna,Anil Ravipudi,Sri Venkateswara Creations,1,3.6454498961866,1,2.2631,1.7782,0,Saturday,1,5.953,64.0,Rs221.7 Cr,Rs169.55 Cr,Rs25.0 Cr,Rs100.0 Cr,100.0,Sarileru_Neekevvaru_2020,Sarileru Neekevvaru,607313.0
Seetimaarr,2021,Telugu,during_covid,8.65000033378601,ok,True,"Action, Drama, Sports",Action,U,U,True,138.0,10 Sep 2021,False,Tottempudi Gopichand; Digangana Suryavanshi; Bhumika Chawla; Tamanna Bhatia,Sampath Nandi,Srinivasaa Silver Screen,1,,0,4.9139,1.4911,0,Friday,9,4.1,4.0,Rs14.2 Cr,Rs13.28 Cr,Rs0.2 Cr,,,Seetimaarr_2021,Seetimaarr,791303.0
Shyam Singha Roy,2021,Telugu,during_covid,21.11999988555908,ok,True,"Action, Drama",Action,UA,UA,True,157.0,24 Dec 2021,True,Nani; Sai Pallavi; Krithi Shetty; Madonna Sebastian,Rahul Sankrityan,Niharika Entertainment,1,3.5929190671669216,2,2.2714,1.4302,0,Friday,12,6.612,49.0,Rs49.0 Cr,Rs35.63 Cr,Rs5.5 Cr,,,Shyam_Singha_Roy_2021,Shyam Singha Roy,799676.0
Sing Geetham,2026,Telugu,post_covid,2.8499999046325684,ok,True,"Fantasy, Musical",Fantasy,U,U,True,137.0,11 Jun 2026,False,Banerjee Maganti; Ayaan K; Ahilya Bamroo; Shalini kondepudi,Singeetam Srinivasa Rao,,1,0.8329091255266103,2,1.0384,2.2145,0,Thursday,6,8.0,3.0,Rs6.06 Cr,Rs5.27 Cr,Rs1.0 Cr,,,Sing_Geetham_2026,Sing Geetham,1626170.0
Solo Brathuke So Better,2020,Telugu,during_covid,10.099999904632568,ok,True,"Comedy, Romantic",Comedy,U,U,True,,25 Dec 2020,True,Rajendra Prasad; Sai Dharam Tej; Vennela Kishore; Nabha Natesh,Subbu,Sri Venkateswara Cine Chitra,1,3.411233493031351,5,2.5298,0.8876,0,Friday,12,5.4,8.0,Rs22.3 Cr,Rs18.1 Cr,Rs1.2 Cr,Rs20.0 Cr,20.0,Solo_Brathuke_So_Better_2020,Solo Brathuke So Better,713235.0
Sreekaram,2021,Telugu,during_covid,6.490000128746033,ok,True,"Drama, Reality",Drama,,,False,132.0,11 Mar 2021,False,Sai Kumar; Murali Sharma; Sharwanand (actor); Rao Ramesh; Priyanka Arulmohan,Kishore Reddy,14 Reels Plus,1,2.5708070941886008,6,2.5298,1.2663,0,Thursday,3,6.2,5.0,Rs16.5 Cr,Rs13.48 Cr,Rs0.75 Cr,Rs20.0 Cr,20.0,Sreekaaram_2021,Sreekaram,726027.0
Sridevi Soda Center,2021,Telugu,during_covid,4.5000001192092896,ok,True,"Comedy, Drama, Romantic",Comedy,UA,UA,True,154.0,27 Aug 2021,False,Sudheer Babu; Anandhi,Karuna Kumar,70mm Entertainments,1,3.676300671907076,1,3.2511,1.8567,0,Friday,8,5.917,6.0,Rs6.8 Cr,Rs6.13 Cr,Rs0.3 Cr,,,Sridevi_Soda_Center_2021,Sridevi Soda Center,865471.0
Srinivasa Mangapuram,2026,Telugu,post_covid,2.5399999618530273,ok,True,"Action, Drama, Romantic",Action,UA,U/A,True,155.0,30 Jul 2026,False,Jai Krishna Ghattamaneni; Naresh Vijay Krishna; Brahmaji; Mohan Babu; Shaam; Rasha Thadani,Ajay Bhupathi,Vyjayanthi Movies,1,1.9905596922192605,13,1.5985,1.7285,0,Thursday,7,10.0,1.0,Rs6.56 Cr,Rs5.55 Cr,Rs0.33 Cr,,,Srinivasa_Mangapuram_2026,Srinivasa Mangapuram (film),1577326.0
The Raja Saab,2026,Telugu,post_covid,81.84999942779541,ok,True,"Comedy, Horror, Romantic",Comedy,UA,U/A 16+,True,183.0,09 Jan 2026,False,Prabhas; Sanjay Dutt; Boman Irani; Malavika Mohanan; Riddhi Kumar; Nidhhi Agerwal,Maruthi,People Media Factory,1,4.001540520157669,9,2.1431,3.6928,0,Friday,1,5.0,34.0,Rs208.39 Cr,Rs120.11 Cr,Rs34.25 Cr,,415.0,The_Raja_Saab_2024,The RajaSaab,1022453.0
Thimmarajupalli TV,2026,Telugu,post_covid,0.2399999946355819,ok,True,"Drama, Suspense",Drama,,,False,124.0,17 Apr 2026,False,Kiran Abbavaram; Sai Tej; Veda Jalandhar,V. Muniraju,,1,1.517370158261712,7,0.7795,0.9924,0,Friday,4,6.0,1.0,Rs1.75 Cr,Rs1.55 Cr,₹0.00 Cr,,,Thimmarajupalli_TV_2026,Thimmarajupalli TV,1541705.0
Thimmarusu,2021,Telugu,during_covid,1.2100000083446505,ok,True,"Crime, Drama",Crime,UA,UA,True,,30 Jul 2021,False,Satya Dev; Priyanka Jawalkar,Sharan Koppisetty,,1,,0,1.4654,1.032,0,Friday,7,7.667,6.0,Rs2.55 Cr,Rs2.15 Cr,Rs0.0 Cr,Rs5.0 Cr,5.0,Thimmarusu_2021,Thimmarusu,805014.0
Uppena,2021,Telugu,during_covid,35.34000015258789,ok,True,"Drama, Romantic",Drama,,,False,147.0,12 Feb 2021,False,Panjaa Vaishnav Tej; Vijay Sethupathi; Krithi Shetty,Bucchi Babu,Mythri Movie Makers,1,3.2148131927877692,3,2.254,1.3628,0,Friday,2,5.75,20.0,Rs84.1 Cr,Rs70.0 Cr,Rs2.5 Cr,Rs22.0 Cr,22.0,Uppena_2021,Uppena,606718.0
Ustaad Bhagat Singh,2026,Telugu,post_covid,25.600000381469727,ok,True,"Action, Drama",Action,UA,U/A,True,154.0,19 Mar 2026,True,Nawab Shah; Pawan Kalyan; R. Parthiban; Sreeleela; Raashi Khanna,Harish Shankar,Mythri Movie Makers,1,4.035079930128525,5,1.7598,2.2478,0,Thursday,3,5.8,9.0,Rs96.78 Cr,Rs72.36 Cr,Rs11.85 Cr,,116.2,Ustaad_Bhagat_Singh_2026,Ustaad Bhagat Singh,868668.0
Valayam,2020,Telugu,during_covid,2.600000023841858,ok,True,"Drama, Thriller",Drama,UA,UA,True,,21 Feb 2020,False,Noel Sean; Ravi Prakash; Laksh Chadalavada; Digangana Suryavanshi,Ramesh Kadumula,Sri Tirumala Tirupathi Venkateswara Films,1,,0,0.8493,0.7471,0,Friday,2,5.5,2.0,Rs4.5 Cr,Rs3.7 Cr,Rs0.2 Cr,Rs7.0 Cr,7.0,Valayam_2020,Digangana Suryavanshi,687355.0
Vanda Devullu,2026,Telugu,post_covid,0.5599999837577343,ok,True,"Drama, Family, Social",Drama,UA,U/A 13+,True,,19 Jun 2026,False,Munishkanth; Aruldoss; Balaji Sakthivel; Vijay Antony; Karunas; Lijomol Jose; Swasika,Sasi,,1,2.718000522513058,5,1.312,2.4537,0,Friday,6,0.0,0.0,Rs1.84 Cr,Rs1.65 Cr,₹0.00 Cr,,,Vanda_Devullu_2026,,1544326.0
Varudu Kaavalenu,2021,Telugu,during_covid,3.759999990463257,ok,True,Romantic,Romantic,UA,U/A,True,133.0,29 Oct 2021,False,Naga Shaurya; Vennela Kishore; Murali Sharma; Ritu Varma; Zareena Moidu,Lakshmi Sowjanya,Sithara Entertainments,1,2.9830898567956425,10,1.9806,0.874,0,Friday,10,7.045,11.0,Rs4.3 Cr,Rs5.43 Cr,Rs1.3 Cr,,,Varudu_Kaavalenu_2021,Varudu Kaavalenu,801505.0
Vishnu Vinyasam,2026,Telugu,post_covid,6.75,ok,True,"Comedy, Drama, Romantic",Comedy,UA,U/A 16+,True,119.0,27 Feb 2026,False,Sathya; Sree Vishnu; Murali Sharma; Brahmaji; Nayan Sarika,Yadunaath Maruthi Rao,,1,2.389975828379064,19,1.2503,3.1524,0,Friday,2,6.167,6.0,Rs17.6 Cr,Rs12.54 Cr,Rs2.9 Cr,,,Vishnu_Vinyasam_2026,Vishnu Vinyasam,1441149.0
Wild Dog,2021,Telugu,during_covid,4.199999928474426,ok,True,"Action, Thriller",Action,UA,UA,True,127.0,02 Apr 2021,False,Nagarjuna Akkineni; Atul Kulkarni; Saiyami Kher; Dia Mirza,Ashishor Solomon,Matinee Entertainments,1,2.575363808336237,2,2.2006,1.548,0,Friday,4,5.435,23.0,Rs7.6 Cr,Rs5.95 Cr,Rs0.55 Cr,Rs25.0 Cr,25.0,Wild_Dog_2021,Wild Dog (film),802068.0
World Famous Lover,2020,Telugu,during_covid,10.649999856948853,ok,True,"Drama, Romantic",Drama,UA,UA,True,148.0,14 Feb 2020,False,Vijay Deverakonda; Aishwarya Rajesh; Catherine Tresa; Raashi Khanna; Izabelle Leite,Kranthi Madhav,Creative Commercials,1,2.995732273553991,1,2.7532,1.0489,0,Friday,2,5.4,24.0,Rs17.0 Cr,Rs11.5 Cr,Rs2.5 Cr,Rs35.0 Cr,35.0,World_Famous_Lover_2020,World Famous Lover,659674.0
Zombie Reddy,2021,Telugu,during_covid,5.550000071525574,ok,True,"Action, Horror",Action,,,False,125.0,05 Feb 2021,False,Teja Sajja; Anandhi; Daksha Nagarkar,Prasanth Varma,Apple Trees Studios,1,,0,0.943,1.0135,0,Friday,2,6.063,16.0,Rs11.0 Cr,Rs9.31 Cr,Rs0.2 Cr,Rs4.0 Cr,4.0,Zombie_Reddy_2021,Zombie Reddy,773303.0
Peddi,2026,Telugu,post_covid,77.80000114440918,ok,True,"Action, Drama, Sports",Action,UA,U/A,True,189.0,04 Jun 2026,False,Divyendu Sharma; Ram Charan; Jagapathi Babu; Shivarajkumar; Janhvi Kapoor,Bucchi Babu,,1,4.324568886150487,13,3.3341,9.6401,0,Thursday,6,5.8,69.0,Rs341.9 Cr,Rs217.86 Cr,Rs52.9 Cr,Rs350.0 Cr,350.0,peddi_2026,Peddi,1057265.0
